window,t,pred,true
0,0,0.438067,0.351341
0,1,0.330098,0.063353
0,2,0.250708,0.143866
0,3,0.305101,0.028774
0,4,0.308371,0.086234
0,5,0.381055,0.086234
0,6,0.482357,0.293709
0,7,0.467130,-0.109542
0,8,-0.331890,-1.515418
0,9,-1.227404,-2.828909
0,10,-1.847560,-3.451162
0,11,-2.166129,-3.647111
0,12,-2.489535,-3.589479
0,13,-2.401870,-3.186228
0,14,-1.896906,-3.370650
0,15,-1.362292,-2.610080
0,16,-0.890893,-1.307943
0,17,-0.168842,-0.063437
0,18,-0.095565,-0.005805
0,19,-0.067634,0.051827
0,20,-0.056899,0.017248
0,21,-0.007752,-0.190227
0,22,0.164122,0.120813
0,23,0.384901,0.570342
0,24,0.506601,0.408973
0,25,0.411765,0.685434
0,26,0.325238,0.662382
0,27,0.354326,0.673908
0,28,0.352623,0.708487
0,29,0.413722,0.558816
0,30,0.477722,0.892909
0,31,0.494469,0.627974
0,32,-0.245342,-1.088941
0,33,-1.218594,-2.494816
0,34,-1.811402,-3.428110
0,35,-2.203215,-3.992731
0,36,-2.510033,-4.488365
0,37,-2.444164,-4.557352
0,38,-2.028882,-2.010880
0,39,-1.410190,-3.024858
0,40,-0.904855,-0.639584
0,41,-0.101227,-0.178701
0,42,-0.056005,-0.063437
0,43,-0.034154,-0.063437
0,44,-0.053279,-0.109542
0,45,-0.008826,-0.247859
0,46,0.146263,-0.351596
0,47,0.377946,0.213024
0,48,0.514304,0.109287
0,49,0.490828,0.293709
0,50,0.409574,0.155392
0,51,0.421472,0.132340
0,52,0.409616,0.143866
0,53,0.432876,0.040301
0,54,0.482586,0.086234
0,55,0.465256,0.155392
0,56,-0.359816,-0.535847
0,57,-1.285330,-0.720269
0,58,-1.890820,-1.964774
0,59,-2.208413,-1.596102
0,60,-2.495617,-3.877639
0,61,-2.424041,-2.898068
0,62,-1.950445,-2.967226
0,63,-1.420811,-2.264289
1,0,-1.019254,-1.204205
1,1,-0.213700,-0.040384
1,2,-0.089147,0.074708
1,3,-0.017115,0.017248
1,4,-0.025714,-0.132595
1,5,-0.018607,-0.109542
1,6,0.046967,0.097761
1,7,0.268617,0.662382
1,8,0.349709,0.673908
1,9,0.363411,0.685434
1,10,0.311552,0.432026
1,11,0.363842,0.316762
1,12,0.373621,0.339815
1,13,0.365644,0.408973
1,14,0.514276,0.455079
1,15,0.551691,0.432026
1,16,-0.553287,-0.754848
1,17,-1.748541,-2.045459
1,18,-2.475755,-2.690765
1,19,-2.756678,-3.117069
1,20,-3.387735,-2.898068
1,21,-3.235091,-3.359123
1,22,-2.714424,-1.400154
1,23,-2.095532,-1.837984
1,24,-1.127740,-1.181152
1,25,-0.247831,-0.098016
1,26,-0.060955,-0.063437
1,27,0.024543,0.028774
1,28,0.014617,-0.132595
1,29,-0.001906,0.063353
1,30,0.061530,0.120813
1,31,0.301325,0.512711
1,32,0.395363,0.743066
1,33,0.403533,0.604922
1,34,0.361609,0.501184
1,35,0.394023,0.408973
1,36,0.383281,0.627974
1,37,0.360895,0.293709
1,38,0.476802,0.604922
1,39,0.457484,0.385920
1,40,-0.810453,-0.996902
1,41,-1.976900,-2.667712
1,42,-2.822443,-3.405057
1,43,-3.071615,-3.750849
1,44,-3.546949,-4.522944
1,45,-3.346485,-4.050363
1,46,-2.750700,-3.301491
1,47,-2.159526,-2.552448
1,48,-1.095778,-1.227258
1,49,-0.271497,-0.040384
1,50,-0.154188,0.017248
1,51,-0.068635,-0.028858
1,52,-0.045645,-0.098016
1,53,-0.024951,0.028774
1,54,0.049222,0.432026
1,55,0.340311,0.604922
1,56,0.401408,0.835277
1,57,0.431691,0.731540
1,58,0.376222,0.570342
1,59,0.399503,0.662382
1,60,0.401470,0.869857
1,61,0.394510,0.616448
1,62,0.513495,0.673908
1,63,0.526335,0.743066
2,0,-0.440189,-0.293965
2,1,-1.918144,-1.019955
2,2,-2.848079,-0.570426
2,3,-3.327132,-0.363123
2,4,-3.869586,-2.229709
2,5,-3.716764,-2.506343
2,6,-2.764512,-2.633133
2,7,-2.290572,-2.771450
2,8,-1.118306,-1.400154
2,9,0.015264,-0.178701
2,10,0.242202,-0.074963
2,11,0.212012,-0.167174
2,12,0.163816,-0.282438
2,13,0.213418,-0.282438
2,14,0.346400,-0.270912
2,15,0.652247,-0.005805
2,16,0.761038,0.143866
2,17,0.816578,0.120813
2,18,0.781597,0.189972
2,19,0.790885,0.109287
2,20,0.756666,0.040301
2,21,0.694755,0.236077
2,22,0.720335,0.293709
2,23,0.650304,0.466605
2,24,-0.608287,-0.881638
2,25,-1.870837,-2.667712
2,26,-2.777447,-3.186228
2,27,-3.256469,-2.598554
2,28,-3.698952,-3.877639
2,29,-3.565430,-3.820007
2,30,-2.828310,-3.520321
2,31,-2.217743,-2.471764
2,32,-1.117226,-1.365574
2,33,-0.022704,-0.040384
2,34,0.160783,-0.017331
2,35,0.166124,-0.086490
2,36,0.139297,-0.247859
2,37,0.198378,0.224551
2,38,0.377501,0.236077
2,39,0.658110,0.547290
2,40,0.770273,0.547290
2,41,0.770269,0.547290
2,42,0.702674,0.547290
2,43,0.735454,0.547290
2,44,0.745409,0.547290
2,45,0.703684,0.547290
2,46,0.675592,0.547290
2,47,0.636785,0.547290
2,48,-0.672100,0.547290
2,49,-1.968095,0.547290
2,50,-2.936949,0.547290
2,51,-3.465070,0.547290
2,52,-3.732714,0.547290
2,53,-3.546409,0.547290
2,54,-2.791271,0.547290
2,55,-2.227880,0.547290
2,56,-1.168747,0.547290
2,57,-0.041250,0.547290
2,58,0.208238,0.547290
2,59,0.185199,0.547290
2,60,0.134996,0.547290
2,61,0.192369,0.547290
2,62,0.328255,0.547290
2,63,0.587140,0.547290
3,0,0.635146,0.696961
3,1,0.554477,0.696961
3,2,0.484355,0.466605
3,3,0.495000,0.443552
3,4,0.515945,0.443552
3,5,0.552414,0.374394
3,6,0.552808,0.696961
3,7,0.525230,0.408973
3,8,0.350879,-0.939270
3,9,0.087757,-2.621607
3,10,-0.095958,-3.266912
3,11,-0.218045,-3.693217
3,12,-0.402722,-4.038836
3,13,-0.436547,-3.866112
3,14,-0.290444,-3.243860
3,15,-0.098644,-2.506343
3,16,0.127633,-1.388627
3,17,0.363498,-0.121069
3,18,0.417185,0.028774
3,19,0.409268,-0.028858
3,20,0.387642,-0.132595
3,21,0.442557,-0.155648
3,22,0.540698,-0.063437
3,23,0.665609,-0.098016
3,24,0.659384,0.189972
3,25,0.595374,0.155392
3,26,0.509630,0.282183
3,27,0.493448,0.074708
3,28,0.515909,0.074708
3,29,0.539121,0.028774
3,30,0.553544,0.143866
3,31,0.529767,0.086234
3,32,0.301793,-1.227258
3,33,-0.017539,-2.610080
3,34,-0.219426,-3.589479
3,35,-0.377294,-3.900692
3,36,-0.602061,-3.866112
3,37,-0.627841,-3.808480
3,38,-0.451575,-3.428110
3,39,-0.231604,-2.587028
3,40,0.012123,-1.330995
3,41,0.258247,-0.017331
3,42,0.334144,0.086234
3,43,0.332448,-0.109542
3,44,0.326781,-0.178701
3,45,0.386303,-0.167174
3,46,0.486432,0.293709
3,47,0.612280,0.478131
3,48,0.641506,0.512711
3,49,0.625967,0.662382
3,50,0.522420,0.351341
3,51,0.500429,0.524237
3,52,0.525166,0.535763
3,53,0.558492,0.236077
3,54,0.553321,0.639501
3,55,0.459739,0.581869
3,56,0.156544,-0.432281
3,57,-0.239172,-1.745773
3,58,-0.460451,-2.379553
3,59,-0.635797,-2.610080
3,60,-0.820279,-2.794502
3,61,-0.861509,-2.610080
3,62,-0.629385,-1.884090
3,63,-0.428107,-1.319469
4,0,-0.647400,-0.512794
4,1,0.091203,0.201498
4,2,0.113594,0.074708
4,3,0.079504,-0.074963
4,4,0.059626,-0.121069
4,5,0.130302,-0.155648
4,6,0.262004,-0.201753
4,7,0.471826,0.155392
4,8,0.529965,0.178445
4,9,0.518940,0.282183
4,10,0.476426,-0.051910
4,11,0.494511,-0.028858
4,12,0.493125,0.132340
4,13,0.445970,0.086234
4,14,0.590085,0.063353
4,15,0.675170,0.362867
4,16,-0.381310,-1.388627
4,17,-1.715869,-2.679239
4,18,-2.373927,-3.416583
4,19,-2.715105,-3.716269
4,20,-3.049932,-4.234785
4,21,-2.946493,-4.096468
4,22,-2.386852,-3.508794
4,23,-1.845078,-2.771450
4,24,-0.978307,-1.480838
4,25,-0.036727,-0.017331
4,26,0.030327,0.040301
4,27,0.048636,-0.051910
4,28,0.050866,-0.167174
4,29,0.103767,0.120813
4,30,0.223419,0.293709
4,31,0.445749,0.259130
4,32,0.546537,0.627974
4,33,0.562162,0.524237
4,34,0.536459,0.224551
4,35,0.529416,0.282183
4,36,0.500416,0.489658
4,37,0.433707,0.385920
4,38,0.562463,0.524237
4,39,0.603528,0.501184
4,40,-0.536342,-1.192679
4,41,-1.749515,-2.575501
4,42,-2.524966,-3.577952
4,43,-2.819795,-3.923744
4,44,-3.198550,-4.396154
4,45,-3.080261,-4.096468
4,46,-2.482109,-3.520321
4,47,-1.987399,-2.656186
4,48,-1.045879,-1.330995
4,49,-0.122784,0.063353
4,50,-0.116316,0.097761
4,51,-0.102523,0.051827
4,52,-0.061079,-0.005805
4,53,0.013098,0.259130
4,54,0.143955,0.259130
4,55,0.376863,0.443552
4,56,0.449936,0.443552
4,57,0.466899,0.685434
4,58,0.414552,0.685434
4,59,0.397809,0.512711
4,60,0.377181,0.812225
4,61,0.342769,0.754593
4,62,0.471569,0.662382
4,63,0.511254,0.950541
5,0,-0.313422,-0.962323
5,1,-1.811224,-2.598554
5,2,-2.686431,-2.425658
5,3,-2.995946,-3.577952
5,4,-3.631182,-4.119521
5,5,-3.529221,-3.174701
5,6,-2.873429,-3.266912
5,7,-2.252399,-1.469312
5,8,-1.072851,-0.535847
5,9,0.136660,0.040301
5,10,0.282528,0.086234
5,11,0.239206,0.017248
5,12,0.180315,-0.098016
5,13,0.255862,-0.028858
5,14,0.357892,0.351341
5,15,0.565704,0.385920
5,16,0.661977,0.639501
5,17,0.704322,0.685434
5,18,0.668184,0.397447
5,19,0.633940,0.501184
5,20,0.636968,0.639501
5,21,0.603267,0.581869
5,22,0.643757,0.685434
5,23,0.631220,0.685434
5,24,-0.647690,-1.354048
5,25,-1.972885,-0.201753
5,26,-2.797717,0.236077
5,27,-3.081179,-0.293965
5,28,-3.567655,-0.858585
5,29,-3.443414,-1.526944
5,30,-2.891005,-1.538470
5,31,-2.207998,-2.414132
5,32,-0.998829,-0.535847
5,33,0.191867,0.074708
5,34,0.252501,0.120813
5,35,0.191045,0.109287
5,36,0.136741,0.028774
5,37,0.221329,0.017248
5,38,0.344773,0.063353
5,39,0.519914,0.385920
5,40,0.603644,0.362867
5,41,0.609880,0.385920
5,42,0.537060,0.213024
5,43,0.531797,0.224551
5,44,0.586078,0.282183
5,45,0.561219,0.132340
5,46,0.528766,0.063353
5,47,0.539532,0.455079
5,48,-0.702126,-0.478387
5,49,-2.160160,-1.734247
5,50,-3.074832,-2.529395
5,51,-3.526849,-2.863488
5,52,-3.846643,-3.174701
5,53,-3.644587,-3.439636
5,54,-3.041253,-2.759923
5,55,-2.377342,-1.561523
5,56,-1.163563,-1.008428
5,57,0.094338,-0.051910
5,58,0.243885,0.028774
5,59,0.150748,0.040301
5,60,0.077403,-0.132595
5,61,0.179820,0.097761
5,62,0.288340,0.489658
5,63,0.448456,0.627974
6,0,0.761997,0.685434
6,1,0.666254,0.673908
6,2,0.496270,0.593395
6,3,0.503667,0.293709
6,4,0.531906,0.362867
6,5,0.487704,0.524237
6,6,0.502434,0.466605
6,7,0.650593,0.639501
6,8,-0.731779,-1.307943
6,9,-2.010201,-2.782976
6,10,-2.730928,-3.566427
6,11,-3.060869,-3.969678
6,12,-3.557857,-4.188679
6,13,-3.408311,-4.050363
6,14,-2.681928,-3.474215
6,15,-2.007342,-2.587028
6,16,-0.950238,-0.996902
6,17,-0.072148,0.017248
6,18,-0.029718,0.143866
6,19,-0.038485,-0.005805
6,20,-0.002783,-0.074963
6,21,0.169429,0.270656
6,22,0.368248,0.328288
6,23,0.554524,0.512711
6,24,0.672071,0.673908
6,25,0.626888,0.512711
6,26,0.477058,0.316762
6,27,0.486737,0.259130
6,28,0.554347,0.247604
6,29,0.514314,0.247604
6,30,0.502458,0.397447
6,31,0.624290,0.524237
6,32,-0.621578,-0.236333
6,33,-1.940649,-0.293965
6,34,-2.590322,-0.927744
6,35,-3.005939,-1.549997
6,36,-3.420218,-3.750849
6,37,-3.287509,-1.561523
6,38,-2.601739,-1.043008
6,39,-1.873280,-0.535847
6,40,-0.897540,-0.374649
6,41,0.024075,0.040301
6,42,0.088554,0.109287
6,43,0.029351,0.017248
6,44,0.015554,0.017248
6,45,0.146039,-0.040384
6,46,0.306942,0.385920
6,47,0.476435,0.777645
6,48,0.621753,0.581869
6,49,0.665704,0.432026
6,50,0.530346,0.501184
6,51,0.528767,0.328288
6,52,0.611540,0.397447
6,53,0.553102,0.627974
6,54,0.484511,0.478131
6,55,0.560444,0.731540
6,56,-0.919795,-0.351596
6,57,-2.138812,-1.296416
6,58,-2.797830,-2.805857
6,59,-3.123267,-3.117069
6,60,-3.548609,-2.183776
6,61,-3.432102,-2.633133
6,62,-2.776455,-1.008428
6,63,-2.072645,-0.685690
7,0,-0.368989,-0.270912
7,1,0.218080,0.086234
7,2,0.185755,0.040301
7,3,0.109539,0.040301
7,4,0.093333,-0.040384
7,5,0.205609,0.374394
7,6,0.336445,0.466605
7,7,0.523690,0.489658
7,8,0.589917,0.627974
7,9,0.568017,0.489658
7,10,0.496805,0.673908
7,11,0.509360,0.362867
7,12,0.532606,0.224551
7,13,0.439960,0.328288
7,14,0.561387,0.351341
7,15,0.779814,0.558816
7,16,-0.447231,-0.051910
7,17,-1.683926,-0.409228
7,18,-2.359620,-1.400154
7,19,-2.851640,-1.538470
7,20,-3.303427,-1.826458
7,21,-3.154503,-1.434733
7,22,-2.424822,-1.423206
7,23,-1.761887,-0.593479
7,24,-0.860773,-0.190227
7,25,-0.009072,0.178445
7,26,0.053410,0.097761
7,27,0.024701,0.063353
7,28,0.041143,-0.051910
7,29,0.147047,0.063353
7,30,0.292077,0.143866
7,31,0.514087,0.282183
7,32,0.662295,0.558816
7,33,0.677941,0.604922
7,34,0.628102,0.570342
7,35,0.609910,0.397447
7,36,0.581243,0.109287
7,37,0.471902,0.270656
7,38,0.590038,0.259130
7,39,0.705731,0.616448
7,40,-0.577929,0.247604
7,41,-1.772321,-0.005805
7,42,-2.547026,0.074708
7,43,-2.920248,-0.466860
7,44,-3.402866,-0.328544
7,45,-3.253510,-0.293965
7,46,-2.636390,-0.317017
7,47,-1.944910,-0.074963
7,48,-0.932132,-0.040384
7,49,-0.108466,0.132340
7,50,-0.087425,0.120813
7,51,-0.078375,0.201498
7,52,-0.020588,0.189972
7,53,0.073161,0.478131
7,54,0.198135,0.478131
7,55,0.380560,0.639501
7,56,0.482111,0.835277
7,57,0.485607,0.812225
7,58,0.414299,0.766119
7,59,0.398844,0.616448
7,60,0.416163,0.777645
7,61,0.350081,0.351341
7,62,0.464722,0.696961
7,63,0.603340,1.100384
8,0,0.441445,0.005722
8,1,-0.317120,-0.939270
8,2,-0.972239,-0.409228
8,3,-1.330976,-1.123520
8,4,-1.756254,-1.469312
8,5,-1.670393,-1.330995
8,6,-1.307591,-1.330995
8,7,-0.850570,-0.777901
8,8,-0.298713,-0.363123
8,9,0.125406,0.166919
8,10,0.298857,0.166919
8,11,0.293440,0.178445
8,12,0.309684,0.282183
8,13,0.418457,0.201498
8,14,0.514890,0.466605
8,15,0.663587,0.639501
8,16,0.765406,0.789172
8,17,0.813893,0.339815
8,18,0.765729,0.362867
8,19,0.698174,0.397447
8,20,0.629941,0.432026
8,21,0.549817,0.524237
8,22,0.592213,0.282183
8,23,0.714640,0.673908
8,24,-0.110395,0.040301
8,25,-1.016331,-1.342522
8,26,-1.733412,-2.298868
8,27,-2.083092,-2.552448
8,28,-2.377218,-3.382004
8,29,-2.217339,-2.932647
8,30,-1.724131,-2.183776
8,31,-1.072023,-1.814932
8,32,-0.359231,-0.581952
8,33,0.240257,0.097761
8,34,0.345153,0.097761
8,35,0.325957,0.051827
8,36,0.336039,-0.086490
8,37,0.459097,0.213024
8,38,0.588782,0.178445
8,39,0.716589,0.362867
8,40,0.805874,0.328288
8,41,0.825941,0.639501
8,42,0.736013,0.489658
8,43,0.638412,0.731540
8,44,0.574646,0.581869
8,45,0.459721,0.743066
8,46,0.410925,0.789172
8,47,0.571000,0.985120
8,48,-0.330363,0.316762
8,49,-1.300312,-0.535847
8,50,-2.077150,-0.766374
8,51,-2.497753,-0.293965
8,52,-2.756237,-0.466860
8,53,-2.560843,-0.397702
8,54,-2.035500,-0.777901
8,55,-1.332093,-0.317017
8,56,-0.561427,-0.051910
8,57,0.099730,0.178445
8,58,0.218139,0.074708
8,59,0.217134,0.155392
8,60,0.209745,0.120813
8,61,0.345481,-0.213280
8,62,0.453466,-0.167174
8,63,0.583146,0.328288
9,0,0.527675,0.478131
9,1,0.452037,0.385920
9,2,0.360263,0.385920
9,3,0.374442,0.155392
9,4,0.372140,0.259130
9,5,0.392486,0.397447
9,6,0.460441,0.385920
9,7,0.566196,0.316762
9,8,-0.156215,0.132340
9,9,-0.919515,-0.201753
9,10,-1.398609,0.109287
9,11,-1.606192,-0.017331
9,12,-1.926047,-0.893165
9,13,-1.834996,-0.455334
9,14,-1.385617,-0.789427
9,15,-0.933069,-0.201753
9,16,-0.449614,0.063353
9,17,0.014984,0.120813
9,18,0.098453,0.086234
9,19,0.095869,-0.063437
9,20,0.103669,-0.201753
9,21,0.221627,-0.201753
9,22,0.354414,0.166919
9,23,0.541785,0.432026
9,24,0.622101,0.397447
9,25,0.583565,0.662382
9,26,0.499387,0.293709
9,27,0.485491,0.489658
9,28,0.485429,0.247604
9,29,0.475824,0.397447
9,30,0.508982,0.570342
9,31,0.672922,0.915962
9,32,-0.172992,0.420499
9,33,-1.119845,-0.259385
9,34,-1.628948,-1.261837
9,35,-2.019009,-1.676615
9,36,-2.322897,-1.503891
9,37,-2.216407,-2.218355
9,38,-1.815887,-2.022407
9,39,-1.180002,-1.653562
9,40,-0.583567,-0.616531
9,41,0.049094,0.120813
9,42,0.074712,0.166919
9,43,0.081195,0.051827
9,44,0.098207,-0.051910
9,45,0.233860,-0.109542
9,46,0.385857,-0.155648
9,47,0.563947,0.063353
9,48,0.648737,0.259130
9,49,0.667424,0.143866
9,50,0.572444,0.086234
9,51,0.544477,-0.040384
9,52,0.520212,0.005722
9,53,0.454356,0.132340
9,54,0.412608,0.293709
9,55,0.568807,0.720013
9,56,-0.381507,0.236077
9,57,-1.251303,-0.432281
9,58,-1.741883,-1.503891
9,59,-2.092543,-0.535847
9,60,-2.351896,-1.653562
9,61,-2.248148,-1.837984
9,62,-1.715195,-0.916217
9,63,-1.196362,-0.697216
10,0,-0.225180,-0.201753
10,1,0.115806,0.247604
10,2,0.051930,0.247604
10,3,0.010231,0.166919
10,4,0.000936,0.051827
10,5,0.040417,0.213024
10,6,0.100959,0.408973
10,7,0.254218,0.524237
10,8,0.341730,0.731540
10,9,0.399647,0.639501
10,10,0.381434,0.639501
10,11,0.356549,0.639501
10,12,0.335069,0.455079
10,13,0.314493,0.593395
10,14,0.480389,0.604922
10,15,0.834937,1.146490
10,16,0.151513,0.650855
10,17,-0.703303,-0.466860
10,18,-1.199043,-1.031481
10,19,-1.351855,-0.847059
10,20,-1.776362,-3.163175
10,21,-1.808185,-0.881638
10,22,-1.533561,-0.985376
10,23,-1.033880,-1.008428
10,24,-0.354079,0.028774
10,25,0.049145,0.178445
10,26,0.074243,0.374394
10,27,0.096106,0.293709
10,28,0.132175,0.086234
10,29,0.161194,0.305236
10,30,0.213445,0.213024
10,31,0.348304,0.627974
10,32,0.434100,0.950541
10,33,0.484454,0.939015
10,34,0.439298,0.869857
10,35,0.383817,0.685434
10,36,0.329238,0.604922
10,37,0.295424,0.892909
10,38,0.425379,0.846804
10,39,0.684145,1.169543
10,40,-0.041432,0.166919
10,41,-0.905406,-0.236333
10,42,-1.505820,-0.466860
10,43,-1.689970,-0.662637
10,44,-2.161216,-1.365574
10,45,-2.172909,-2.172250
10,46,-1.829978,-0.824006
10,47,-1.308571,-0.466860
10,48,-0.545499,-0.051910
10,49,-0.086309,0.259130
10,50,-0.065691,0.385920
10,51,-0.002357,0.316762
10,52,0.075692,0.166919
10,53,0.135024,-0.063437
10,54,0.184084,0.028774
10,55,0.302706,0.132340
10,56,0.384139,0.570342
10,57,0.407829,0.478131
10,58,0.373065,0.455079
10,59,0.290634,0.512711
10,60,0.247740,0.535763
10,61,0.221972,0.466605
10,62,0.360661,0.408973
10,63,0.625981,0.443552
11,0,-0.093092,-0.247859
11,1,-0.996570,-1.895616
11,2,-1.669689,-2.679239
11,3,-1.877197,-2.828909
11,4,-2.487093,-3.577952
11,5,-2.408708,-3.520321
11,6,-1.825886,-1.722721
11,7,-1.255077,-1.227258
11,8,-0.378740,-0.777901
11,9,0.211980,0.120813
11,10,0.285649,0.189972
11,11,0.215386,0.143866
11,12,0.137502,0.097761
11,13,0.181617,-0.063437
11,14,0.237849,-0.132595
11,15,0.417600,0.328288
11,16,0.585655,0.420499
11,17,0.630566,0.512711
11,18,0.639471,0.385920
11,19,0.611241,0.143866
11,20,0.596067,0.201498
11,21,0.561829,0.189972
11,22,0.566154,0.259130
11,23,0.666903,0.478131
11,24,-0.036767,0.040301
11,25,-0.959553,-2.529395
11,26,-1.647267,-3.001805
11,27,-1.816015,-3.451162
11,28,-2.344861,-4.061889
11,29,-2.253699,-3.577952
11,30,-1.721431,-3.243860
11,31,-1.117414,-2.183776
11,32,-0.270375,-0.363123
11,33,0.219709,0.189972
11,34,0.295902,0.247604
11,35,0.243803,0.166919
11,36,0.194954,0.120813
11,37,0.260829,-0.028858
11,38,0.338513,0.316762
11,39,0.501963,0.535763
11,40,0.617612,0.869857
11,41,0.619013,1.100384
11,42,0.601807,1.077331
11,43,0.576713,0.892909
11,44,0.578803,0.789172
11,45,0.528051,1.008173
11,46,0.520934,1.042752
11,47,0.695438,1.192595
11,48,0.043075,0.178445
11,49,-0.838330,-2.356500
11,50,-1.554189,-3.024858
11,51,-1.744155,-3.462689
11,52,-2.277996,-3.370650
11,53,-2.199459,-3.854586
11,54,-1.697507,-1.826458
11,55,-1.166085,-1.434733
11,56,-0.402211,-0.455334
11,57,0.153212,0.178445
11,58,0.242236,0.213024
11,59,0.200722,0.120813
11,60,0.129853,0.247604
11,61,0.188232,0.213024
11,62,0.262895,0.408973
11,63,0.429708,0.800698
12,0,1.032899,1.146490
12,1,0.984926,1.111911
12,2,0.893051,0.892909
12,3,0.810020,0.892909
12,4,0.760317,1.077331
12,5,0.787946,0.754593
12,6,0.796790,0.650855
12,7,1.193139,1.019699
12,8,-0.222259,0.293709
12,9,-1.974747,-1.688141
12,10,-2.911163,-2.045459
12,11,-3.129565,-3.082490
12,12,-3.513797,-2.713818
12,13,-3.290145,-2.679239
12,14,-2.325788,-2.598554
12,15,-1.537156,-0.893165
12,16,-0.475446,-0.109542
12,17,0.182975,0.178445
12,18,0.215217,0.189972
12,19,0.211916,0.109287
12,20,0.276609,0.028774
12,21,0.391319,0.236077
12,22,0.540771,0.374394
12,23,0.750785,0.858330
12,24,0.940353,0.754593
12,25,0.928364,0.708487
12,26,0.854394,0.639501
12,27,0.768140,0.789172
12,28,0.734486,0.639501
12,29,0.781811,0.881383
12,30,0.789564,0.662382
12,31,1.123333,0.881383
12,32,-0.099045,0.385920
12,33,-1.747967,-2.126144
12,34,-2.609548,-2.898068
12,35,-2.935288,-3.393531
12,36,-3.282019,-4.050363
12,37,-3.150948,-3.773901
12,38,-2.327589,-2.932647
12,39,-1.486279,-2.033933
12,40,-0.476045,-0.178701
12,41,0.282597,0.189972
12,42,0.335101,0.132340
12,43,0.292768,0.028774
12,44,0.268211,-0.063437
12,45,0.332597,-0.098016
12,46,0.448032,0.166919
12,47,0.670512,0.512711
12,48,0.902165,0.501184
12,49,0.970124,0.432026
12,50,0.936035,0.247604
12,51,0.848041,0.558816
12,52,0.835340,0.535763
12,53,0.851609,0.501184
12,54,0.829194,0.662382
12,55,1.055526,0.673908
12,56,-0.193899,-0.005805
12,57,-1.549778,-1.745773
12,58,-2.399636,-2.621607
12,59,-2.647363,-3.313018
12,60,-3.073192,-3.796954
12,61,-2.932339,-3.508794
12,62,-2.033486,-2.967226
12,63,-1.339939,-2.091565
13,0,-0.619986,-0.374649
13,1,-0.018733,0.143866
13,2,-0.009951,0.109287
13,3,0.020759,0.063353
13,4,0.031906,-0.074963
13,5,0.084664,0.189972
13,6,0.194533,0.201498
13,7,0.420864,0.420499
13,8,0.583167,0.673908
13,9,0.624441,0.593395
13,10,0.619217,0.604922
13,11,0.654847,0.385920
13,12,0.653978,0.512711
13,13,0.619971,0.604922
13,14,0.648244,0.823751
13,15,1.060807,1.054279
13,16,0.065934,0.420499
13,17,-1.723690,0.017248
13,18,-2.515994,-0.236333
13,19,-2.980016,-0.512794
13,20,-3.447043,-0.858585
13,21,-3.326953,-0.720269
13,22,-2.548235,-0.939270
13,23,-1.752509,-1.446259
13,24,-0.585319,-0.478387
13,25,-0.031698,0.097761
13,26,0.049002,0.040301
13,27,0.093859,-0.017331
13,28,0.083746,-0.098016
13,29,0.100871,-0.132595
13,30,0.199925,0.178445
13,31,0.456353,0.489658
13,32,0.640180,0.385920
13,33,0.693851,0.397447
13,34,0.676015,0.432026
13,35,0.677504,0.420499
13,36,0.640532,0.662382
13,37,0.579081,0.627974
13,38,0.592494,0.708487
13,39,0.923845,0.973594
13,40,-0.088869,0.547290
13,41,-1.848143,0.466605
13,42,-2.771916,-0.581952
13,43,-3.150529,-0.777901
13,44,-3.570807,-1.169626
13,45,-3.433521,-1.676615
13,46,-2.620855,-0.317017
13,47,-1.765948,-0.270912
13,48,-0.520334,0.097761
13,49,0.030401,0.247604
13,50,0.075808,0.132340
13,51,0.062227,0.143866
13,52,0.088766,0.074708
13,53,0.105140,0.005722
13,54,0.170852,0.316762
13,55,0.459503,0.673908
13,56,0.575154,0.754593
13,57,0.624027,0.639501
13,58,0.601478,0.754593
13,59,0.593944,0.639501
13,60,0.563327,0.616448
13,61,0.533940,0.639501
13,62,0.546028,0.408973
13,63,0.841214,0.558816
14,0,0.164505,0.708487
14,1,-1.096442,0.063353
14,2,-1.940973,0.178445
14,3,-2.221678,0.063353
14,4,-2.824903,-0.328544
14,5,-2.756467,-0.535847
14,6,-1.967785,-0.224806
14,7,-1.406058,-0.293965
14,8,-0.372505,0.166919
14,9,0.164556,0.616448
14,10,0.248977,0.339815
14,11,0.183819,0.282183
14,12,0.163558,0.178445
14,13,0.213664,0.236077
14,14,0.323504,0.259130
14,15,0.573995,0.604922
14,16,0.705148,0.673908
14,17,0.754782,0.570342
14,18,0.788378,0.673908
14,19,0.751935,0.789172
14,20,0.703788,0.604922
14,21,0.655375,0.455079
14,22,0.651300,0.455079
14,23,0.764024,0.996647
14,24,0.145466,0.385920
14,25,-1.043907,-1.227258
14,26,-1.910058,-0.524320
14,27,-2.249281,-1.111994
14,28,-2.757564,-3.727796
14,29,-2.686272,-2.160723
14,30,-1.961741,-1.757300
14,31,-1.319449,-0.824006
14,32,-0.311770,0.754593
14,33,0.202632,1.261582
14,34,0.244729,1.330740
14,35,0.175793,1.480583
14,36,0.167604,1.273108
14,37,0.253749,0.996647
14,38,0.394064,1.365319
14,39,0.596214,1.676532
14,40,0.723743,1.699584
14,41,0.731994,1.618900
14,42,0.740885,1.572794
14,43,0.724563,1.307687
14,44,0.728726,1.307687
14,45,0.689714,1.446004
14,46,0.650743,1.261582
14,47,0.826276,1.561268
14,48,0.198678,1.181069
14,49,-1.051176,0.846804
14,50,-1.997527,0.316762
14,51,-2.412579,-0.247859
14,52,-2.789817,-0.939270
14,53,-2.702379,-0.939270
14,54,-2.057878,-1.457786
14,55,-1.428253,-0.847059
14,56,-0.426231,0.731540
14,57,0.167237,1.215648
14,58,0.231911,0.305236
14,59,0.202017,0.316762
14,60,0.173567,0.189972
14,61,0.247743,0.063353
14,62,0.345383,0.455079
14,63,0.534636,0.501184
15,0,0.833746,0.627974
15,1,0.749349,0.385920
15,2,0.690660,0.535763
15,3,0.635978,0.374394
15,4,0.621945,0.328288
15,5,0.666424,0.282183
15,6,0.682236,0.535763
15,7,0.827104,0.858330
15,8,0.411118,0.570342
15,9,-0.436732,-0.293965
15,10,-1.032268,-0.847059
15,11,-1.196735,-2.817383
15,12,-1.927925,-3.462689
15,13,-1.912341,-1.538470
15,14,-1.361036,-0.236333
15,15,-0.930959,-0.270912
15,16,0.072540,-0.697216
15,17,0.557450,0.362867
15,18,0.421678,0.270656
15,19,0.361625,0.247604
15,20,0.357268,0.166919
15,21,0.422041,0.005722
15,22,0.582537,0.501184
15,23,0.785103,0.869857
15,24,0.940191,0.858330
15,25,0.886345,0.558816
15,26,0.832489,0.420499
15,27,0.737929,0.489658
15,28,0.709869,0.570342
15,29,0.741597,0.720013
15,30,0.728080,0.535763
15,31,0.933579,1.019699
15,32,0.586917,0.558816
15,33,-0.512404,-0.547373
15,34,-1.077940,-1.469312
15,35,-1.350815,-0.916217
15,36,-2.060749,-1.561523
15,37,-2.043917,-2.080039
15,38,-1.588312,-1.653562
15,39,-1.067970,-1.146573
15,40,-0.008026,-0.305491
15,41,0.561766,0.270656
15,42,0.397218,0.397447
15,43,0.332521,0.351341
15,44,0.313842,0.201498
15,45,0.371305,-0.074963
15,46,0.527252,0.040301
15,47,0.734325,0.362867
15,48,0.894828,0.650855
15,49,0.887247,0.385920
15,50,0.827344,0.305236
15,51,0.735528,0.432026
15,52,0.726586,0.478131
15,53,0.731258,0.489658
15,54,0.712838,0.432026
15,55,0.865770,0.743066
15,56,0.383194,0.086234
15,57,-0.544776,-1.849511
15,58,-1.022886,-2.667712
15,59,-1.257963,-3.001805
15,60,-1.998729,-3.543374
15,61,-2.022397,-3.232333
15,62,-1.443035,-2.287341
15,63,-1.033614,-1.849511
16,0,-0.618357,-0.409228
16,1,0.032719,0.270656
16,2,0.079209,0.385920
16,3,0.111212,0.408973
16,4,0.065039,0.166919
16,5,0.071310,0.213024
16,6,0.203577,0.478131
16,7,0.458752,0.593395
16,8,0.576505,0.616448
16,9,0.584356,0.846804
16,10,0.548089,0.754593
16,11,0.554264,0.915962
16,12,0.566191,0.731540
16,13,0.528219,0.835277
16,14,0.587284,0.789172
16,15,0.949096,0.973594
16,16,0.314100,0.443552
16,17,-1.315442,-1.469312
16,18,-1.964432,-2.621607
16,19,-2.334979,-0.754848
16,20,-2.846692,-1.100468
16,21,-2.679988,-1.561523
16,22,-2.069479,-2.471764
16,23,-1.487539,-1.043008
16,24,-0.479646,-0.236333
16,25,0.124836,0.443552
16,26,0.133017,0.501184
16,27,0.149742,0.443552
16,28,0.086789,0.201498
16,29,0.064945,0.432026
16,30,0.170322,0.420499
16,31,0.446494,0.558816
16,32,0.584989,0.731540
16,33,0.615422,0.339815
16,34,0.585323,0.627974
16,35,0.576811,0.432026
16,36,0.564116,0.720013
16,37,0.515116,0.593395
16,38,0.569139,0.662382
16,39,0.836936,0.985120
16,40,0.294045,0.800698
16,41,-1.201220,0.282183
16,42,-1.959527,-0.167174
16,43,-2.239671,0.017248
16,44,-2.780552,-0.132595
16,45,-2.523990,-0.005805
16,46,-1.743364,-0.317017
16,47,-1.362188,-0.535847
16,48,-0.313370,-0.040384
16,49,0.230470,0.593395
16,50,0.122548,0.397447
16,51,0.115171,0.420499
16,52,0.072580,0.316762
16,53,0.067636,0.143866
16,54,0.192525,0.408973
16,55,0.495974,0.720013
16,56,0.581892,0.835277
16,57,0.611335,0.858330
16,58,0.567218,0.501184
16,59,0.544044,0.696961
16,60,0.552000,0.673908
16,61,0.546073,0.558816
16,62,0.595875,0.558816
16,63,0.859063,0.800698
17,0,0.524184,0.385920
17,1,-0.769871,-2.310394
17,2,-1.427541,-3.451162
17,3,-1.612261,-3.635585
17,4,-2.299564,-2.978753
17,5,-2.278187,-2.552448
17,6,-1.787394,-2.103091
17,7,-1.267006,-1.031481
17,8,-0.259099,0.247604
17,9,0.336016,0.305236
17,10,0.435894,0.339815
17,11,0.359039,0.408973
17,12,0.279067,0.259130
17,13,0.313661,0.109287
17,14,0.419103,0.489658
17,15,0.675288,0.408973
17,16,0.783140,0.950541
17,17,0.781333,0.858330
17,18,0.755105,0.881383
17,19,0.763775,1.019699
17,20,0.750305,0.800698
17,21,0.690059,0.731540
17,22,0.671418,0.720013
17,23,0.791812,1.388372
17,24,0.448996,0.305236
17,25,-0.821829,-1.215732
17,26,-1.571299,-2.218355
17,27,-1.803068,-3.520321
17,28,-2.341571,-1.964774
17,29,-2.284634,-3.946797
17,30,-1.857302,-3.117069
17,31,-1.320169,-2.137670
17,32,-0.268960,0.040301
17,33,0.307903,0.259130
17,34,0.379977,0.397447
17,35,0.305676,0.408973
17,36,0.227653,0.270656
17,37,0.285967,0.155392
17,38,0.414384,0.017248
17,39,0.613739,0.293709
17,40,0.732966,0.754593
17,41,0.716742,0.650855
17,42,0.668796,0.616448
17,43,0.691774,0.720013
17,44,0.722387,0.443552
17,45,0.670073,0.673908
17,46,0.615682,0.685434
17,47,0.808871,0.685434
17,48,0.470603,0.316762
17,49,-0.869672,-1.734247
17,50,-1.689363,-1.722721
17,51,-1.980479,-2.610080
17,52,-2.433142,-3.589479
17,53,-2.345118,-3.324544
17,54,-1.910076,-2.414132
17,55,-1.374296,-1.653562
17,56,-0.364636,-0.098016
17,57,0.280000,0.397447
17,58,0.389274,0.362867
17,59,0.311280,0.420499
17,60,0.221031,0.270656
17,61,0.271073,0.201498
17,62,0.365170,0.535763
17,63,0.562010,0.892909
18,0,1.011621,1.457530
18,1,0.873477,1.353793
18,2,0.809069,1.353793
18,3,0.810236,1.503636
18,4,0.764959,1.399898
18,5,0.724172,1.538215
18,6,0.740941,1.803150
18,7,1.045279,1.768743
18,8,0.329086,0.766119
18,9,-1.386610,-1.457786
18,10,-2.310399,-2.506343
18,11,-2.769597,-2.921121
18,12,-3.085093,-3.577952
18,13,-3.015294,-2.955700
18,14,-2.292446,-2.644659
18,15,-1.503643,-1.711194
18,16,-0.238630,-0.190227
18,17,0.349383,0.293709
18,18,0.286865,0.351341
18,19,0.309463,0.316762
18,20,0.331792,0.132340
18,21,0.367095,0.051827
18,22,0.507235,0.316762
18,23,0.718303,0.501184
18,24,0.913722,1.042752
18,25,0.825293,0.996647
18,26,0.770684,0.927489
18,27,0.772742,0.823751
18,28,0.758452,0.858330
18,29,0.738015,0.996647
18,30,0.722201,0.927489
18,31,1.057138,2.148942
18,32,0.473492,1.422951
18,33,-1.306192,-0.489913
18,34,-2.176810,-1.630681
18,35,-2.603525,-1.930195
18,36,-2.892597,-2.932647
18,37,-2.880266,-2.633133
18,38,-2.256293,-0.535847
18,39,-1.435962,-1.008428
18,40,-0.245144,0.696961
18,41,0.371113,1.411425
18,42,0.333704,0.408973
18,43,0.342258,0.374394
18,44,0.291177,0.178445
18,45,0.304313,0.293709
18,46,0.439687,0.432026
18,47,0.644324,0.720013
18,48,0.868988,0.915962
18,49,0.859971,0.892909
18,50,0.832228,0.673908
18,51,0.815906,0.858330
18,52,0.804608,0.858330
18,53,0.743951,0.904436
18,54,0.693017,1.054279
18,55,0.939338,1.146490
18,56,0.264466,0.743066
18,57,-1.277603,-0.063437
18,58,-2.082376,0.120813
18,59,-2.460558,0.282183
18,60,-2.797400,-0.766374
18,61,-2.811244,-0.259385
18,62,-2.107982,-0.247859
18,63,-1.410836,-0.155648
19,0,0.241238,0.109287
19,1,0.621005,0.432026
19,2,0.432095,0.501184
19,3,0.336738,0.420499
19,4,0.265373,0.270656
19,5,0.267408,0.328288
19,6,0.412998,0.339815
19,7,0.621474,0.282183
19,8,0.747878,1.100384
19,9,0.764268,1.215648
19,10,0.785456,0.985120
19,11,0.832908,1.134963
19,12,0.839894,1.123437
19,13,0.785335,1.284634
19,14,0.888068,1.227002
19,15,1.240684,1.446004
19,16,0.728876,1.169543
19,17,-0.621827,0.639501
19,18,-1.334891,0.673908
19,19,-1.603685,0.823751
19,20,-2.110272,0.501184
19,21,-2.064983,0.293709
19,22,-1.601039,0.189972
19,23,-1.026079,0.259130
19,24,-0.008482,0.408973
19,25,0.490931,0.627974
19,26,0.405646,0.420499
19,27,0.389895,0.259130
19,28,0.339425,0.097761
19,29,0.311326,0.017248
19,30,0.442206,0.351341
19,31,0.668813,0.639501
19,32,0.917995,0.754593
19,33,0.923665,0.892909
19,34,0.954797,0.766119
19,35,0.955297,0.789172
19,36,0.909388,0.754593
19,37,0.842678,0.973594
19,38,0.922210,0.869857
19,39,1.276784,1.134963
19,40,0.641637,0.858330
19,41,-0.964624,0.455079
19,42,-1.976708,0.259130
19,43,-2.291331,0.547290
19,44,-2.741408,0.282183
19,45,-2.621192,0.224551
19,46,-2.074624,0.282183
19,47,-1.330420,0.259130
19,48,0.017693,0.293709
19,49,0.529152,0.512711
19,50,0.328234,0.512711
19,51,0.338205,0.374394
19,52,0.338122,0.189972
19,53,0.337448,0.132340
19,54,0.458164,0.420499
19,55,0.689074,0.501184
19,56,0.884420,0.650855
19,57,0.898850,0.593395
19,58,0.879461,0.743066
19,59,0.838343,0.662382
19,60,0.815614,1.019699
19,61,0.775743,0.915962
19,62,0.858028,0.950541
19,63,1.147790,1.065805
20,0,0.852625,0.996647
20,1,-0.018524,0.328288
20,2,-0.318153,0.178445
20,3,-0.307704,0.178445
20,4,-0.809940,-0.397702
20,5,-0.879340,-0.858585
20,6,-0.694015,0.017248
20,7,-0.353391,0.166919
20,8,0.168293,0.339815
20,9,0.479087,0.558816
20,10,0.493320,0.604922
20,11,0.404955,0.581869
20,12,0.300960,0.397447
20,13,0.296417,0.247604
20,14,0.456093,0.201498
20,15,0.693937,0.581869
20,16,0.833354,1.008173
20,17,0.890382,0.915962
20,18,0.923895,0.696961
20,19,0.974092,0.478131
20,20,1.034086,0.996647
20,21,0.993564,0.835277
20,22,1.038908,0.939015
20,23,1.049844,1.261582
20,24,0.715518,0.547290
20,25,-0.236058,-1.884090
20,26,-0.659370,-2.898068
20,27,-0.748879,-3.393531
20,28,-1.183049,-4.050363
20,29,-1.149329,-3.359123
20,30,-0.888185,-2.990279
20,31,-0.451059,-2.172250
20,32,0.166709,-0.086490
20,33,0.519752,0.501184
20,34,0.522016,0.685434
20,35,0.444328,0.685434
20,36,0.339902,0.558816
20,37,0.348165,0.478131
20,38,0.526475,0.685434
20,39,0.714657,1.181069
20,40,0.899661,1.250055
20,41,0.911999,1.031226
20,42,0.904550,0.927489
20,43,0.942367,0.846804
20,44,0.993528,0.800698
20,45,0.932051,1.158016
20,46,0.926611,0.789172
20,47,1.053159,1.353793
20,48,0.732250,1.019699
20,49,-0.363596,-1.388627
20,50,-0.869375,-2.817383
20,51,-0.984264,-3.117069
20,52,-1.436525,-3.750849
20,53,-1.419206,-3.566427
20,54,-1.127327,-3.001805
20,55,-0.698010,-2.218355
20,56,-0.022093,-0.098016
20,57,0.403445,0.535763
20,58,0.399576,0.662382
20,59,0.366242,0.696961
20,60,0.252790,0.604922
20,61,0.267783,0.743066
20,62,0.421045,0.973594
20,63,0.616849,1.181069
21,0,1.425207,1.388372
21,1,1.285723,1.134963
21,2,1.172873,1.181069
21,3,1.156097,1.134963
21,4,1.137859,1.296161
21,5,1.146098,1.181069
21,6,1.138444,1.503636
21,7,1.603493,1.757216
21,8,0.862779,0.985120
21,9,-1.080446,-1.100468
21,10,-2.214679,-2.333447
21,11,-2.558154,-2.644659
21,12,-3.070262,-3.324544
21,13,-2.822930,-3.059437
21,14,-2.167686,-2.575501
21,15,-1.448507,-1.584576
21,16,0.040434,-0.293965
21,17,0.704960,0.443552
21,18,0.613498,0.593395
21,19,0.679204,0.639501
21,20,0.711510,0.512711
21,21,0.798430,0.385920
21,22,0.916879,0.673908
21,23,1.106565,0.789172
21,24,1.277575,1.469056
21,25,1.186674,1.515162
21,26,1.091800,1.181069
21,27,1.092391,1.261582
21,28,1.102126,1.169543
21,29,1.114758,1.584320
21,30,1.071316,1.365319
21,31,1.458593,1.319214
21,32,0.898514,0.455079
21,33,-0.820569,-1.538470
21,34,-1.745748,-2.621607
21,35,-1.998001,-3.266912
21,36,-2.545617,-3.727796
21,37,-2.465967,-3.820007
21,38,-1.980415,-3.313018
21,39,-1.242946,-2.149197
21,40,0.065794,-0.535847
21,41,0.651297,0.247604
21,42,0.640352,0.316762
21,43,0.682942,0.408973
21,44,0.611066,0.385920
21,45,0.656595,0.213024
21,46,0.761809,0.213024
21,47,0.976315,0.420499
21,48,1.206687,0.754593
21,49,1.214552,0.673908
21,50,1.147354,0.581869
21,51,1.131279,0.489658
21,52,1.150585,0.501184
21,53,1.138608,0.374394
21,54,1.087747,0.639501
21,55,1.351965,0.639501
21,56,0.801926,0.397447
21,57,-0.624719,-1.319469
21,58,-1.519993,-2.563975
21,59,-1.672457,-2.921121
21,60,-2.232098,-3.531847
21,61,-2.176252,-3.393531
21,62,-1.645193,-2.759923
21,63,-1.010603,-1.953248
22,0,-0.303427,-0.328544
22,1,0.331579,0.282183
22,2,0.386455,0.489658
22,3,0.478450,0.489658
22,4,0.367832,0.466605
22,5,0.315740,0.443552
22,6,0.363945,0.662382
22,7,0.562983,0.812225
22,8,0.728880,0.812225
22,9,0.752756,0.777645
22,10,0.751743,0.604922
22,11,0.811550,0.835277
22,12,0.801530,0.892909
22,13,0.776734,0.650855
22,14,0.844099,0.812225
22,15,1.171120,1.100384
22,16,0.521226,0.397447
22,17,-1.337947,-1.538470
22,18,-2.368073,-2.932647
22,19,-2.795424,-3.393531
22,20,-3.247815,-3.831533
22,21,-3.180909,-3.796954
22,22,-2.639338,-3.508794
22,23,-1.774041,-2.529395
22,24,-0.314812,-0.478387
22,25,0.315583,0.224551
22,26,0.396505,0.328288
22,27,0.507403,0.270656
22,28,0.425839,0.247604
22,29,0.379654,0.247604
22,30,0.430782,0.408973
22,31,0.647210,0.443552
22,32,0.928555,0.247604
22,33,0.932727,0.293709
22,34,0.954820,0.247604
22,35,1.002592,0.132340
22,36,0.982052,0.201498
22,37,0.963466,0.213024
22,38,1.042660,0.316762
22,39,1.310541,0.616448
22,40,0.684332,0.777645
22,41,-1.108827,0.224551
22,42,-2.322079,-0.605005
22,43,-2.733249,-0.639584
22,44,-3.203127,-0.996902
22,45,-3.122748,-1.238784
22,46,-2.546585,-0.639584
22,47,-1.687369,-0.570426
22,48,-0.115794,-0.236333
22,49,0.486829,0.408973
22,50,0.450961,0.443552
22,51,0.567802,0.408973
22,52,0.472853,0.316762
22,53,0.421658,0.120813
22,54,0.463651,0.086234
22,55,0.675794,0.512711
22,56,0.902472,0.662382
22,57,0.888092,0.501184
22,58,0.866898,0.593395
22,59,0.901414,0.316762
22,60,0.888060,0.443552
22,61,0.876438,0.397447
22,62,0.926632,0.604922
22,63,1.167554,0.673908
23,0,0.291813,0.385920
23,1,-1.255093,-0.927744
23,2,-2.281832,-2.229709
23,3,-2.535197,-2.241236
23,4,-3.198312,-2.218355
23,5,-3.181349,-2.909594
23,6,-2.616172,-2.667712
23,7,-1.894064,-2.091565
23,8,-0.448786,-0.282438
23,9,0.265500,0.328288
23,10,0.456524,0.374394
23,11,0.396499,0.328288
23,12,0.294630,0.270656
23,13,0.280629,0.086234
23,14,0.352965,0.501184
23,15,0.558026,0.904436
23,16,0.670723,1.296161
23,17,0.706757,1.526689
23,18,0.711103,1.330740
23,19,0.722649,1.169543
23,20,0.717833,1.422951
23,21,0.718029,1.469056
23,22,0.756588,1.480583
23,23,0.901339,1.780269
23,24,0.488365,0.593395
23,25,-1.166658,-1.446259
23,26,-2.248930,-2.840436
23,27,-2.606636,-3.359123
23,28,-3.134443,-3.670164
23,29,-3.095365,-3.220807
23,30,-2.604951,-2.471764
23,31,-1.764220,-1.999354
23,32,-0.328135,-0.213280
23,33,0.336849,0.328288
23,34,0.484321,0.328288
23,35,0.465829,0.385920
23,36,0.375943,0.259130
23,37,0.366080,0.420499
23,38,0.454615,0.478131
23,39,0.632411,0.720013
23,40,0.754833,0.673908
23,41,0.728143,0.823751
23,42,0.678578,0.639501
23,43,0.718120,0.766119
23,44,0.773319,0.927489
23,45,0.788033,1.019699
23,46,0.769155,1.169543
23,47,0.937884,0.869857
23,48,0.486726,0.881383
23,49,-1.256927,-0.593479
23,50,-2.425513,-1.630681
23,51,-2.859240,-2.137670
23,52,-3.262892,-3.070964
23,53,-3.184989,-3.059437
23,54,-2.674804,-2.529395
23,55,-1.899624,-1.607629
23,56,-0.464779,-0.224806
23,57,0.296657,0.408973
23,58,0.494776,0.420499
23,59,0.449882,0.374394
23,60,0.374930,0.270656
23,61,0.382697,0.132340
23,62,0.448880,0.408973
23,63,0.608348,0.547290
24,0,0.959786,1.250055
24,1,0.952110,0.835277
24,2,0.825594,1.169543
24,3,0.878406,1.042752
24,4,0.964577,0.939015
24,5,0.971588,1.446004
24,6,1.008740,1.446004
24,7,1.171636,1.503636
24,8,0.696581,0.939015
24,9,-1.141813,-0.478387
24,10,-2.304956,-1.043008
24,11,-2.691497,-1.400154
24,12,-3.209790,-1.561523
24,13,-3.110674,-1.584576
24,14,-2.500505,-0.581952
24,15,-1.708302,-0.420755
24,16,-0.173499,0.017248
24,17,0.465423,0.535763
24,18,0.414860,0.466605
24,19,0.444758,0.443552
24,20,0.446798,0.293709
24,21,0.475421,0.432026
24,22,0.582002,0.282183
24,23,0.723574,0.547290
24,24,0.946199,0.846804
24,25,0.886503,0.673908
24,26,0.803709,0.789172
24,27,0.831680,0.754593
24,28,0.902582,0.662382
24,29,0.894487,0.293709
24,30,0.896031,0.558816
24,31,1.120996,0.685434
24,32,0.722278,0.858330
24,33,-1.113687,0.639501
24,34,-2.196448,0.432026
24,35,-2.665247,0.432026
24,36,-3.080388,-0.017331
24,37,-3.048101,0.132340
24,38,-2.543554,0.339815
24,39,-1.721364,0.178445
24,40,-0.204475,0.316762
24,41,0.444033,0.581869
24,42,0.438135,0.478131
24,43,0.457135,0.466605
24,44,0.413148,0.213024
24,45,0.422388,0.247604
24,46,0.526132,0.224551
24,47,0.682670,0.478131
24,48,0.883874,0.696961
24,49,0.904168,0.766119
24,50,0.849615,0.535763
24,51,0.875714,0.650855
24,52,0.940937,0.558816
24,53,0.887372,0.708487
24,54,0.863048,0.846804
24,55,1.075949,0.881383
24,56,0.589909,1.042752
24,57,-1.237401,0.420499
24,58,-2.361626,0.063353
24,59,-2.724771,0.247604
24,60,-3.156108,-0.305491
24,61,-3.095544,-0.270912
24,62,-2.559537,0.132340
24,63,-1.774337,0.247604
25,0,0.378202,0.351341
25,1,0.500442,0.627974
25,2,0.483595,0.478131
25,3,0.404707,0.385920
25,4,0.316401,0.293709
25,5,0.258335,0.143866
25,6,0.286406,0.270656
25,7,0.463202,0.604922
25,8,0.599051,0.892909
25,9,0.644267,0.696961
25,10,0.651822,0.650855
25,11,0.690692,0.627974
25,12,0.716801,0.858330
25,13,0.716933,0.743066
25,14,0.891729,0.812225
25,15,1.043519,0.685434
25,16,0.924483,1.100384
25,17,0.256526,0.385920
25,18,-0.156909,0.189972
25,19,-0.308372,0.374394
25,20,-0.749589,-0.524320
25,21,-0.780278,-0.098016
25,22,-0.490104,0.063353
25,23,-0.130727,0.132340
25,24,0.308556,0.328288
25,25,0.615155,0.489658
25,26,0.627954,0.466605
25,27,0.570380,0.512711
25,28,0.492352,0.362867
25,29,0.409448,0.236077
25,30,0.441632,0.524237
25,31,0.657917,0.604922
25,32,0.845741,1.134963
25,33,0.860576,1.134963
25,34,0.845874,1.134963
25,35,0.841015,1.134963
25,36,0.801390,1.134963
25,37,0.781154,1.134963
25,38,0.912301,1.134963
25,39,1.038658,1.134963
25,40,0.930231,1.134963
25,41,-0.045532,1.134963
25,42,-0.678428,1.134963
25,43,-0.870549,1.134963
25,44,-1.416967,1.134963
25,45,-1.420562,1.134963
25,46,-1.064115,1.134963
25,47,-0.640209,1.134963
25,48,0.078624,1.134963
25,49,0.436403,1.134963
25,50,0.410329,1.134963
25,51,0.420019,1.134963
25,52,0.417110,1.134963
25,53,0.392160,1.134963
25,54,0.454275,1.134963
25,55,0.668775,1.134963
25,56,0.852778,0.996647
25,57,0.897202,1.388372
25,58,0.896906,1.215648
25,59,0.861141,1.111911
25,60,0.828828,1.042752
25,61,0.805664,0.985120
25,62,0.894729,0.627974
25,63,1.015723,0.846804
26,0,0.955401,0.662382
26,1,0.569183,-0.720269
26,2,0.284555,-1.907143
26,3,0.250337,-2.598554
26,4,-0.107689,-2.633133
26,5,-0.083284,-2.978753
26,6,0.128513,-2.610080
26,7,0.360567,-1.895616
26,8,0.650512,-0.558899
26,9,0.838795,0.316762
26,10,0.855337,0.374394
26,11,0.801892,0.408973
26,12,0.739426,0.270656
26,13,0.733013,0.316762
26,14,0.796763,0.478131
26,15,0.937509,0.604922
26,16,1.097675,1.008173
26,17,1.185971,1.031226
26,18,1.154330,1.446004
26,19,1.124726,1.469056
26,20,1.113171,1.019699
26,21,1.028700,1.019699
26,22,0.989513,1.123437
26,23,1.048531,1.353793
26,24,0.939942,0.754593
26,25,0.517948,0.224551
26,26,0.167994,0.247604
26,27,0.036695,0.132340
26,28,-0.266682,-0.455334
26,29,-0.213308,0.005722
26,30,-0.003988,-0.063437
26,31,0.287745,0.063353
26,32,0.609849,0.270656
26,33,0.809078,0.501184
26,34,0.836415,0.408973
26,35,0.790994,0.397447
26,36,0.721701,0.293709
26,37,0.718674,0.305236
26,38,0.802807,0.385920
26,39,0.930154,0.397447
26,40,1.087163,0.720013
26,41,1.123424,0.720013
26,42,1.069313,0.524237
26,43,1.031743,0.547290
26,44,1.030313,0.535763
26,45,0.956392,0.593395
26,46,0.929049,0.581869
26,47,1.007793,0.685434
26,48,1.000843,1.077331
26,49,0.547628,0.478131
26,50,0.163701,0.535763
26,51,0.105854,0.432026
26,52,-0.281864,-0.028858
26,53,-0.275447,0.236077
26,54,-0.083511,0.385920
26,55,0.158959,0.351341
26,56,0.462540,0.570342
26,57,0.669874,0.766119
26,58,0.725639,0.639501
26,59,0.719886,0.524237
26,60,0.633587,0.328288
26,61,0.630981,0.512711
26,62,0.693718,0.374394
26,63,0.822858,0.846804
27,0,1.138095,0.581869
27,1,1.066824,0.604922
27,2,0.957541,0.754593
27,3,0.922526,0.685434
27,4,0.901198,0.789172
27,5,0.893886,0.547290
27,6,0.876583,0.673908
27,7,0.901727,0.939015
27,8,0.869404,1.250055
27,9,0.619149,0.881383
27,10,0.396094,0.743066
27,11,0.328752,0.869857
27,12,-0.013410,0.408973
27,13,0.055057,0.581869
27,14,0.255680,0.696961
27,15,0.466988,0.904436
27,16,0.662879,0.892909
27,17,0.820759,1.019699
27,18,0.820239,0.927489
27,19,0.798584,0.777645
27,20,0.756763,0.558816
27,21,0.761696,0.305236
27,22,0.813712,0.236077
27,23,0.936720,0.443552
27,24,1.063540,0.570342
27,25,1.034808,0.662382
27,26,0.945018,0.604922
27,27,0.914766,0.593395
27,28,0.896740,0.524237
27,29,0.867402,0.420499
27,30,0.818203,0.489658
27,31,0.834992,0.293709
27,32,0.873773,0.777645
27,33,0.537084,0.685434
27,34,0.317886,0.512711
27,35,0.241547,0.593395
27,36,-0.101157,0.189972
27,37,-0.053429,0.074708
27,38,0.132748,0.213024
27,39,0.377583,0.328288
27,40,0.606101,0.478131
27,41,0.741674,0.904436
27,42,0.757369,0.915962
27,43,0.716192,0.789172
27,44,0.653275,0.593395
27,45,0.679089,0.420499
27,46,0.744904,0.639501
27,47,0.898024,0.985120
27,48,1.070525,0.800698
27,49,1.151591,0.708487
27,50,0.991682,0.823751
27,51,0.980659,0.789172
27,52,0.945331,0.789172
27,53,0.916261,0.812225
27,54,0.873215,0.720013
27,55,0.853070,0.800698
27,56,0.793688,0.743066
27,57,0.404525,-0.432281
27,58,0.189485,-1.238784
27,59,0.075825,-0.086490
27,60,-0.258737,-0.835533
27,61,-0.216054,0.696961
27,62,0.038203,0.927489
27,63,0.225192,0.800698
28,0,0.765851,0.985120
28,1,0.879746,1.134963
28,2,0.897487,1.054279
28,3,0.834466,0.904436
28,4,0.677644,0.696961
28,5,0.596558,0.397447
28,6,0.629581,0.293709
28,7,0.766527,0.524237
28,8,0.804308,0.581869
28,9,0.808977,0.927489
28,10,0.817941,0.823751
28,11,0.827812,0.800698
28,12,0.790998,0.627974
28,13,0.768527,0.743066
28,14,0.830820,0.650855
28,15,0.872303,0.570342
28,16,0.835342,0.892909
28,17,0.351608,0.789172
28,18,0.047399,0.639501
28,19,-0.029842,0.823751
28,20,-0.300758,0.305236
28,21,-0.231384,0.247604
28,22,0.006009,0.604922
28,23,0.259814,0.812225
28,24,0.565528,0.858330
28,25,0.770937,1.054279
28,26,0.819901,1.019699
28,27,0.780573,0.869857
28,28,0.645870,0.720013
28,29,0.575157,0.846804
28,30,0.632104,0.789172
28,31,0.816500,0.777645
28,32,0.888489,0.743066
28,33,0.904741,0.881383
28,34,0.928404,0.696961
28,35,0.927029,1.054279
28,36,0.859705,0.996647
28,37,0.849943,0.996647
28,38,0.908837,0.927489
28,39,0.925538,1.134963
28,40,0.904028,0.846804
28,41,0.211334,-0.224806
28,42,-0.256832,-0.789427
28,43,-0.392453,-1.573050
28,44,-0.747355,-2.828909
28,45,-0.653391,-2.990279
28,46,-0.357087,-2.771450
28,47,-0.018396,-1.976301
28,48,0.443171,0.166919
28,49,0.664324,0.846804
28,50,0.696396,1.042752
28,51,0.690252,1.123437
28,52,0.611196,0.939015
28,53,0.575486,1.111911
28,54,0.630393,1.088858
28,55,0.786169,1.250055
28,56,0.873760,1.595847
28,57,0.892115,1.457530
28,58,0.886808,1.538215
28,59,0.855108,1.492109
28,60,0.781618,1.503636
28,61,0.761416,1.699584
28,62,0.789272,1.711111
28,63,0.817480,1.630426
29,0,1.444669,1.365319
29,1,0.567884,-1.227258
29,2,-0.015425,-2.759923
29,3,-0.242334,-3.336071
29,4,-0.886448,-4.084942
29,5,-0.923334,-3.923744
29,6,-0.594225,-3.428110
29,7,-0.097680,-2.736871
29,8,0.560645,0.051827
29,9,1.029873,0.685434
29,10,1.220515,0.869857
29,11,1.203587,1.031226
29,12,1.136237,0.800698
29,13,1.108474,0.892909
29,14,1.104924,0.777645
29,15,1.236360,0.939015
29,16,1.369679,0.985120
29,17,1.439147,1.111911
29,18,1.468052,1.111911
29,19,1.519159,0.881383
29,20,1.540216,1.031226
29,21,1.478963,0.985120
29,22,1.464019,0.973594
29,23,1.454700,1.376845
29,24,1.167301,1.134963
29,25,0.475973,-1.307943
29,26,-0.079526,-2.759923
29,27,-0.299683,-3.255386
29,28,-0.761354,-3.900692
29,29,-0.740514,-3.900692
29,30,-0.462594,-3.520321
29,31,0.012522,-2.610080
29,32,0.596500,0.017248
29,33,0.983805,0.650855
29,34,1.168691,0.835277
29,35,1.140113,0.939015
29,36,1.069775,0.835277
29,37,1.031541,0.812225
29,38,1.029047,0.743066
29,39,1.115655,1.100384
29,40,1.238030,1.261582
29,41,1.296804,1.480583
29,42,1.283725,1.469056
29,43,1.326367,1.595847
29,44,1.336722,1.422951
29,45,1.263679,1.791795
29,46,1.232006,1.837729
29,47,1.250803,1.895361
29,48,1.101935,1.204122
29,49,0.432667,-1.319469
29,50,-0.096723,-2.679239
29,51,-0.237912,-3.059437
29,52,-0.704703,-3.785428
29,53,-0.707633,-3.497268
29,54,-0.433215,-3.036385
29,55,-0.027372,-2.229709
29,56,0.503711,0.097761
29,57,0.894947,0.892909
29,58,1.052346,1.054279
29,59,1.053471,1.204122
29,60,0.945131,1.134963
29,61,0.884698,1.192595
29,62,0.880285,1.238529
29,63,0.976631,1.123437
30,0,1.413054,1.296161
30,1,1.316557,1.077331
30,2,1.264067,0.789172
30,3,1.324406,0.869857
30,4,1.355140,0.904436
30,5,1.418326,1.204122
30,6,1.469307,1.134963
30,7,1.573860,1.365319
30,8,0.961195,0.720013
30,9,-1.103587,-1.745773
30,10,-2.673328,-2.828909
30,11,-3.028634,-3.117069
30,12,-3.626121,-3.969678
30,13,-3.409525,-3.647111
30,14,-2.963783,-3.451162
30,15,-2.220056,-2.575501
30,16,-0.087698,0.086234
30,17,0.794482,0.109287
30,18,0.880680,0.570342
30,19,1.003769,0.812225
30,20,1.073809,0.800698
30,21,1.143647,0.696961
30,22,1.126070,0.915962
30,23,1.194923,1.088858
30,24,1.343150,0.985120
30,25,1.304510,0.904436
30,26,1.276882,0.904436
30,27,1.345275,0.593395
30,28,1.418966,0.685434
30,29,1.503815,0.904436
30,30,1.509430,0.927489
30,31,1.656388,1.123437
30,32,1.109607,0.835277
30,33,-0.796965,-0.178701
30,34,-2.214705,-1.146573
30,35,-2.623156,-0.800954
30,36,-3.284490,-1.584576
30,37,-3.289966,-1.492365
30,38,-2.930117,-1.135047
30,39,-2.147521,-0.178701
30,40,-0.083527,0.385920
30,41,0.788634,0.812225
30,42,0.891550,1.250055
30,43,0.958989,1.100384
30,44,0.903126,0.939015
30,45,0.912614,0.731540
30,46,0.854017,0.962068
30,47,0.960370,0.962068
30,48,1.168053,1.469056
30,49,1.210381,1.538215
30,50,1.189960,1.307687
30,51,1.212813,1.273108
30,52,1.268761,1.146490
30,53,1.299243,1.088858
30,54,1.319806,1.031226
30,55,1.324500,1.319214
30,56,0.823687,0.950541
30,57,-0.836578,-0.005805
30,58,-2.230688,-0.443808
30,59,-2.513044,-0.800954
30,60,-3.176310,-1.088941
30,61,-3.114149,-1.573050
30,62,-2.718521,-2.229709
30,63,-2.012818,-2.195302
31,0,-0.599968,0.189972
31,1,0.122292,0.777645
31,2,0.450210,0.869857
31,3,0.651891,1.019699
31,4,0.669069,0.858330
31,5,0.648674,0.501184
31,6,0.645947,0.512711
31,7,0.743097,0.846804
31,8,0.848884,0.708487
31,9,0.901963,0.374394
31,10,0.908363,0.662382
31,11,1.000723,0.720013
31,12,1.011780,0.696961
31,13,1.009858,0.696961
31,14,1.090340,0.708487
31,15,1.143501,0.869857
31,16,0.715177,0.754593
31,17,-0.596532,-1.365574
31,18,-1.507210,-2.437184
31,19,-1.854228,-2.817383
31,20,-2.456652,-3.704743
31,21,-2.523030,-3.670164
31,22,-2.330413,-3.220807
31,23,-1.739045,-2.517869
31,24,-0.287196,-0.259385
31,25,0.435736,0.478131
31,26,0.790827,0.639501
31,27,0.950950,0.789172
31,28,0.907791,0.685434
31,29,0.847285,0.524237
31,30,0.813913,0.846804
31,31,0.864927,1.273108
31,32,0.977717,0.950541
31,33,1.016103,0.996647
31,34,1.014270,1.054279
31,35,1.046175,1.008173
31,36,1.047004,1.019699
31,37,1.070487,0.962068
31,38,1.157247,1.134963
31,39,1.163746,0.973594
31,40,0.735595,1.134963
31,41,-0.725801,0.224551
31,42,-1.906089,0.443552
31,43,-2.274352,0.259130
31,44,-2.758015,-0.270912
31,45,-2.696545,0.086234
31,46,-2.362310,-0.005805
31,47,-1.719944,0.362867
31,48,-0.112713,0.282183
31,49,0.355667,0.743066
31,50,0.597705,0.673908
31,51,0.703870,0.627974
31,52,0.683521,0.489658
31,53,0.669034,0.616448
31,54,0.659192,0.616448
31,55,0.738803,0.950541
31,56,0.868117,1.146490
31,57,0.943802,1.319214
31,58,0.910596,1.123437
31,59,0.946144,1.227002
31,60,0.952866,1.227002
31,61,0.991869,1.353793
31,62,1.049861,1.261582
31,63,1.125361,1.480583
32,0,1.641761,0.962068
32,1,0.570243,0.466605
32,2,-0.096566,-0.051910
32,3,-0.294410,0.293709
32,4,-0.975123,-0.996902
32,5,-0.955799,-0.962323
32,6,-0.743463,-0.570426
32,7,-0.282645,-0.777901
32,8,0.421515,-0.259385
32,9,0.871888,0.754593
32,10,1.072565,0.650855
32,11,1.036227,0.777645
32,12,1.006416,0.685434
32,13,1.049125,0.432026
32,14,1.064694,0.720013
32,15,1.193005,0.846804
32,16,1.281040,0.627974
32,17,1.352144,0.754593
32,18,1.382558,0.662382
32,19,1.368835,0.512711
32,20,1.319173,0.639501
32,21,1.266202,0.627974
32,22,1.270042,0.420499
32,23,1.362884,0.835277
32,24,1.262061,0.858330
32,25,0.185625,0.282183
32,26,-0.546866,-0.317017
32,27,-0.671466,0.040301
32,28,-1.366953,-0.501440
32,29,-1.232503,-1.400154
32,30,-1.061447,-0.040384
32,31,-0.513347,0.086234
32,32,0.406544,0.558816
32,33,0.813079,0.823751
32,34,1.037841,0.754593
32,35,1.011020,0.800698
32,36,0.968611,0.662382
32,37,0.991760,0.501184
32,38,1.013075,0.720013
32,39,1.107092,1.111911
32,40,1.194152,1.227002
32,41,1.238533,1.054279
32,42,1.220523,0.973594
32,43,1.197273,1.088858
32,44,1.165419,1.019699
32,45,1.091161,1.042752
32,46,1.047431,1.100384
32,47,1.151195,1.457530
32,48,1.068607,1.515162
32,49,0.009547,0.823751
32,50,-0.765493,0.950541
32,51,-0.931820,0.374394
32,52,-1.546905,0.259130
32,53,-1.512756,0.374394
32,54,-1.205825,-0.455334
32,55,-0.662028,-0.017331
32,56,0.287042,0.201498
32,57,0.727859,0.639501
32,58,0.927490,0.639501
32,59,0.977912,0.662382
32,60,0.902356,0.501184
32,61,0.915774,0.339815
32,62,0.932851,0.673908
32,63,1.030330,0.858330
33,0,1.036370,1.123437
33,1,0.971019,1.134963
33,2,0.925521,0.985120
33,3,0.951656,1.031226
33,4,0.949826,1.123437
33,5,0.964129,1.031226
33,6,0.959759,1.111911
33,7,1.069215,1.169543
33,8,0.983354,1.123437
33,9,0.579362,0.201498
33,10,0.286623,-0.351596
33,11,0.261916,-0.293965
33,12,-0.296294,-0.109542
33,13,-0.391443,0.051827
33,14,-0.287996,-0.190227
33,15,-0.099674,-0.224806
33,16,0.338438,0.478131
33,17,0.698569,0.892909
33,18,0.823391,0.800698
33,19,0.827376,0.892909
33,20,0.768239,0.570342
33,21,0.742840,0.708487
33,22,0.859527,0.696961
33,23,1.011921,1.008173
33,24,1.057547,1.100384
33,25,1.025055,1.019699
33,26,0.992126,0.823751
33,27,0.998372,0.650855
33,28,0.991925,0.939015
33,29,0.990880,0.812225
33,30,0.970342,0.627974
33,31,1.097640,1.019699
33,32,1.017991,1.158016
33,33,0.526977,0.201498
33,34,0.183292,0.097761
33,35,0.104915,0.397447
33,36,-0.495679,0.132340
33,37,-0.622194,0.558816
33,38,-0.534015,0.478131
33,39,-0.246215,0.374394
33,40,0.290192,0.604922
33,41,0.731475,0.777645
33,42,0.820801,0.858330
33,43,0.825094,0.720013
33,44,0.764673,0.570342
33,45,0.753181,0.558816
33,46,0.860278,0.570342
33,47,0.990370,0.996647
33,48,1.041410,0.904436
33,49,1.041561,0.869857
33,50,0.995994,0.720013
33,51,0.985840,0.846804
33,52,0.968388,0.800698
33,53,0.944600,0.754593
33,54,0.914005,1.065805
33,55,0.938524,1.250055
33,56,0.748703,1.204122
33,57,0.136196,0.051827
33,58,-0.292195,-0.224806
33,59,-0.424854,0.086234
33,60,-1.040012,-0.397702
33,61,-1.183593,-1.791879
33,62,-0.998204,-1.849511
33,63,-0.718064,-1.607629
34,0,-0.140006,-0.731795
34,1,0.502303,0.328288
34,2,0.620543,0.547290
34,3,0.696618,0.685434
34,4,0.665739,0.593395
34,5,0.636453,0.489658
34,6,0.706743,0.535763
34,7,0.887796,0.789172
34,8,0.964298,0.835277
34,9,0.992505,0.685434
34,10,0.952526,0.881383
34,11,0.995401,0.881383
34,12,1.043877,0.835277
34,13,1.019380,0.743066
34,14,1.070340,0.743066
34,15,1.273448,1.296161
34,16,1.070639,1.181069
34,17,0.133047,0.743066
34,18,-0.299215,0.639501
34,19,-0.291006,0.339815
34,20,-0.909656,-0.247859
34,21,-1.042603,0.397447
34,22,-0.943507,0.408973
34,23,-0.603615,0.789172
34,24,0.138441,0.927489
34,25,0.658439,1.503636
34,26,0.814516,1.261582
34,27,0.840038,1.134963
34,28,0.759297,0.927489
34,29,0.707435,0.696961
34,30,0.769774,0.466605
34,31,0.942906,0.662382
34,32,1.009471,0.950541
34,33,1.015346,0.973594
34,34,0.959807,1.042752
34,35,0.961103,1.042752
34,36,0.985223,0.996647
34,37,0.973589,0.835277
34,38,1.025974,0.939015
34,39,1.153177,1.204122
34,40,0.977207,0.985120
34,41,0.087290,0.846804
34,42,-0.441932,0.627974
34,43,-0.503507,0.904436
34,44,-1.036097,0.812225
34,45,-1.111005,0.627974
34,46,-0.971509,0.673908
34,47,-0.654549,0.996647
34,48,0.173042,1.019699
34,49,0.561566,1.330740
34,50,0.627523,1.365319
34,51,0.653353,1.411425
34,52,0.613085,1.192595
34,53,0.589811,0.985120
34,54,0.669169,1.204122
34,55,0.844894,1.388372
34,56,0.918686,1.388372
34,57,0.934648,1.319214
34,58,0.876724,1.273108
34,59,0.889724,1.503636
34,60,0.923426,1.561268
34,61,0.911999,1.446004
34,62,0.929629,1.388372
34,63,1.099583,1.526689
35,0,1.774395,1.353793
35,1,1.044059,1.227002
35,2,0.657879,0.846804
35,3,0.639393,1.296161
35,4,0.262390,1.042752
35,5,0.152496,1.296161
35,6,0.237130,1.181069
35,7,0.500641,1.273108
35,8,0.909785,1.411425
35,9,1.245138,1.503636
35,10,1.386225,1.457530
35,11,1.372587,1.515162
35,12,1.272443,1.227002
35,13,1.188867,0.823751
35,14,1.183254,0.535763
35,15,1.344857,0.685434
35,16,1.425132,0.535763
35,17,1.439692,0.443552
35,18,1.439193,0.558816
35,19,1.496633,0.512711
35,20,1.527790,0.385920
35,21,1.443427,0.420499
35,22,1.418655,0.213024
35,23,1.498911,0.466605
35,24,1.377830,0.927489
35,25,0.747874,0.881383
35,26,0.341806,0.754593
35,27,0.364729,1.008173
35,28,0.016837,0.627974
35,29,0.003945,0.800698
35,30,0.061878,0.777645
35,31,0.378794,0.478131
35,32,0.843564,0.720013
35,33,1.213454,1.250055
35,34,1.342933,1.319214
35,35,1.329369,1.457530
35,36,1.228340,1.215648
35,37,1.143553,1.261582
35,38,1.159090,1.134963
35,39,1.293189,0.939015
35,40,1.363014,0.777645
35,41,1.346290,0.662382
35,42,1.317417,0.604922
35,43,1.347604,0.708487
35,44,1.389646,0.570342
35,45,1.318607,0.708487
35,46,1.262803,0.593395
35,47,1.397220,0.892909
35,48,1.279142,1.273108
35,49,0.562522,1.181069
35,50,0.090978,1.192595
35,51,0.092647,1.503636
35,52,-0.268489,1.250055
35,53,-0.296550,1.134963
35,54,-0.199600,1.238529
35,55,0.109185,1.111911
35,56,0.623548,1.204122
35,57,1.020516,1.434477
35,58,1.174366,1.411425
35,59,1.220363,1.353793
35,60,1.108025,1.181069
35,61,1.022780,0.869857
35,62,1.031496,0.696961
35,63,1.201548,0.662382
36,0,0.859197,0.397447
36,1,0.797123,0.328288
36,2,0.735971,0.328288
36,3,0.742157,0.316762
36,4,0.750022,0.178445
36,5,0.757806,0.282183
36,6,0.748576,0.247604
36,7,0.925193,0.397447
36,8,1.035168,0.846804
36,9,0.907124,0.881383
36,10,0.740067,0.962068
36,11,0.735845,1.146490
36,12,0.401200,0.892909
36,13,0.262114,1.031226
36,14,0.291386,0.962068
36,15,0.486113,1.019699
36,16,0.826128,1.088858
36,17,1.066292,1.284634
36,18,1.159548,1.319214
36,19,1.190739,1.422951
36,20,1.126215,1.238529
36,21,1.001395,0.962068
36,22,0.915852,0.685434
36,23,0.923166,0.754593
36,24,0.891559,0.524237
36,25,0.814015,0.650855
36,26,0.740041,0.408973
36,27,0.753979,0.501184
36,28,0.787716,0.547290
36,29,0.794402,0.547290
36,30,0.783338,0.282183
36,31,0.950455,0.720013
36,32,0.973970,1.123437
36,33,0.702568,0.996647
36,34,0.426924,0.869857
36,35,0.310868,1.169543
36,36,-0.097558,0.650855
36,37,-0.278837,0.282183
36,38,-0.215732,0.074708
36,39,0.055454,0.374394
36,40,0.584163,0.777645
36,41,0.892519,1.123437
36,42,1.002310,1.399898
36,43,1.091590,1.595847
36,44,1.046334,1.457530
36,45,0.940220,1.111911
36,46,0.875392,1.111911
36,47,0.926124,1.054279
36,48,0.931104,1.088858
36,49,0.903765,0.950541
36,50,0.838494,0.892909
36,51,0.866373,0.858330
36,52,0.884800,0.789172
36,53,0.869577,0.985120
36,54,0.852800,0.685434
36,55,1.013185,0.985120
36,56,1.062583,1.457530
36,57,0.793369,0.823751
36,58,0.584093,0.524237
36,59,0.562975,0.143866
36,60,0.240978,-0.685690
36,61,0.117402,-1.492365
36,62,0.223207,-1.711194
36,63,0.519350,-0.985376
37,0,0.257707,0.166919
37,1,0.963604,0.927489
37,2,1.241231,1.365319
37,3,1.405572,1.826203
37,4,1.271821,1.630426
37,5,1.066804,1.365319
37,6,0.963568,1.273108
37,7,0.988776,1.261582
37,8,0.951600,1.238529
37,9,0.928848,1.238529
37,10,0.891875,1.238529
37,11,0.997046,1.238529
37,12,1.038764,1.238529
37,13,0.956771,1.238529
37,14,0.907135,1.238529
37,15,1.075370,1.238529
37,16,1.082235,1.238529
37,17,0.336123,1.238529
37,18,-0.158703,1.238529
37,19,-0.260778,1.238529
37,20,-0.949647,1.238529
37,21,-1.194699,1.238529
37,22,-1.138694,1.238529
37,23,-0.525656,1.238529
37,24,0.485938,1.238529
37,25,1.138718,1.238529
37,26,1.386943,1.238529
37,27,1.520604,1.238529
37,28,1.360118,1.238529
37,29,1.137999,1.238529
37,30,1.055666,1.238529
37,31,1.086588,1.238529
37,32,1.052679,1.584320
37,33,1.032689,1.526689
37,34,0.998968,1.319214
37,35,1.083444,1.065805
37,36,1.140142,1.158016
37,37,1.110044,0.696961
37,38,1.060266,1.077331
37,39,1.210023,1.365319
37,40,1.176250,1.319214
37,41,0.484649,-0.098016
37,42,-0.047075,-1.768826
37,43,-0.206326,-0.455334
37,44,-0.778917,-2.978753
37,45,-0.970543,-1.088941
37,46,-0.887385,-2.656186
37,47,-0.317886,-0.340070
37,48,0.630385,-0.731795
37,49,1.160461,0.927489
37,50,1.344837,1.319214
37,51,1.439573,1.849255
37,52,1.258551,1.734163
37,53,1.021782,1.549741
37,54,0.920770,1.503636
37,55,0.946502,1.388372
37,56,0.909516,1.227002
37,57,0.868772,1.077331
37,58,0.805951,1.088858
37,59,0.878340,1.169543
37,60,0.914202,1.019699
37,61,0.866220,0.858330
37,62,0.793799,0.823751
37,63,0.956056,1.181069
38,0,1.213921,0.927489
38,1,0.689091,-1.019955
38,2,0.313101,-2.218355
38,3,0.224535,-2.321921
38,4,-0.212528,-3.163175
38,5,-0.320699,-1.976301
38,6,-0.215573,-1.734247
38,7,0.136028,-1.111994
38,8,0.628088,-0.282438
38,9,1.151647,0.869857
38,10,1.471988,1.319214
38,11,1.611010,1.688058
38,12,1.507243,1.607373
38,13,1.383530,1.665005
38,14,1.306845,1.365319
38,15,1.338062,1.538215
38,16,1.316785,1.446004
38,17,1.305850,1.123437
38,18,1.284207,1.204122
38,19,1.305015,1.042752
38,20,1.261578,1.008173
38,21,1.167006,1.077331
38,22,1.115716,1.008173
38,23,1.280296,1.446004
38,24,1.239359,1.296161
38,25,0.809710,-0.570426
38,26,0.453825,-2.160723
38,27,0.413667,-2.863488
38,28,0.061762,-2.702291
38,29,-0.020444,-1.296416
38,30,0.016016,-1.791879
38,31,0.319327,-0.847059
38,32,0.729800,-0.086490
38,33,1.160689,1.146490
38,34,1.469853,1.607373
38,35,1.595972,1.952993
38,36,1.488144,2.079783
38,37,1.369876,1.595847
38,38,1.298628,1.388372
38,39,1.321505,1.307687
38,40,1.282093,1.111911
38,41,1.255090,0.858330
38,42,1.206710,0.754593
38,43,1.221265,0.950541
38,44,1.175177,0.869857
38,45,1.057942,0.720013
38,46,0.995765,0.708487
38,47,1.155015,1.077331
38,48,1.190327,0.904436
38,49,0.774550,-1.377101
38,50,0.429678,-2.391079
38,51,0.411194,-2.633133
38,52,0.061080,-3.024858
38,53,-0.030649,-3.693217
38,54,-0.004476,-2.990279
38,55,0.269071,-1.066060
38,56,0.681283,-0.570426
38,57,1.143965,1.019699
38,58,1.440699,1.434477
38,59,1.594117,1.918414
38,60,1.483743,1.964519
38,61,1.338197,1.999098
38,62,1.240581,1.768743
38,63,1.261570,1.849255
39,0,1.473192,1.665005
39,1,1.193352,1.399898
39,2,1.074488,1.538215
39,3,1.163292,1.261582
39,4,1.080028,1.261582
39,5,0.944888,1.111911
39,6,0.931745,1.250055
39,7,1.119127,1.584320
39,8,0.915213,1.169543
39,9,-0.685137,-1.146573
39,10,-2.099695,-2.817383
39,11,-2.436877,-3.266912
39,12,-2.781338,-3.969678
39,13,-2.213618,-3.704743
39,14,-2.146668,-3.313018
39,15,-1.130038,-2.598554
39,16,-0.400183,-1.354048
39,17,0.944650,0.800698
39,18,1.414657,1.100384
39,19,1.808436,1.768743
39,20,1.890397,2.022151
39,21,1.810942,1.906887
39,22,1.620382,1.814676
39,23,1.598063,1.803150
39,24,1.459734,1.572794
39,25,1.224041,1.469056
39,26,1.106787,1.273108
39,27,1.180130,1.146490
39,28,1.113424,1.019699
39,29,0.989736,0.743066
39,30,0.907403,0.927489
39,31,1.150392,1.434477
39,32,0.991862,1.181069
39,33,-0.494999,-0.904691
39,34,-1.776261,-2.206829
39,35,-2.089037,-2.805857
39,36,-2.406341,-3.324544
39,37,-2.175167,-3.289965
39,38,-2.097476,-3.094016
39,39,-1.092553,-2.103091
39,40,-0.323160,-0.800954
39,41,0.975041,0.662382
39,42,1.289371,1.181069
39,43,1.706015,1.814676
39,44,1.696723,1.895361
39,45,1.610418,1.780269
39,46,1.415385,1.849255
39,47,1.419645,1.757216
39,48,1.351869,1.330740
39,49,1.234132,1.227002
39,50,1.159417,1.169543
39,51,1.218848,0.869857
39,52,1.123428,0.962068
39,53,0.961020,1.008173
39,54,0.934551,0.869857
39,55,1.082027,1.088858
39,56,0.979290,0.962068
39,57,-0.390346,-0.581952
39,58,-1.623312,-0.754848
39,59,-1.796226,-2.183776
39,60,-2.261035,-3.497268
39,61,-1.872504,-2.679239
39,62,-1.845665,-2.045459
39,63,-1.032442,-1.354048
40,0,-0.443424,-0.317017
40,1,0.814088,0.673908
40,2,1.207852,0.904436
40,3,1.725255,1.549741
40,4,1.723586,1.757216
40,5,1.637438,1.791795
40,6,1.484287,1.711111
40,7,1.367922,1.250055
40,8,1.185200,1.054279
40,9,1.049898,0.812225
40,10,0.947824,0.720013
40,11,1.025285,0.570342
40,12,0.957054,0.581869
40,13,0.843735,0.547290
40,14,0.825460,0.789172
40,15,1.162780,1.077331
40,16,1.052222,1.077331
40,17,-0.697729,-0.939270
40,18,-1.749789,-1.480838
40,19,-2.263853,-2.851963
40,20,-2.953944,-3.474215
40,21,-2.765979,-3.497268
40,22,-2.345711,-3.278439
40,23,-1.614159,-2.414132
40,24,-0.671508,-0.674163
40,25,0.649956,0.397447
40,26,1.116333,0.950541
40,27,1.586266,1.572794
40,28,1.633480,1.803150
40,29,1.517679,1.780269
40,30,1.344036,1.469056
40,31,1.238038,1.100384
40,32,1.156392,0.627974
40,33,1.081442,0.501184
40,34,1.039387,0.374394
40,35,1.087054,0.316762
40,36,1.016846,0.293709
40,37,0.912060,0.189972
40,38,0.884495,0.213024
40,39,1.167208,0.696961
40,40,1.097477,0.973594
40,41,-0.611410,0.593395
40,42,-1.876933,-0.005805
40,43,-2.382393,-1.388627
40,44,-2.990647,-0.432281
40,45,-2.686643,-1.492365
40,46,-2.361391,-1.377101
40,47,-1.609833,-0.501440
40,48,-0.628427,0.466605
40,49,0.766924,0.950541
40,50,1.145550,1.065805
40,51,1.605116,1.584320
40,52,1.633923,1.653479
40,53,1.522216,1.492109
40,54,1.354188,1.446004
40,55,1.232539,1.054279
40,56,1.082507,0.858330
40,57,0.997599,0.547290
40,58,0.908808,0.466605
40,59,0.957872,0.385920
40,60,0.892618,0.351341
40,61,0.809338,0.478131
40,62,0.748873,0.570342
40,63,1.072629,0.939015
41,0,1.164582,1.503636
41,1,0.055218,0.604922
41,2,-0.953522,0.328288
41,3,-1.578849,0.385920
41,4,-2.032313,-0.051910
41,5,-2.079294,-0.386176
41,6,-1.877091,-0.593479
41,7,-1.177382,-0.674163
41,8,-0.212303,-0.028858
41,9,0.761256,0.846804
41,10,1.212344,1.054279
41,11,1.442371,1.561268
41,12,1.513364,1.849255
41,13,1.476410,2.218100
41,14,1.268911,1.872308
41,15,1.097404,1.388372
41,16,0.882325,1.100384
41,17,0.800977,0.892909
41,18,0.766462,0.616448
41,19,0.765361,0.512711
41,20,0.741496,0.524237
41,21,0.696142,0.570342
41,22,0.668985,0.374394
41,23,1.007971,1.077331
41,24,1.087163,0.650855
41,25,-0.031017,-0.927744
41,26,-1.011815,-2.056986
41,27,-1.615866,-2.828909
41,28,-1.971147,-3.405057
41,29,-2.010349,-3.658638
41,30,-1.828120,-3.301491
41,31,-1.089529,-2.298868
41,32,-0.148700,-1.227258
41,33,0.816323,0.236077
41,34,1.233018,0.673908
41,35,1.464817,1.215648
41,36,1.545656,1.549741
41,37,1.512390,1.584320
41,38,1.322294,1.284634
41,39,1.137915,0.869857
41,40,0.932834,0.512711
41,41,0.812523,0.270656
41,42,0.727239,0.143866
41,43,0.699271,0.178445
41,44,0.687147,0.074708
41,45,0.618282,0.143866
41,46,0.555902,0.282183
41,47,0.896688,0.789172
41,48,0.981717,-0.224806
41,49,-0.126310,-1.964774
41,50,-1.171406,-3.197754
41,51,-1.733763,-3.808480
41,52,-2.062072,-4.200205
41,53,-2.080695,-4.303943
41,54,-1.891440,-4.154100
41,55,-1.260876,-3.347597
41,56,-0.311074,-2.195302
41,57,0.687752,0.259130
41,58,1.087403,0.743066
41,59,1.397171,1.284634
41,60,1.453600,1.595847
41,61,1.413833,1.630426
41,62,1.227553,1.273108
41,63,1.048971,0.800698
42,0,0.644473,0.420499
42,1,0.386106,0.178445
42,2,0.221685,0.017248
42,3,0.212660,-0.063437
42,4,0.240717,-0.086490
42,5,0.227121,-0.051910
42,6,0.311512,0.074708
42,7,0.794290,0.650855
42,8,0.506133,-0.201753
42,9,-1.339980,-1.941722
42,10,-2.585378,-3.278439
42,11,-3.221590,-3.716269
42,12,-3.735395,-4.200205
42,13,-3.388467,-4.373101
42,14,-3.255091,-4.073415
42,15,-2.418483,-3.094016
42,16,-1.346101,-1.861037
42,17,0.449493,-0.005805
42,18,0.782488,0.512711
42,19,1.356043,0.996647
42,20,1.605165,1.284634
42,21,1.660680,1.342266
42,22,1.401358,1.031226
42,23,1.060362,0.570342
42,24,0.836277,0.201498
42,25,0.584576,-0.028858
42,26,0.410573,-0.167174
42,27,0.361037,-0.213280
42,28,0.383592,-0.224806
42,29,0.369272,-0.224806
42,30,0.395472,-0.098016
42,31,0.924108,0.478131
42,32,0.756751,0.385920
42,33,-1.087017,-1.699668
42,34,-2.239467,-2.782976
42,35,-2.837441,-2.448711
42,36,-3.412003,-3.105543
42,37,-3.337389,-2.114618
42,38,-3.175813,-0.328544
42,39,-2.256612,-0.178701
42,40,-1.216817,0.293709
42,41,0.519583,0.743066
42,42,0.775007,0.789172
42,43,1.378679,1.181069
42,44,1.581654,1.181069
42,45,1.615424,1.077331
42,46,1.304500,0.789172
42,47,0.985055,0.443552
42,48,0.816337,0.109287
42,49,0.664672,-0.144122
42,50,0.516868,-0.236333
42,51,0.429668,-0.293965
42,52,0.417023,-0.328544
42,53,0.331119,-0.293965
42,54,0.354938,-0.190227
42,55,0.757575,0.432026
42,56,0.682897,0.915962
42,57,-1.065689,0.581869
42,58,-2.258423,0.408973
42,59,-2.809017,0.535763
42,60,-3.375575,0.293709
42,61,-3.198747,0.501184
42,62,-3.033513,0.639501
42,63,-2.204665,0.939015
43,0,0.967787,1.054279
43,1,1.143944,1.158016
43,2,1.204010,1.365319
43,3,1.214286,1.665005
43,4,1.196326,1.745690
43,5,1.094323,1.665005
43,6,0.888677,1.434477
43,7,0.744117,1.111911
43,8,0.597091,0.812225
43,9,0.450088,0.374394
43,10,0.360944,0.132340
43,11,0.396856,0.028774
43,12,0.477959,-0.017331
43,13,0.503528,0.005722
43,14,0.589914,0.155392
43,15,0.845745,0.512711
43,16,0.972360,0.823751
43,17,0.626433,0.432026
43,18,0.313043,-0.132595
43,19,0.132072,0.213024
43,20,-0.114840,-0.581952
43,21,-0.143765,-0.674163
43,22,-0.039580,-0.420755
43,23,0.261480,-0.293965
43,24,0.636618,0.074708
43,25,0.987079,0.478131
43,26,1.162933,0.927489
43,27,1.242367,1.353793
43,28,1.260129,1.446004
43,29,1.163176,1.342266
43,30,0.978421,1.134963
43,31,0.830196,0.754593
43,32,0.705775,0.397447
43,33,0.582336,0.074708
43,34,0.523009,-0.074963
43,35,0.515229,-0.167174
43,36,0.541417,-0.190227
43,37,0.555353,-0.178701
43,38,0.584854,-0.086490
43,39,0.800135,0.627974
43,40,0.856861,0.985120
43,41,0.435089,-1.100468
43,42,0.034448,-3.117069
43,43,-0.234837,-3.946797
43,44,-0.485750,-4.292417
43,45,-0.473559,-4.303943
43,46,-0.320960,-3.762375
43,47,0.039303,-2.863488
43,48,0.503693,-1.907143
43,49,0.902837,-0.581952
43,50,1.082763,0.443552
43,51,1.189948,1.054279
43,52,1.248290,1.284634
43,53,1.175462,1.227002
43,54,0.980667,0.973594
43,55,0.816934,0.650855
43,56,0.674482,0.351341
43,57,0.545169,0.040301
43,58,0.467419,-0.109542
43,59,0.438283,-0.236333
43,60,0.476376,-0.259385
43,61,0.476559,-0.270912
43,62,0.482977,-0.178701
43,63,0.692359,0.259130
44,0,0.347659,0.846804
44,1,-1.242354,0.501184
44,2,-2.611857,-0.086490
44,3,-3.295635,0.109287
44,4,-3.765460,0.155392
44,5,-3.800642,0.270656
44,6,-3.530168,0.696961
44,7,-2.713080,0.812225
44,8,-1.581053,0.696961
44,9,-0.088848,0.939015
44,10,0.724500,1.307687
44,11,1.157977,1.549741
44,12,1.299723,1.595847
44,13,1.323731,1.376845
44,14,1.048610,1.077331
44,15,0.734995,0.696961
44,16,0.396828,0.339815
44,17,0.290830,0.097761
44,18,0.257816,-0.040384
44,19,0.229865,-0.121069
44,20,0.177516,-0.167174
44,21,0.105405,-0.167174
44,22,0.207024,-0.121069
44,23,0.555486,0.259130
44,24,0.605208,0.800698
44,25,-0.987917,0.789172
44,26,-2.281482,0.362867
44,27,-2.880144,0.339815
44,28,-3.309141,0.570342
44,29,-3.389788,0.547290
44,30,-3.097231,0.408973
44,31,-2.236301,0.627974
44,32,-1.219033,0.858330
44,33,0.130957,0.996647
44,34,0.796262,1.123437
44,35,1.223992,1.572794
44,36,1.383321,1.618900
44,37,1.414955,1.480583
44,38,1.166227,1.204122
44,39,0.864340,0.846804
44,40,0.536770,0.408973
44,41,0.347899,0.109287
44,42,0.253350,-0.051910
44,43,0.211638,-0.098016
44,44,0.198550,-0.201753
44,45,0.138048,-0.213280
44,46,0.167578,-0.132595
44,47,0.512445,0.259130
44,48,0.554030,0.869857
44,49,-1.067883,0.696961
44,50,-2.418432,0.466605
44,51,-3.033245,0.604922
44,52,-3.308116,0.443552
44,53,-3.277743,0.547290
44,54,-2.918985,0.558816
44,55,-2.144807,0.708487
44,56,-1.171951,1.042752
44,57,0.178299,1.100384
44,58,0.825375,1.261582
44,59,1.254378,1.653479
44,60,1.390912,1.780269
44,61,1.399527,1.630426
44,62,1.132551,1.353793
44,63,0.824918,1.031226
45,0,0.516522,0.699468
45,1,0.535476,0.058352
45,2,0.462765,0.090408
45,3,0.473996,0.346854
45,4,0.395307,-0.037816
45,5,0.292468,0.026296
45,6,0.277429,0.026296
45,7,0.377083,-0.037816
45,8,0.290134,0.443022
45,9,0.190376,1.020026
45,10,0.305012,1.724776
45,11,0.224341,2.109445
45,12,0.037296,1.244417
45,13,0.008950,1.020026
45,14,0.029308,1.917110
45,15,-0.034192,0.731524
45,16,-0.214841,0.314798
45,17,-0.399412,-0.166039
45,18,-0.560598,-0.389951
45,19,-0.601151,-0.422007
45,20,-0.658524,-0.357895
45,21,-0.671884,-0.293784
45,22,-0.255229,0.058352
45,23,0.227790,0.859747
45,24,0.357710,0.410966
45,25,0.327179,1.116194
45,26,0.289597,0.923859
45,27,0.317294,1.340584
45,28,0.183199,0.987970
45,29,0.057074,1.084138
45,30,0.028243,0.827691
45,31,0.106666,0.891803
45,32,0.030160,1.212361
45,33,-0.052959,1.532441
45,34,0.046854,1.596552
45,35,0.007768,2.622338
45,36,-0.157328,2.462059
45,37,-0.190145,2.590282
45,38,-0.160225,0.507133
45,39,-0.209550,0.731524
45,40,-0.359702,-0.325839
45,41,-0.502848,-0.197616
45,42,-0.627860,-0.422007
45,43,-0.621453,-0.454063
45,44,-0.656831,-0.357895
45,45,-0.684995,-0.678453
45,46,-0.255554,-0.422007
45,47,0.111449,0.314798
45,48,0.231147,0.571245
45,49,0.155679,0.507133
45,50,0.083550,0.795636
45,51,0.082548,0.763580
45,52,0.016177,0.539189
45,53,-0.060633,0.250687
45,54,-0.039148,-0.069871
45,55,0.100803,0.058352
45,56,0.087718,0.314798
45,57,0.033431,0.443022
45,58,0.205309,0.731524
45,59,0.119011,0.763580
45,60,-0.053183,1.468329
45,61,-0.093326,1.180305
45,62,-0.104274,1.116194
45,63,-0.176782,0.378910
46,0,-0.049730,0.122463
46,1,-0.328267,-0.197616
46,2,-0.522226,-0.325839
46,3,-0.517889,-0.325839
46,4,-0.533929,-0.293784
46,5,-0.511587,-0.710509
46,6,0.056265,0.218631
46,7,0.637809,1.244417
46,8,0.741973,1.436273
46,9,0.801718,1.084138
46,10,0.654652,1.148250
46,11,0.600042,0.827691
46,12,0.555684,1.148250
46,13,0.452725,0.475077
46,14,0.455488,0.539189
46,15,0.640208,0.443022
46,16,0.584434,0.795636
46,17,0.640300,0.539189
46,18,1.069752,1.116194
46,19,1.220060,1.628608
46,20,0.994115,0.763580
46,21,1.052057,1.180305
46,22,0.814235,0.122463
46,23,0.332130,0.250687
46,24,-0.080805,0.058352
46,25,-0.340169,-0.166039
46,26,-0.524677,-0.422007
46,27,-0.506028,-0.293784
46,28,-0.514519,-0.357895
46,29,-0.488598,-0.389951
46,30,0.116176,-0.101927
46,31,0.720530,0.507133
46,32,0.895002,1.308529
46,33,0.927739,0.635356
46,34,0.781101,0.603301
46,35,0.742568,0.603301
46,36,0.674596,0.667412
46,37,0.545908,0.250687
46,38,0.554724,0.731524
46,39,0.691762,0.218631
46,40,0.665048,1.052082
46,41,0.715509,1.052082
46,42,1.169918,1.820943
46,43,1.399112,1.917110
46,44,1.121427,2.173557
46,45,1.206804,2.558227
46,46,0.971117,1.885055
46,47,0.427896,0.603301
46,48,-0.046336,-0.101927
46,49,-0.350016,-0.101927
46,50,-0.545205,-0.197616
46,51,-0.514292,-0.293784
46,52,-0.518418,-0.261728
46,53,-0.473479,-0.486119
46,54,0.141457,0.539189
46,55,0.809142,0.763580
46,56,0.987278,1.276473
46,57,0.974623,1.052082
46,58,0.822686,1.052082
46,59,0.766095,1.180305
46,60,0.711605,1.084138
46,61,0.576254,0.635356
46,62,0.565773,0.507133
46,63,0.738405,0.987970
47,0,1.046853,1.148250
47,1,1.072371,0.731524
47,2,1.580992,0.635356
47,3,1.892847,0.154519
47,4,1.613398,0.282743
47,5,1.686579,0.859747
47,6,1.343568,0.667412
47,7,0.685123,0.250687
47,8,0.180956,-0.037816
47,9,-0.147564,-0.325839
47,10,-0.342330,-0.454063
47,11,-0.315409,-0.646398
47,12,-0.288673,-0.646398
47,13,-0.244993,-0.774621
47,14,0.310238,-0.133983
47,15,0.965010,-0.005760
47,16,1.207893,0.410966
47,17,1.069687,0.378910
47,18,0.980610,0.795636
47,19,0.987491,0.250687
47,20,0.903635,0.026296
47,21,0.709684,0.539189
47,22,0.664501,0.218631
47,23,0.777607,0.635356
47,24,0.839101,0.987970
47,25,0.857702,1.084138
47,26,1.276394,1.596552
47,27,1.549968,1.276473
47,28,1.337887,1.949166
47,29,1.381359,2.462059
47,30,1.128043,1.885055
47,31,0.608679,0.507133
47,32,0.139872,0.090408
47,33,-0.182391,-0.101927
47,34,-0.378083,-0.293784
47,35,-0.345292,-0.389951
47,36,-0.333984,-0.422007
47,37,-0.291756,-0.454063
47,38,0.189971,0.250687
47,39,0.784680,0.603301
47,40,1.044130,0.923859
47,41,0.987998,0.923859
47,42,0.926870,0.923859
47,43,0.904664,0.923859
47,44,0.835291,0.923859
47,45,0.654745,0.923859
47,46,0.597440,0.923859
47,47,0.703933,0.923859
47,48,0.773324,0.923859
47,49,0.811557,0.923859
47,50,1.207999,0.923859
47,51,1.444422,0.923859
47,52,1.228121,0.923859
47,53,1.166295,0.923859
47,54,0.973759,0.923859
47,55,0.571455,0.923859
47,56,0.141774,0.923859
47,57,-0.192730,0.923859
47,58,-0.374712,0.923859
47,59,-0.361683,0.923859
47,60,-0.392246,0.923859
47,61,-0.386949,0.923859
47,62,0.021688,0.923859
47,63,0.529773,0.923859
48,0,1.035664,1.244417
48,1,1.044856,0.955915
48,2,1.050484,0.731524
48,3,1.032630,0.731524
48,4,0.980589,0.443022
48,5,0.927512,0.603301
48,6,0.895194,0.795636
48,7,0.932814,0.346854
48,8,0.996331,0.923859
48,9,1.053801,0.859747
48,10,1.130920,1.436273
48,11,1.175827,1.852999
48,12,1.165762,2.013278
48,13,1.160831,1.820943
48,14,1.057045,1.084138
48,15,0.837222,0.731524
48,16,0.666015,0.090408
48,17,0.481940,-0.357895
48,18,0.333738,-0.325839
48,19,0.270999,-0.454063
48,20,0.228853,-0.422007
48,21,0.242799,-0.166039
48,22,0.498549,0.090408
48,23,0.823248,-0.166039
48,24,0.960946,0.667412
48,25,0.987560,0.571245
48,26,0.985372,0.475077
48,27,0.970875,0.346854
48,28,0.930390,0.475077
48,29,0.869339,0.250687
48,30,0.835231,-0.197616
48,31,0.865842,0.507133
48,32,0.929886,0.475077
48,33,0.988366,1.148250
48,34,1.110441,2.301780
48,35,1.080051,2.365892
48,36,1.016221,2.333836
48,37,1.021156,2.365892
48,38,0.950978,1.436273
48,39,0.734051,0.507133
48,40,0.515098,-0.133983
48,41,0.328707,0.026296
48,42,0.188031,-0.166039
48,43,0.122963,-0.357895
48,44,0.096021,-0.357895
48,45,0.139408,-0.774621
48,46,0.445141,0.346854
48,47,0.927247,0.699468
48,48,1.061248,0.795636
48,49,1.011198,1.308529
48,50,0.966685,0.667412
48,51,0.935946,0.795636
48,52,0.901502,0.859747
48,53,0.842970,0.026296
48,54,0.827408,0.603301
48,55,0.892901,0.571245
48,56,0.958143,0.763580
48,57,1.012798,0.571245
48,58,1.219963,0.410966
48,59,1.256691,0.314798
48,60,1.210713,0.346854
48,61,1.325470,0.410966
48,62,1.077929,0.314798
48,63,0.714646,0.186575
49,0,-0.156782,-0.101927
49,1,-0.296347,0.218631
49,2,-0.394540,-0.197616
49,3,-0.412467,-0.357895
49,4,-0.408301,-0.293784
49,5,-0.396952,-0.069871
49,6,0.104784,-0.325839
49,7,0.624237,0.507133
49,8,0.861276,0.346854
49,9,0.845907,0.667412
49,10,0.734280,0.378910
49,11,0.684244,0.346854
49,12,0.622454,0.282743
49,13,0.546431,0.282743
49,14,0.541124,-0.261728
49,15,0.661023,0.539189
49,16,0.710761,0.699468
49,17,0.780404,0.186575
49,18,1.130873,0.667412
49,19,1.264259,0.827691
49,20,1.105855,0.699468
49,21,1.217636,0.667412
49,22,0.871584,0.507133
49,23,0.316945,-0.037816
49,24,-0.027213,-0.133983
49,25,-0.205263,0.250687
49,26,-0.333053,-0.261728
49,27,-0.358526,-0.454063
49,28,-0.361548,-0.454063
49,29,-0.363573,0.410966
49,30,0.160747,0.603301
49,31,0.713323,0.635356
49,32,1.006363,1.052082
49,33,0.996969,1.180305
49,34,0.864973,0.378910
49,35,0.811162,0.314798
49,36,0.731432,0.731524
49,37,0.636565,0.731524
49,38,0.640575,0.507133
49,39,0.728725,0.763580
49,40,0.757809,1.340584
49,41,0.805673,1.500385
49,42,1.071620,2.269724
49,43,1.242145,2.654394
49,44,1.099637,2.526171
49,45,1.220905,2.526171
49,46,0.872787,2.045334
49,47,0.344433,0.859747
49,48,-0.024115,0.154519
49,49,-0.228189,-0.261728
49,50,-0.359368,-0.229672
49,51,-0.385038,-0.229672
49,52,-0.391246,-0.197616
49,53,-0.380870,0.058352
49,54,0.132717,0.218631
49,55,0.715268,0.763580
49,56,1.016642,0.539189
49,57,0.953264,1.020026
49,58,0.826713,0.667412
49,59,0.764436,0.539189
49,60,0.678700,1.180305
49,61,0.580941,1.084138
49,62,0.574548,0.571245
49,63,0.675785,0.763580
50,0,0.952019,0.827691
50,1,1.099560,0.827691
50,2,1.437074,1.052082
50,3,1.672937,2.269724
50,4,1.612651,2.013278
50,5,1.560399,1.500385
50,6,1.171978,1.596552
50,7,0.592010,0.410966
50,8,0.124292,-0.197616
50,9,-0.123116,-0.389951
50,10,-0.294741,-0.582286
50,11,-0.317148,-0.614342
50,12,-0.275628,-0.614342
50,13,-0.158654,-0.710509
50,14,0.172289,0.186575
50,15,0.603494,0.443022
50,16,0.771520,0.827691
50,17,0.749781,0.571245
50,18,0.644852,0.731524
50,19,0.589585,0.507133
50,20,0.549805,0.891803
50,21,0.458373,0.635356
50,22,0.411752,0.571245
50,23,0.532235,0.571245
50,24,0.718840,1.596552
50,25,0.921261,0.923859
50,26,1.303196,0.763580
50,27,1.541239,0.475077
50,28,1.488816,0.282743
50,29,1.483524,0.314798
50,30,1.117166,0.475077
50,31,0.550884,-0.069871
50,32,0.085270,-0.261728
50,33,-0.158062,-0.293784
50,34,-0.322273,-0.325839
50,35,-0.342270,-0.325839
50,36,-0.329825,-0.293784
50,37,-0.229072,-0.229672
50,38,0.124898,0.122463
50,39,0.491231,0.923859
50,40,0.757516,0.571245
50,41,0.778039,0.763580
50,42,0.691406,0.539189
50,43,0.639772,0.378910
50,44,0.605545,0.443022
50,45,0.522566,-0.037816
50,46,0.474857,-0.037816
50,47,0.599461,0.603301
50,48,0.779526,0.603301
50,49,0.964557,0.346854
50,50,1.331342,-0.197616
50,51,1.550141,-0.325839
50,52,1.484458,-0.293784
50,53,1.419642,0.186575
50,54,1.031535,-0.101927
50,55,0.496814,0.026296
50,56,0.045298,-0.229672
50,57,-0.202948,-0.197616
50,58,-0.348163,-0.229672
50,59,-0.362194,-0.166039
50,60,-0.361248,-0.293784
50,61,-0.282015,-0.325839
50,62,0.030700,0.507133
50,63,0.399184,1.276473
51,0,1.163156,0.923859
51,1,1.078778,1.180305
51,2,0.901429,1.212361
51,3,0.847598,0.763580
51,4,0.807167,0.859747
51,5,0.648627,0.667412
51,6,0.565784,0.410966
51,7,0.654745,0.635356
51,8,0.726638,0.603301
51,9,0.770301,-0.166039
51,10,0.882569,0.667412
51,11,0.975424,0.699468
51,12,0.997177,0.314798
51,13,0.983953,0.314798
51,14,0.769208,0.218631
51,15,0.375859,-0.037816
51,16,0.080182,-0.069871
51,17,-0.110509,0.026296
51,18,-0.244369,-0.101927
51,19,-0.294639,-0.293784
51,20,-0.278139,-0.229672
51,21,-0.168824,-0.518174
51,22,0.267671,0.410966
51,23,0.817155,0.987970
51,24,0.937048,1.020026
51,25,0.867723,1.180305
51,26,0.724342,0.603301
51,27,0.664928,0.795636
51,28,0.634418,0.539189
51,29,0.536665,0.667412
51,30,0.488794,0.122463
51,31,0.620915,0.507133
51,32,0.755339,0.346854
51,33,0.889138,-0.101927
51,34,1.115000,-0.101927
51,35,1.294061,-0.229672
51,36,1.243414,-0.518174
51,37,1.209524,-0.229672
51,38,0.874408,0.058352
51,39,0.418676,-0.166039
51,40,0.066968,0.090408
51,41,-0.138836,0.090408
51,42,-0.269958,-0.069871
51,43,-0.325503,-0.069871
51,44,-0.308193,0.058352
51,45,-0.197560,-0.486119
51,46,0.183870,0.314798
51,47,0.672416,0.827691
51,48,0.872944,1.180305
51,49,0.838445,0.923859
51,50,0.677530,1.052082
51,51,0.625617,0.475077
51,52,0.612282,0.827691
51,53,0.513252,1.180305
51,54,0.465069,1.116194
51,55,0.614450,0.763580
51,56,0.793098,0.763580
51,57,0.983004,0.539189
51,58,1.295003,0.731524
51,59,1.532448,0.154519
51,60,1.488833,-0.133983
51,61,1.542251,-0.261728
51,62,1.101400,0.154519
51,63,0.563091,-0.229672
52,0,-0.198698,-0.229672
52,1,-0.226605,-0.293784
52,2,-0.278390,0.282743
52,3,-0.322475,-0.069871
52,4,-0.308990,-0.166039
52,5,-0.266717,0.058352
52,6,0.280392,0.667412
52,7,0.780128,0.539189
52,8,0.931486,0.859747
52,9,0.967791,0.923859
52,10,0.798700,1.212361
52,11,0.737905,0.923859
52,12,0.746827,0.763580
52,13,0.628748,0.635356
52,14,0.552968,0.410966
52,15,0.658820,0.475077
52,16,0.746802,0.827691
52,17,0.762228,0.795636
52,18,1.051630,0.282743
52,19,1.178308,0.314798
52,20,1.049699,-0.037816
52,21,1.069228,0.090408
52,22,0.781604,0.058352
52,23,0.267213,-0.101927
52,24,-0.045879,0.314798
52,25,-0.177133,0.058352
52,26,-0.277294,-0.069871
52,27,-0.328942,-0.069871
52,28,-0.305551,-0.037816
52,29,-0.255880,-0.133983
52,30,0.219564,0.410966
52,31,0.690108,0.795636
52,32,0.873955,1.212361
52,33,0.933203,1.212361
52,34,0.777969,1.148250
52,35,0.726090,1.052082
52,36,0.730203,0.346854
52,37,0.638034,0.250687
52,38,0.566624,0.218631
52,39,0.677206,0.314798
52,40,0.791811,0.603301
52,41,0.866543,0.827691
52,42,1.162450,0.475077
52,43,1.387258,0.443022
52,44,1.302949,0.026296
52,45,1.323860,0.026296
52,46,0.975982,-0.005760
52,47,0.389642,0.058352
52,48,-0.013858,0.122463
52,49,-0.219871,-0.069871
52,50,-0.340211,-0.133983
52,51,-0.408385,0.090408
52,52,-0.409060,0.154519
52,53,-0.378284,0.410966
52,54,0.078185,0.795636
52,55,0.597830,1.020026
52,56,0.794774,1.628608
52,57,0.821231,1.084138
52,58,0.711072,1.212361
52,59,0.656270,0.955915
52,60,0.641023,1.244417
52,61,0.542509,0.475077
52,62,0.453250,0.859747
52,63,0.562366,1.308529
53,0,1.253268,0.571245
53,1,1.077671,0.186575
53,2,1.020704,0.539189
53,3,0.911812,0.090408
53,4,0.743000,-0.357895
53,5,0.693493,-0.166039
53,6,0.551628,0.250687
53,7,0.314625,0.218631
53,8,0.163353,-0.197616
53,9,0.075329,-0.229672
53,10,0.030188,-0.389951
53,11,0.026481,0.154519
53,12,0.051415,-0.005760
53,13,0.110937,-0.166039
53,14,0.557787,0.571245
53,15,0.962417,1.404696
53,16,1.141762,1.308529
53,17,1.082512,0.539189
53,18,0.984798,0.923859
53,19,0.904150,0.635356
53,20,0.823826,0.571245
53,21,0.699117,0.763580
53,22,0.642554,0.058352
53,23,0.748673,0.699468
53,24,0.899420,0.635356
53,25,0.879455,0.090408
53,26,0.912867,-0.101927
53,27,0.904482,0.122463
53,28,0.755354,-0.005760
53,29,0.725495,0.539189
53,30,0.554430,-0.037816
53,31,0.276055,-0.101927
53,32,0.110817,-0.325839
53,33,0.025306,-0.069871
53,34,-0.024406,-0.229672
53,35,-0.044379,-0.261728
53,36,-0.042320,-0.325839
53,37,0.014303,0.026296
53,38,0.466425,0.026296
53,39,0.919791,0.378910
53,40,1.105332,0.763580
53,41,1.066492,1.020026
53,42,0.987830,0.539189
53,43,0.895303,0.795636
53,44,0.805366,0.923859
53,45,0.672444,0.699468
53,46,0.596582,0.955915
53,47,0.692331,0.955915
53,48,0.878947,0.955915
53,49,0.833494,-0.005760
53,50,0.864370,0.154519
53,51,0.870842,-0.166039
53,52,0.740363,-0.197616
53,53,0.722418,-0.325839
53,54,0.534244,-0.166039
53,55,0.271209,0.250687
53,56,0.096305,-0.229672
53,57,0.001024,-0.101927
53,58,-0.058846,-0.166039
53,59,-0.089216,0.058352
53,60,-0.116926,-0.101927
53,61,-0.086143,-0.261728
53,62,0.375455,-0.101927
53,63,0.842812,0.571245
54,0,0.759874,0.859747
54,1,0.826745,0.635356
54,2,0.718044,0.891803
54,3,0.670772,0.346854
54,4,0.693637,0.603301
54,5,0.568431,0.539189
54,6,0.485668,0.507133
54,7,0.551638,0.378910
54,8,0.550496,0.186575
54,9,0.346569,0.122463
54,10,0.252303,0.218631
54,11,0.152695,0.154519
54,12,0.072904,-0.357895
54,13,0.077625,-0.037816
54,14,0.078036,0.026296
54,15,-0.007900,0.186575
54,16,-0.091518,-0.261728
54,17,-0.159992,-0.486119
54,18,-0.199440,-0.518174
54,19,-0.190103,-0.550230
54,20,-0.211524,-0.710509
54,21,-0.175968,-0.806677
54,22,0.176879,0.122463
54,23,0.675049,0.378910
54,24,0.846353,0.314798
54,25,0.859498,1.020026
54,26,0.744069,0.731524
54,27,0.681970,0.667412
54,28,0.663321,0.378910
54,29,0.551783,0.218631
54,30,0.463480,0.378910
54,31,0.543951,0.475077
54,32,0.613224,0.475077
54,33,0.446076,0.314798
54,34,0.457134,0.122463
54,35,0.315836,-0.069871
54,36,0.208432,-0.614342
54,37,0.197355,-0.101927
54,38,0.215911,-0.197616
54,39,0.058116,0.058352
54,40,-0.060206,-0.389951
54,41,-0.130394,-0.646398
54,42,-0.174899,-0.678453
54,43,-0.171259,-0.710509
54,44,-0.196300,-0.678453
54,45,-0.152445,-0.357895
54,46,0.248837,-0.389951
54,47,0.781671,0.250687
54,48,0.961415,0.603301
54,49,0.974633,0.378910
54,50,0.821625,0.443022
54,51,0.747046,0.507133
54,52,0.729692,0.763580
54,53,0.604406,0.859747
54,54,0.527607,0.346854
54,55,0.600498,0.603301
54,56,0.715871,0.987970
54,57,0.548141,0.731524
54,58,0.550115,0.699468
54,59,0.428028,0.346854
54,60,0.334396,-0.197616
54,61,0.313072,0.346854
54,62,0.267149,0.186575
54,63,0.118412,0.026296
55,0,-0.101142,0.250687
55,1,-0.224661,-0.069871
55,2,-0.287153,0.058352
55,3,-0.306445,0.058352
55,4,-0.319096,-0.069871
55,5,-0.233188,0.218631
55,6,0.180466,0.795636
55,7,0.628981,1.180305
55,8,0.807926,1.052082
55,9,0.852816,1.052082
55,10,0.743860,1.372640
55,11,0.682408,1.148250
55,12,0.655302,1.020026
55,13,0.542933,0.667412
55,14,0.508489,0.507133
55,15,0.637698,1.308529
55,16,0.791197,1.244417
55,17,0.649442,0.122463
55,18,0.642738,0.539189
55,19,0.541251,0.410966
55,20,0.371716,0.058352
55,21,0.457849,0.314798
55,22,0.381735,0.122463
55,23,0.134589,0.507133
55,24,-0.098133,0.058352
55,25,-0.222883,0.122463
55,26,-0.289031,0.250687
55,27,-0.300353,0.122463
55,28,-0.300508,0.410966
55,29,-0.200534,0.122463
55,30,0.230833,0.250687
55,31,0.715323,0.987970
55,32,0.916165,1.308529
55,33,0.891742,1.852999
55,34,0.784770,1.372640
55,35,0.734093,1.212361
55,36,0.729721,1.116194
55,37,0.584858,1.660664
55,38,0.545538,0.827691
55,39,0.649534,1.660664
55,40,0.765175,1.244417
55,41,0.575846,0.763580
55,42,0.488700,0.218631
55,43,0.365823,0.250687
55,44,0.234315,-0.101927
55,45,0.280684,0.250687
55,46,0.282096,0.090408
55,47,0.082016,0.378910
55,48,-0.135068,0.378910
55,49,-0.249335,0.090408
55,50,-0.313359,0.282743
55,51,-0.324922,0.218631
55,52,-0.323408,0.314798
55,53,-0.230523,0.154519
55,54,0.164553,0.154519
55,55,0.679820,0.699468
55,56,0.847451,0.859747
55,57,0.845991,1.244417
55,58,0.724233,1.020026
55,59,0.662887,1.180305
55,60,0.635875,1.084138
55,61,0.496677,0.891803
55,62,0.459706,-0.005760
55,63,0.578099,0.539189
56,0,0.654131,0.763580
56,1,0.323962,0.346854
56,2,0.282366,0.763580
56,3,0.179546,0.058352
56,4,0.055088,-0.229672
56,5,0.200346,-0.101927
56,6,0.205120,-0.229672
56,7,0.155490,-0.293784
56,8,0.057364,-0.486119
56,9,-0.009702,-0.454063
56,10,-0.039719,-0.357895
56,11,-0.022514,-0.357895
56,12,-0.042005,-0.261728
56,13,-0.006802,-0.325839
56,14,0.316116,0.346854
56,15,0.792079,0.507133
56,16,1.023991,0.923859
56,17,1.062232,1.052082
56,18,0.942260,0.891803
56,19,0.909735,0.635356
56,20,0.934074,0.507133
56,21,0.793118,0.475077
56,22,0.614039,0.250687
56,23,0.694154,0.250687
56,24,0.698325,0.507133
56,25,0.384699,-0.005760
56,26,0.350333,0.507133
56,27,0.267115,0.987970
56,28,0.107604,0.507133
56,29,0.178440,0.507133
56,30,0.204694,0.699468
56,31,0.174432,0.475077
56,32,0.058508,0.186575
56,33,-0.002223,0.090408
56,34,-0.029672,0.058352
56,35,-0.027661,0.122463
56,36,-0.064759,0.250687
56,37,-0.044858,-0.486119
56,38,0.254482,0.795636
56,39,0.738731,1.340584
56,40,0.947073,1.500385
56,41,0.982876,1.981222
56,42,0.855358,1.724776
56,43,0.793635,1.820943
56,44,0.752894,1.404696
56,45,0.641121,1.660664
56,46,0.496040,1.244417
56,47,0.537772,1.180305
56,48,0.501667,1.148250
56,49,0.275783,0.186575
56,50,0.225061,0.859747
56,51,0.114976,0.827691
56,52,-0.032061,0.443022
56,53,0.023321,0.443022
56,54,0.099517,-0.005760
56,55,0.117406,-0.037816
56,56,-0.009857,0.571245
56,57,-0.100020,0.154519
56,58,-0.148292,-0.037816
56,59,-0.155549,-0.005760
56,60,-0.193381,0.154519
56,61,-0.168927,0.218631
56,62,0.159030,0.667412
56,63,0.597022,1.244417
57,0,1.354175,2.365892
57,1,1.468936,2.141501
57,2,1.366132,1.949166
57,3,1.264259,1.404696
57,4,1.215866,1.692720
57,5,1.115889,1.404696
57,6,0.946950,0.507133
57,7,1.025941,1.404696
57,8,0.963984,1.084138
57,9,0.713102,0.443022
57,10,0.694641,0.346854
57,11,0.580054,0.507133
57,12,0.365084,-0.101927
57,13,0.317233,0.058352
57,14,0.293909,0.378910
57,15,0.218519,0.026296
57,16,0.141837,0.186575
57,17,0.031600,0.314798
57,18,-0.050003,0.122463
57,19,-0.064314,0.026296
57,20,-0.041540,0.058352
57,21,0.060993,0.507133
57,22,0.510284,0.571245
57,23,1.033275,1.116194
57,24,1.203249,1.372640
57,25,1.321455,1.564497
57,26,1.255905,1.180305
57,27,1.144105,1.372640
57,28,1.071463,1.372640
57,29,0.927313,1.500385
57,30,0.775649,0.955915
57,31,0.891631,1.116194
57,32,0.914443,1.340584
57,33,0.672933,0.378910
57,34,0.695136,0.731524
57,35,0.561086,0.603301
57,36,0.356874,0.218631
57,37,0.332891,0.571245
57,38,0.326078,0.603301
57,39,0.262378,-0.037816
57,40,0.158719,-0.005760
57,41,0.047072,0.154519
57,42,-0.041369,0.058352
57,43,-0.060775,-0.133983
57,44,-0.046478,-0.133983
57,45,0.064290,-0.518174
57,46,0.541246,0.603301
57,47,1.075769,1.084138
57,48,1.294591,0.955915
57,49,1.385304,1.084138
57,50,1.293843,0.635356
57,51,1.150737,1.020026
57,52,1.081079,1.116194
57,53,0.912216,1.020026
57,54,0.766253,0.827691
57,55,0.893962,0.507133
57,56,0.915464,1.020026
57,57,0.675843,0.186575
57,58,0.678854,0.410966
57,59,0.603819,0.635356
57,60,0.429661,2.141501
57,61,0.393347,0.218631
57,62,0.376412,0.731524
57,63,0.329380,0.218631
58,0,0.208576,0.090408
58,1,0.135510,-0.069871
58,2,0.068472,-0.197616
58,3,0.053503,-0.293784
58,4,0.050836,-0.357895
58,5,0.087716,0.090408
58,6,0.573934,0.314798
58,7,1.033937,0.827691
58,8,1.256501,1.052082
58,9,1.360807,1.276473
58,10,1.252973,1.084138
58,11,1.171998,0.571245
58,12,1.125384,0.955915
58,13,1.006272,1.180305
58,14,0.873202,0.955915
58,15,1.015593,1.244417
58,16,0.922682,0.859747
58,17,0.546392,0.186575
58,18,0.490530,0.475077
58,19,0.413220,0.154519
58,20,0.293448,0.122463
58,21,0.309650,0.186575
58,22,0.308243,0.090408
58,23,0.205992,0.218631
58,24,0.110127,-0.005760
58,25,0.039309,-0.229672
58,26,-0.005747,-0.486119
58,27,0.001392,-0.582286
58,28,0.007033,-0.518174
58,29,0.029991,-0.422007
58,30,0.458349,0.378910
58,31,0.917278,0.795636
58,32,1.174041,0.795636
58,33,1.247696,0.827691
58,34,1.165721,0.923859
58,35,1.096220,1.084138
58,36,1.030125,0.955915
58,37,0.878871,1.308529
58,38,0.727269,0.891803
58,39,0.778171,0.923859
58,40,0.770085,0.827691
58,41,0.457873,1.244417
58,42,0.399731,0.378910
58,43,0.322053,0.443022
58,44,0.199314,-0.293784
58,45,0.209899,0.154519
58,46,0.203908,0.122463
58,47,0.121465,0.090408
58,48,0.033602,0.026296
58,49,-0.030287,-0.197616
58,50,-0.093673,-0.357895
58,51,-0.104143,-0.197616
58,52,-0.099653,-0.261728
58,53,-0.062287,-0.518174
58,54,0.388800,0.635356
58,55,0.863256,1.180305
58,56,1.132006,1.340584
58,57,1.230600,1.372640
58,58,1.134703,1.212361
58,59,1.046648,1.180305
58,60,0.981506,0.923859
58,61,0.851293,0.923859
58,62,0.704734,0.539189
58,63,0.798507,0.314798
59,0,0.505971,1.180305
59,1,0.196392,0.475077
59,2,0.286490,0.635356
59,3,0.199060,0.410966
59,4,0.014655,-0.293784
59,5,0.047522,0.346854
59,6,0.115092,0.443022
59,7,0.047080,0.154519
59,8,-0.045709,0.378910
59,9,-0.137113,0.122463
59,10,-0.205711,-0.005760
59,11,-0.217637,-0.005760
59,12,-0.233761,0.218631
59,13,-0.178439,0.475077
59,14,0.309986,0.346854
59,15,0.905479,1.084138
59,16,1.175064,1.212361
59,17,1.199700,1.084138
59,18,1.059314,1.180305
59,19,0.988560,1.532441
59,20,0.955791,0.891803
59,21,0.899792,0.507133
59,22,0.713219,0.410966
59,23,0.705079,1.084138
59,24,0.654902,0.763580
59,25,0.348388,0.571245
59,26,0.358279,-0.037816
59,27,0.252017,0.186575
59,28,0.100624,0.507133
59,29,0.127202,0.603301
59,30,0.167487,0.314798
59,31,0.120299,0.443022
59,32,0.060308,0.923859
59,33,-0.025649,0.763580
59,34,-0.126674,0.346854
59,35,-0.153466,0.603301
59,36,-0.167027,0.635356
59,37,-0.095433,0.090408
59,38,0.377417,1.276473
59,39,0.931815,1.852999
59,40,1.209191,2.077389
59,41,1.243562,2.301780
59,42,1.105766,2.269724
59,43,1.003402,1.660664
59,44,0.989012,1.532441
59,45,0.914350,1.340584
59,46,0.753399,0.827691
59,47,0.836066,1.148250
59,48,0.772539,1.148250
59,49,0.398413,1.276473
59,50,0.381534,0.923859
59,51,0.250194,1.052082
59,52,0.060823,0.186575
59,53,0.076667,1.340584
59,54,0.166389,1.660664
59,55,0.129993,1.308529
59,56,0.069599,0.731524
59,57,-0.007069,0.410966
59,58,-0.125747,-0.069871
59,59,-0.136329,0.154519
59,60,-0.167561,-0.069871
59,61,-0.121712,-0.486119
59,62,0.386696,0.539189
59,63,0.841847,1.052082
60,0,1.321793,1.212361
60,1,1.433438,0.923859
60,2,1.285329,1.308529
60,3,1.176076,0.859747
60,4,1.096964,0.571245
60,5,0.961141,0.571245
60,6,0.809235,0.859747
60,7,0.933079,0.827691
60,8,0.869925,0.955915
60,9,0.603926,0.186575
60,10,0.546006,0.250687
60,11,0.471466,0.539189
60,12,0.340189,0.026296
60,13,0.388363,0.122463
60,14,0.393795,0.250687
60,15,0.367874,-0.005760
60,16,0.264028,-0.005760
60,17,0.081109,0.058352
60,18,-0.069712,-0.325839
60,19,-0.098554,-0.261728
60,20,-0.100600,-0.261728
60,21,-0.018629,-0.325839
60,22,0.499016,0.731524
60,23,1.069230,1.564497
60,24,1.333322,1.436273
60,25,1.397900,0.923859
60,26,1.279922,0.891803
60,27,1.164004,0.891803
60,28,1.067967,0.827691
60,29,0.924177,1.148250
60,30,0.775481,0.731524
60,31,0.887086,0.923859
60,32,0.831039,0.987970
60,33,0.586106,1.020026
60,34,0.526780,0.314798
60,35,0.451665,0.443022
60,36,0.318011,-0.229672
60,37,0.356851,0.122463
60,38,0.391101,0.346854
60,39,0.367458,-0.037816
60,40,0.271006,0.218631
60,41,0.109801,0.122463
60,42,-0.031660,0.218631
60,43,-0.072136,0.090408
60,44,-0.084841,0.122463
60,45,0.003513,-0.325839
60,46,0.488489,-0.229672
60,47,1.035258,0.346854
60,48,1.301636,0.859747
60,49,1.357468,0.987970
60,50,1.253219,0.763580
60,51,1.151254,0.987970
60,52,1.079312,0.507133
60,53,0.953280,0.859747
60,54,0.829941,0.475077
60,55,0.941964,0.635356
60,56,0.876445,0.795636
60,57,0.608202,0.346854
60,58,0.523682,0.539189
60,59,0.458441,0.539189
60,60,0.313609,0.122463
60,61,0.330090,0.346854
60,62,0.353855,0.443022
60,63,0.341487,0.282743
61,0,0.192269,-0.229672
61,1,0.080977,-0.037816
61,2,-0.027191,-0.101927
61,3,-0.076674,0.058352
61,4,-0.117513,-0.101927
61,5,-0.077092,0.571245
61,6,0.323595,0.443022
61,7,0.838304,0.763580
61,8,1.029346,1.020026
61,9,1.115775,1.404696
61,10,1.031083,0.987970
61,11,0.951348,1.244417
61,12,0.880422,1.020026
61,13,0.786329,0.891803
61,14,0.679886,0.539189
61,15,0.752057,0.987970
61,16,0.735156,0.891803
61,17,0.486595,0.539189
61,18,0.434427,0.346854
61,19,0.338032,0.186575
61,20,0.186179,-0.261728
61,21,0.218629,0.571245
61,22,0.223750,0.443022
61,23,0.167460,0.122463
61,24,0.061922,0.250687
61,25,-0.033682,0.443022
61,26,-0.131799,0.122463
61,27,-0.155750,0.058352
61,28,-0.170513,-0.197616
61,29,-0.113202,0.635356
61,30,0.295369,0.763580
61,31,0.827263,1.244417
61,32,1.066511,0.859747
61,33,1.139063,0.154519
61,34,1.060009,0.635356
61,35,0.958460,0.763580
61,36,0.863986,0.955915
61,37,0.767719,0.955915
61,38,0.674486,0.539189
61,39,0.707770,0.827691
61,40,0.689700,1.180305
61,41,0.438974,0.699468
61,42,0.384649,0.282743
61,43,0.307914,0.571245
61,44,0.180974,0.058352
61,45,0.237823,0.571245
61,46,0.274255,0.603301
61,47,0.236269,0.154519
61,48,0.148943,0.090408
61,49,0.040273,0.410966
61,50,-0.081178,-0.037816
61,51,-0.116285,0.058352
61,52,-0.131255,0.090408
61,53,-0.064198,0.282743
61,54,0.360434,0.410966
61,55,0.951159,1.020026
61,56,1.191138,1.020026
61,57,1.257932,1.308529
61,58,1.183105,0.827691
61,59,1.071663,0.763580
61,60,0.980675,0.891803
61,61,0.876884,0.731524
61,62,0.772889,0.539189
61,63,0.824691,0.443022
62,0,0.781318,0.571245
62,1,0.484598,-0.069871
62,2,0.381297,0.314798
62,3,0.307402,0.410966
62,4,0.134901,-0.069871
62,5,0.329984,-0.101927
62,6,0.379838,0.827691
62,7,0.231384,0.314798
62,8,0.155943,0.475077
62,9,0.107297,-0.101927
62,10,-0.006302,-0.133983
62,11,-0.038800,0.090408
62,12,-0.064184,-0.037816
62,13,0.024053,-0.486119
62,14,0.404895,0.026296
62,15,0.907033,0.410966
62,16,1.072882,0.763580
62,17,1.070618,0.955915
62,18,0.994347,0.955915
62,19,0.960636,0.923859
62,20,0.941603,1.020026
62,21,0.832495,0.667412
62,22,0.711366,0.378910
62,23,0.742130,1.180305
62,24,0.820271,1.020026
62,25,0.535631,0.122463
62,26,0.425455,0.250687
62,27,0.355496,0.859747
62,28,0.206656,-0.197616
62,29,0.380664,1.020026
62,30,0.413579,0.603301
62,31,0.280580,0.058352
62,32,0.181553,0.539189
62,33,0.089637,0.154519
62,34,-0.011569,0.058352
62,35,-0.036917,-0.005760
62,36,-0.058542,-0.005760
62,37,0.044996,-0.229672
62,38,0.423034,-0.037816
62,39,0.948113,0.475077
62,40,1.096166,0.923859
62,41,1.044892,1.180305
62,42,1.020068,1.020026
62,43,0.982094,1.340584
62,44,0.947286,0.859747
62,45,0.866773,0.955915
62,46,0.757993,0.827691
62,47,0.850909,0.475077
62,48,0.916453,0.539189
62,49,0.605201,0.507133
62,50,0.468919,0.282743
62,51,0.394298,0.218631
62,52,0.228081,0.282743
62,53,0.351134,0.667412
62,54,0.415054,0.763580
62,55,0.313341,0.571245
62,56,0.225082,0.507133
62,57,0.174395,0.282743
62,58,0.058292,-0.037816
62,59,0.028486,0.090408
62,60,-0.026411,0.026296
62,61,0.055188,-0.422007
62,62,0.450350,0.443022
62,63,0.914454,0.891803
63,0,1.020356,2.141501
63,1,1.089831,2.141501
63,2,0.995535,1.532441
63,3,0.946747,2.045334
63,4,0.918881,2.109445
63,5,0.822055,2.013278
63,6,0.648697,1.724776
63,7,0.789248,1.340584
63,8,0.777291,1.788887
63,9,0.425878,0.410966
63,10,0.374900,0.763580
63,11,0.374960,0.410966
63,12,0.213488,0.346854
63,13,0.389751,0.539189
63,14,0.439744,0.218631
63,15,0.342320,-0.005760
63,16,0.241599,-0.166039
63,17,0.099891,-0.357895
63,18,-0.043392,-0.261728
63,19,-0.062651,-0.325839
63,20,-0.105155,-0.069871
63,21,-0.097323,0.090408
63,22,0.318142,0.410966
63,23,0.809677,0.699468
63,24,1.020804,0.987970
63,25,1.051686,1.244417
63,26,0.972937,1.308529
63,27,0.949120,0.987970
63,28,0.927712,1.212361
63,29,0.841621,0.891803
63,30,0.672486,0.667412
63,31,0.773068,1.116194
63,32,0.775328,1.788887
63,33,0.434248,0.955915
63,34,0.377475,0.443022
63,35,0.317371,0.955915
63,36,0.180231,0.154519
63,37,0.305220,0.378910
63,38,0.354160,0.827691
63,39,0.294596,0.282743
63,40,0.166616,0.443022
63,41,0.035923,0.443022
63,42,-0.088855,-0.486119
63,43,-0.098126,-0.325839
63,44,-0.144127,-0.357895
63,45,-0.115441,-0.197616
63,46,0.268410,0.571245
63,47,0.730655,1.180305
63,48,0.939762,1.692720
63,49,1.001964,1.244417
63,50,0.948989,0.859747
63,51,0.932776,1.468329
63,52,0.942135,1.372640
63,53,0.820492,1.244417
63,54,0.662393,1.276473
63,55,0.772330,1.308529
63,56,0.818118,0.987970
63,57,0.484177,1.020026
63,58,0.417987,0.923859
63,59,0.352974,0.667412
63,60,0.179673,-0.166039
63,61,0.276324,0.667412
63,62,0.297619,0.410966
63,63,0.254123,0.058352
64,0,0.136281,0.026296
64,1,0.003139,-0.325839
64,2,-0.147943,-0.229672
64,3,-0.181216,-0.166039
64,4,-0.180902,-0.229672
64,5,-0.068404,-0.101927
64,6,0.472521,0.346854
64,7,1.046561,0.346854
64,8,1.348866,0.859747
64,9,1.394016,1.564497
64,10,1.284063,0.763580
64,11,1.225067,1.404696
64,12,1.185851,1.116194
64,13,1.066446,1.436273
64,14,0.950797,0.987970
64,15,1.039539,1.116194
64,16,1.053743,1.212361
64,17,0.686864,0.859747
64,18,0.654677,0.635356
64,19,0.589947,0.443022
64,20,0.337901,0.058352
64,21,0.557314,0.635356
64,22,0.538672,0.282743
64,23,0.380945,0.314798
64,24,0.268278,0.475077
64,25,0.120269,0.314798
64,26,-0.051400,-0.166039
64,27,-0.085187,-0.325839
64,28,-0.076510,-0.293784
64,29,0.022940,-0.838732
64,30,0.502163,0.250687
64,31,1.072477,0.859747
64,32,1.400269,0.923859
64,33,1.475039,1.020026
64,34,1.379729,1.020026
64,35,1.316598,1.116194
64,36,1.252930,1.340584
64,37,1.122716,0.987970
64,38,1.013973,1.116194
64,39,1.035641,0.667412
64,40,1.044426,0.763580
64,41,0.690417,0.571245
64,42,0.638005,0.667412
64,43,0.570176,0.571245
64,44,0.389477,0.122463
64,45,0.540938,0.539189
64,46,0.557469,0.475077
64,47,0.443545,0.058352
64,48,0.341477,0.250687
64,49,0.160644,-0.133983
64,50,-0.027857,-0.325839
64,51,-0.065521,-0.454063
64,52,-0.079745,-0.454063
64,53,0.002374,-0.838732
64,54,0.429951,0.250687
64,55,1.031263,0.731524
64,56,1.377794,0.923859
64,57,1.487851,0.859747
64,58,1.385090,0.859747
64,59,1.320257,0.635356
64,60,1.252156,1.340584
64,61,1.110702,1.148250
64,62,0.965438,0.731524
64,63,0.993287,1.148250
65,0,1.020911,1.244417
65,1,0.581470,0.539189
65,2,0.518008,0.731524
65,3,0.391830,0.154519
65,4,0.152972,0.026296
65,5,0.455900,-0.069871
65,6,0.472211,0.731524
65,7,0.221422,1.052082
65,8,0.165430,0.475077
65,9,0.005185,0.410966
65,10,-0.244531,0.378910
65,11,-0.316109,0.346854
65,12,-0.353375,0.058352
65,13,-0.345809,0.186575
65,14,0.253690,0.603301
65,15,0.864515,0.667412
65,16,1.171767,1.212361
65,17,1.217402,1.308529
65,18,1.055467,0.987970
65,19,1.142395,0.699468
65,20,1.251612,1.212361
65,21,1.170073,0.923859
65,22,0.950963,0.667412
65,23,0.961516,0.955915
65,24,1.028834,0.635356
65,25,0.607655,0.763580
65,26,0.533254,0.539189
65,27,0.440143,0.539189
65,28,0.187401,0.410966
65,29,0.430544,0.923859
65,30,0.409631,1.084138
65,31,0.195222,0.250687
65,32,0.102304,0.282743
65,33,-0.018944,0.314798
65,34,-0.240155,0.058352
65,35,-0.254521,0.282743
65,36,-0.280444,0.154519
65,37,-0.261388,-0.325839
65,38,0.361454,0.443022
65,39,0.955686,1.084138
65,40,1.217987,1.852999
65,41,1.224435,1.692720
65,42,1.082742,1.724776
65,43,1.120434,1.052082
65,44,1.236151,1.116194
65,45,1.143011,1.276473
65,46,0.936184,0.699468
65,47,1.004305,1.116194
65,48,1.089543,1.436273
65,49,0.673299,0.667412
65,50,0.579721,0.539189
65,51,0.468607,1.180305
65,52,0.220072,0.539189
65,53,0.427284,0.859747
65,54,0.423480,0.475077
65,55,0.252274,0.410966
65,56,0.191004,0.410966
65,57,0.059322,0.218631
65,58,-0.186109,0.122463
65,59,-0.218934,0.090408
65,60,-0.271599,0.378910
65,61,-0.250299,0.090408
65,62,0.375434,0.827691
65,63,0.901952,1.308529
66,0,1.500633,1.756831
66,1,1.604137,1.212361
66,2,1.344154,1.692720
66,3,1.308877,1.724776
66,4,1.387960,1.628608
66,5,1.269737,1.468329
66,6,1.111930,1.692720
66,7,1.257122,1.756831
66,8,1.262718,1.340584
66,9,0.897278,0.507133
66,10,0.810763,0.827691
66,11,0.696194,0.891803
66,12,0.486683,0.154519
66,13,0.660211,0.443022
66,14,0.632846,0.026296
66,15,0.509498,0.186575
66,16,0.425355,-0.197616
66,17,0.253525,0.090408
66,18,0.065517,0.250687
66,19,0.038466,-0.037816
66,20,0.029697,-0.101927
66,21,0.093540,-0.422007
66,22,0.615346,0.891803
66,23,1.150204,0.539189
66,24,1.412149,1.628608
66,25,1.423034,1.628608
66,26,1.244161,1.180305
66,27,1.231879,1.532441
66,28,1.293147,1.340584
66,29,1.166530,1.788887
66,30,1.028429,1.244417
66,31,1.131417,0.955915
66,32,1.155920,0.378910
66,33,0.838611,0.603301
66,34,0.757243,0.763580
66,35,0.635384,0.539189
66,36,0.435241,0.218631
66,37,0.582898,0.827691
66,38,0.603134,0.154519
66,39,0.501752,-0.197616
66,40,0.407152,-0.454063
66,41,0.248397,-0.037816
66,42,0.062567,-0.261728
66,43,0.029778,-0.166039
66,44,0.002853,-0.037816
66,45,0.072452,-0.293784
66,46,0.570440,-0.005760
66,47,1.070727,0.443022
66,48,1.337692,0.891803
66,49,1.410927,0.635356
66,50,1.230571,1.052082
66,51,1.220695,0.667412
66,52,1.293642,0.539189
66,53,1.161804,0.699468
66,54,1.034852,0.282743
66,55,1.095989,0.346854
66,56,1.152727,0.507133
66,57,0.863847,0.635356
66,58,0.785549,0.763580
66,59,0.686373,0.923859
66,60,0.470414,0.539189
66,61,0.610918,0.763580
66,62,0.624646,0.090408
66,63,0.514191,-0.101927
67,0,-0.030043,-0.101927
67,1,-0.080011,0.026296
67,2,-0.158091,-0.005760
67,3,-0.173884,-0.101927
67,4,-0.181461,0.026296
67,5,-0.168678,-0.101927
67,6,0.263300,0.539189
67,7,0.706046,0.987970
67,8,1.063416,1.116194
67,9,1.138504,0.891803
67,10,1.027400,0.667412
67,11,1.001934,1.212361
67,12,0.999197,0.923859
67,13,0.866470,0.475077
67,14,0.722075,0.475077
67,15,0.743364,0.987970
67,16,0.718576,0.282743
67,17,0.594717,-0.197616
67,18,0.601745,0.058352
67,19,0.543013,-0.005760
67,20,0.364110,0.314798
67,21,0.581539,0.763580
67,22,0.474646,-0.166039
67,23,0.310559,-0.229672
67,24,0.200007,-0.229672
67,25,0.082112,-0.166039
67,26,-0.046043,-0.229672
67,27,-0.078844,-0.325839
67,28,-0.107670,-0.261728
67,29,-0.107675,-0.486119
67,30,0.307045,-0.166039
67,31,0.797480,0.443022
67,32,1.179039,0.346854
67,33,1.251940,0.026296
67,34,1.180992,-0.037816
67,35,1.167756,0.058352
67,36,1.169626,0.058352
67,37,1.037782,0.314798
67,38,0.900721,0.410966
67,39,0.891491,0.154519
67,40,0.885186,1.052082
67,41,0.679052,0.699468
67,42,0.639194,0.346854
67,43,0.563039,0.539189
67,44,0.422931,-0.037816
67,45,0.652824,0.571245
67,46,0.621149,0.026296
67,47,0.450822,-0.101927
67,48,0.306465,-0.037816
67,49,0.160835,0.218631
67,50,0.010562,0.122463
67,51,-0.048602,-0.005760
67,52,-0.091778,0.154519
67,53,-0.091024,-0.357895
67,54,0.273849,0.058352
67,55,0.739582,0.250687
67,56,1.116655,0.603301
67,57,1.206980,0.955915
67,58,1.125024,0.923859
67,59,1.100169,0.346854
67,60,1.069364,0.443022
67,61,0.947149,0.667412
67,62,0.784794,0.603301
67,63,0.760764,0.346854
68,0,0.419495,0.795636
68,1,0.298232,0.410966
68,2,0.315657,0.763580
68,3,0.303173,0.827691
68,4,0.171533,0.026296
68,5,0.402970,0.571245
68,6,0.266237,0.282743
68,7,0.064321,-0.005760
68,8,0.020564,-0.229672
68,9,-0.001570,-0.166039
68,10,-0.073333,0.026296
68,11,-0.087591,-0.197616
68,12,-0.128124,-0.166039
68,13,-0.190546,-0.774621
68,14,0.193770,0.731524
68,15,0.686516,1.436273
68,16,0.975726,1.596552
68,17,0.974365,1.981222
68,18,0.841301,1.724776
68,19,0.868415,1.084138
68,20,0.885368,1.436273
68,21,0.836841,1.372640
68,22,0.708042,1.372640
68,23,0.699506,1.436273
68,24,0.733883,0.859747
68,25,0.520087,0.186575
68,26,0.504348,0.314798
68,27,0.458519,0.475077
68,28,0.288361,0.186575
68,29,0.474946,0.667412
68,30,0.272185,0.410966
68,31,0.071350,0.090408
68,32,0.028738,-0.101927
68,33,-0.005312,-0.197616
68,34,-0.079900,-0.422007
68,35,-0.083206,-0.357895
68,36,-0.111528,-0.389951
68,37,-0.163239,-0.005760
68,38,0.226744,0.507133
68,39,0.722851,0.795636
68,40,1.016108,1.436273
68,41,0.984168,1.148250
68,42,0.887926,0.955915
68,43,0.869194,0.987970
68,44,0.854764,0.955915
68,45,0.786154,1.436273
68,46,0.701240,1.404696
68,47,0.741351,0.539189
68,48,0.761370,1.660664
68,49,0.528109,0.987970
68,50,0.484592,0.859747
68,51,0.447771,1.244417
68,52,0.254306,0.539189
68,53,0.448024,0.475077
68,54,0.290747,0.507133
68,55,0.119457,0.058352
68,56,0.060701,0.250687
68,57,0.059144,0.154519
68,58,-0.057917,0.026296
68,59,-0.074279,-0.037816
68,60,-0.120474,-0.166039
68,61,-0.167703,-0.806677
68,62,0.251222,-0.037816
68,63,0.669833,0.571245
69,0,1.028141,1.372640
69,1,1.153366,0.795636
69,2,0.988238,1.372640
69,3,0.964112,1.500385
69,4,1.042702,1.084138
69,5,1.007651,1.372640
69,6,0.885870,1.244417
69,7,0.851477,1.148250
69,8,0.927723,1.276473
69,9,0.656500,0.987970
69,10,0.720694,1.436273
69,11,0.656435,0.667412
69,12,0.430688,-0.486119
69,13,0.584514,-0.166039
69,14,0.394620,0.186575
69,15,0.179275,0.154519
69,16,0.069540,0.058352
69,17,-0.038922,0.154519
69,18,-0.170324,0.026296
69,19,-0.210543,0.058352
69,20,-0.261218,0.026296
69,21,-0.303623,0.058352
69,22,0.283897,0.282743
69,23,0.840942,0.603301
69,24,1.110632,1.404696
69,25,1.119667,0.923859
69,26,0.990106,1.084138
69,27,0.974651,1.020026
69,28,1.025631,0.827691
69,29,0.978801,0.475077
69,30,0.878720,0.378910
69,31,0.865136,0.507133
69,32,0.922764,1.052082
69,33,0.626906,0.859747
69,34,0.682693,0.186575
69,35,0.606954,0.154519
69,36,0.408366,-0.197616
69,37,0.582017,0.378910
69,38,0.403783,0.603301
69,39,0.214189,0.186575
69,40,0.086214,0.058352
69,41,-0.005541,0.218631
69,42,-0.134882,0.058352
69,43,-0.181955,0.122463
69,44,-0.248749,-0.069871
69,45,-0.283647,-0.261728
69,46,0.306223,0.090408
69,47,0.864668,0.314798
69,48,1.129918,0.891803
69,49,1.141840,0.987970
69,50,1.006934,0.443022
69,51,0.994708,0.763580
69,52,1.066397,0.475077
69,53,0.985349,0.507133
69,54,0.892365,0.539189
69,55,0.882951,0.346854
69,56,0.905041,1.244417
69,57,0.629834,0.314798
69,58,0.676987,0.571245
69,59,0.612373,0.539189
69,60,0.408256,-0.166039
69,61,0.547347,0.122463
69,62,0.427284,0.410966
69,63,0.263988,0.090408
70,0,0.108664,0.026296
70,1,-0.012083,-0.197616
70,2,-0.120089,-0.357895
70,3,-0.174719,-0.389951
70,4,-0.239070,-0.325839
70,5,-0.332856,-0.710509
70,6,0.018522,0.218631
70,7,0.375176,0.635356
70,8,0.792645,1.180305
70,9,0.848214,1.052082
70,10,0.784453,1.052082
70,11,0.756702,0.827691
70,12,0.755542,1.084138
70,13,0.704294,0.987970
70,14,0.621671,0.539189
70,15,0.643853,0.410966
70,16,0.769585,0.955915
70,17,0.463885,0.154519
70,18,0.459389,0.346854
70,19,0.377234,0.250687
70,20,0.189070,-0.486119
70,21,0.400109,0.026296
70,22,0.484705,0.314798
70,23,0.348677,0.026296
70,24,0.245409,0.218631
70,25,0.143639,0.122463
70,26,0.051050,-0.166039
70,27,-0.017026,-0.101927
70,28,-0.097102,-0.166039
70,29,-0.224573,-0.774621
70,30,0.112688,0.250687
70,31,0.488603,0.731524
70,32,0.924797,0.923859
70,33,1.032039,0.923859
70,34,0.940988,0.923859
70,35,0.885639,0.923859
70,36,0.848781,0.923859
70,37,0.782727,0.923859
70,38,0.676581,0.923859
70,39,0.625119,0.923859
70,40,0.637281,0.923859
70,41,0.441287,0.923859
70,42,0.474124,0.923859
70,43,0.457365,0.923859
70,44,0.296658,0.923859
70,45,0.564770,0.923859
70,46,0.532687,0.923859
70,47,0.302584,0.923859
70,48,0.163142,0.923859
70,49,0.052197,0.923859
70,50,-0.063550,0.923859
70,51,-0.114767,0.923859
70,52,-0.173583,0.923859
70,53,-0.265355,0.923859
70,54,0.283562,0.923859
70,55,0.838393,0.923859
70,56,1.381097,0.603301
70,57,1.436651,1.404696
70,58,1.291725,1.404696
70,59,1.159527,1.340584
70,60,1.180291,1.116194
70,61,1.136090,0.795636
70,62,0.962349,0.250687
70,63,0.946480,0.346854
71,0,0.638713,0.507133
71,1,0.480974,0.154519
71,2,0.530526,0.058352
71,3,0.517551,0.058352
71,4,0.268886,-0.229672
71,5,0.495843,0.058352
71,6,0.423540,0.090408
71,7,0.249205,-0.069871
71,8,0.188354,-0.101927
71,9,0.130049,-0.037816
71,10,0.048525,-0.166039
71,11,0.024364,-0.197616
71,12,0.006461,-0.229672
71,13,-0.093293,0.346854
71,14,0.399437,0.346854
71,15,0.755267,0.891803
71,16,1.063501,0.987970
71,17,1.081575,1.468329
71,18,1.032171,2.077389
71,19,1.007893,2.205613
71,20,0.976940,1.468329
71,21,0.889789,1.340584
71,22,0.749136,1.276473
71,23,0.719394,1.532441
71,24,0.798201,0.731524
71,25,0.594436,0.410966
71,26,0.577095,0.250687
71,27,0.529150,0.539189
71,28,0.278518,-0.293784
71,29,0.440181,0.026296
71,30,0.352487,-0.005760
71,31,0.204709,0.026296
71,32,0.141846,0.154519
71,33,0.081158,-0.166039
71,34,-0.017288,-0.101927
71,35,-0.037436,-0.101927
71,36,-0.073636,-0.069871
71,37,-0.155350,0.282743
71,38,0.330734,0.475077
71,39,0.728934,0.443022
71,40,1.085000,0.443022
71,41,1.081893,0.923859
71,42,1.035147,0.571245
71,43,0.999116,0.859747
71,44,0.980144,0.410966
71,45,0.906867,0.475077
71,46,0.778762,0.475077
71,47,0.764617,0.378910
71,48,0.849080,0.955915
71,49,0.631957,-0.069871
71,50,0.621720,0.250687
71,51,0.533440,0.539189
71,52,0.259798,-0.325839
71,53,0.427271,0.058352
71,54,0.345544,0.218631
71,55,0.204620,0.154519
71,56,0.130482,0.090408
71,57,0.081568,0.026296
71,58,-0.022899,-0.166039
71,59,-0.046787,-0.197616
71,60,-0.099177,-0.261728
71,61,-0.196687,0.378910
71,62,0.311673,0.122463
71,63,0.651397,0.443022
72,0,0.786605,0.250687
72,1,0.909531,0.539189
72,2,0.878301,0.763580
72,3,0.857755,0.731524
72,4,0.807469,0.667412
72,5,0.739948,0.410966
72,6,0.640140,0.122463
72,7,0.603711,0.443022
72,8,0.666670,0.603301
72,9,0.384298,0.923859
72,10,0.401925,0.571245
72,11,0.354317,0.378910
72,12,0.124547,0.058352
72,13,0.239688,0.058352
72,14,0.212291,0.507133
72,15,0.114067,0.378910
72,16,0.047841,0.410966
72,17,-0.032770,0.090408
72,18,-0.122542,0.154519
72,19,-0.165052,-0.069871
72,20,-0.177563,-0.197616
72,21,-0.143875,-0.357895
72,22,0.277530,0.058352
72,23,0.679869,0.058352
72,24,0.937570,0.218631
72,25,1.030765,0.378910
72,26,0.994656,0.378910
72,27,0.966224,0.475077
72,28,0.920685,0.314798
72,29,0.871103,-0.005760
72,30,0.737457,-0.166039
72,31,0.689751,0.026296
72,32,0.730789,0.571245
72,33,0.435857,0.571245
72,34,0.460501,0.571245
72,35,0.387919,0.667412
72,36,0.144214,-0.069871
72,37,0.288805,0.186575
72,38,0.245484,0.443022
72,39,0.144096,0.090408
72,40,0.063654,0.218631
72,41,-0.016588,0.122463
72,42,-0.113849,0.186575
72,43,-0.164128,-0.005760
72,44,-0.190993,-0.069871
72,45,-0.161890,-0.774621
72,46,0.267332,0.250687
72,47,0.720687,0.763580
72,48,1.001426,0.763580
72,49,1.092988,0.475077
72,50,1.013765,0.603301
72,51,0.985144,0.923859
72,52,0.954184,0.763580
72,53,0.877818,0.603301
72,54,0.769551,0.571245
72,55,0.726179,0.314798
72,56,0.753695,0.859747
72,57,0.459143,0.859747
72,58,0.481200,0.795636
72,59,0.411025,0.827691
72,60,0.149964,0.410966
72,61,0.257772,0.827691
72,62,0.223830,0.827691
72,63,0.129272,-0.069871
73,0,0.102053,0.507133
73,1,0.059849,0.539189
73,2,-0.013990,0.314798
73,3,-0.071671,0.250687
73,4,-0.097068,0.122463
73,5,-0.090178,-0.422007
73,6,0.280913,0.058352
73,7,0.599622,0.346854
73,8,0.816993,0.378910
73,9,0.929409,0.955915
73,10,0.935500,0.987970
73,11,0.902567,1.084138
73,12,0.835811,0.699468
73,13,0.736612,0.731524
73,14,0.627468,0.346854
73,15,0.617892,0.539189
73,16,0.671278,0.475077
73,17,0.603725,0.827691
73,18,0.602059,0.731524
73,19,0.533852,0.827691
73,20,0.309369,-0.197616
73,21,0.435109,0.058352
73,22,0.392399,0.667412
73,23,0.200670,0.314798
73,24,0.127548,0.218631
73,25,0.074833,0.410966
73,26,-0.005133,0.186575
73,27,-0.058927,0.090408
73,28,-0.079999,0.058352
73,29,-0.075863,-0.069871
73,30,0.309638,0.443022
73,31,0.663786,0.378910
73,32,0.906774,0.763580
73,33,1.023288,0.507133
73,34,1.030527,0.731524
73,35,1.003686,1.084138
73,36,0.923023,1.244417
73,37,0.807252,0.827691
73,38,0.705881,0.731524
73,39,0.684416,0.795636
73,40,0.773879,0.859747
73,41,0.604653,-0.069871
73,42,0.572664,0.026296
73,43,0.501568,0.507133
73,44,0.254434,0.314798
73,45,0.358389,0.667412
73,46,0.358327,0.250687
73,47,0.212274,0.378910
73,48,0.140383,-0.101927
73,49,0.086173,0.122463
73,50,-0.008019,-0.197616
73,51,-0.080598,-0.069871
73,52,-0.089940,0.154519
73,53,-0.068999,0.186575
73,54,0.293624,0.346854
73,55,0.668758,0.891803
73,56,0.921085,1.212361
73,57,1.032893,1.052082
73,58,1.057104,1.116194
73,59,1.048678,1.308529
73,60,0.958126,1.084138
73,61,0.850583,1.276473
73,62,0.738043,1.468329
73,63,0.719725,1.276473
74,0,1.163176,0.891803
74,1,0.871269,1.500385
74,2,0.824778,2.397948
74,3,0.733015,3.230921
74,4,0.415272,2.622338
74,5,0.495969,3.134753
74,6,0.426799,2.494115
74,7,0.316800,1.756831
74,8,0.242849,-0.037816
74,9,0.175846,0.250687
74,10,0.109472,0.026296
74,11,0.080553,0.122463
74,12,0.064718,0.026296
74,13,0.088298,-0.133983
74,14,0.466027,-0.005760
74,15,0.882589,0.346854
74,16,1.155654,1.052082
74,17,1.161090,0.987970
74,18,1.193504,0.955915
74,19,1.242441,0.827691
74,20,1.192820,0.667412
74,21,1.112732,0.923859
74,22,1.028548,0.571245
74,23,0.970446,1.020026
74,24,0.958263,1.148250
74,25,0.771154,1.116194
74,26,0.712389,2.173557
74,27,0.631106,2.622338
74,28,0.374220,2.814673
74,29,0.427899,0.987970
74,30,0.373508,0.763580
74,31,0.263826,0.122463
74,32,0.193629,-0.005760
74,33,0.131110,-0.101927
74,34,0.072738,-0.166039
74,35,0.048153,-0.069871
74,36,0.027588,-0.069871
74,37,0.054122,0.186575
74,38,0.427476,0.635356
74,39,0.826756,0.923859
74,40,1.078135,0.763580
74,41,1.093698,1.468329
74,42,1.130424,1.436273
74,43,1.145213,1.468329
74,44,1.080477,1.436273
74,45,0.996593,1.756831
74,46,0.901203,1.660664
74,47,0.847997,1.532441
74,48,0.877679,1.212361
74,49,0.725905,0.058352
74,50,0.707149,1.981222
74,51,0.616736,3.038585
74,52,0.326809,2.397948
74,53,0.364277,2.878785
74,54,0.333328,2.654394
74,55,0.241287,1.820943
74,56,0.167828,0.667412
74,57,0.099683,0.795636
74,58,0.044507,0.571245
74,59,0.013739,0.635356
74,60,-0.033309,0.603301
74,61,-0.041835,0.571245
74,62,0.330338,0.795636
74,63,0.688099,0.827691
75,0,1.234101,1.404696
75,1,1.354627,1.148250
75,2,1.361574,0.827691
75,3,1.319844,1.148250
75,4,1.246609,0.731524
75,5,1.258773,1.372640
75,6,1.265773,0.859747
75,7,1.229331,1.084138
75,8,1.226163,0.763580
75,9,1.312697,0.186575
75,10,1.917005,0.987970
75,11,2.404480,0.891803
75,12,1.962904,0.539189
75,13,1.728059,0.955915
75,14,1.458639,0.891803
75,15,0.975925,0.635356
75,16,0.593734,0.058352
75,17,0.419912,-0.422007
75,18,0.309490,0.154519
75,19,0.250147,0.058352
75,20,0.231620,0.154519
75,21,0.234739,-0.486119
75,22,0.491223,0.154519
75,23,0.802819,0.955915
75,24,1.079720,1.116194
75,25,1.169525,0.795636
75,26,1.211417,0.443022
75,27,1.189130,0.699468
75,28,1.126837,0.346854
75,29,1.103283,0.827691
75,30,1.094151,0.667412
75,31,1.076503,0.955915
75,32,1.087989,0.571245
75,33,1.154737,-0.069871
75,34,1.440367,-0.293784
75,35,1.659405,-0.133983
75,36,1.377173,-0.101927
75,37,1.251285,0.026296
75,38,1.087609,-0.101927
75,39,0.792690,0.186575
75,40,0.485928,0.058352
75,41,0.366349,-0.166039
75,42,0.298467,0.795636
75,43,0.232459,0.250687
75,44,0.176873,0.250687
75,45,0.161398,-0.357895
75,46,0.404771,0.410966
75,47,0.712461,0.603301
75,48,0.962411,1.372640
75,49,1.089801,1.532441
75,50,1.117864,1.244417
75,51,1.117217,0.827691
75,52,1.044320,0.987970
75,53,0.977742,0.699468
75,54,0.941534,0.282743
75,55,0.892467,0.763580
75,56,0.888895,0.987970
75,57,0.888172,0.410966
75,58,1.069297,0.539189
75,59,1.149182,0.539189
75,60,1.009606,0.218631
75,61,0.962106,0.667412
75,62,0.865090,1.020026
75,63,0.659737,0.731524
76,0,0.506281,0.635356
76,1,0.393346,0.475077
76,2,0.336512,0.410966
76,3,0.269357,0.635356
76,4,0.198605,0.507133
76,5,0.177114,0.026296
76,6,0.429232,0.443022
76,7,0.795048,0.667412
76,8,1.065330,0.410966
76,9,1.146871,0.346854
76,10,1.124159,0.763580
76,11,1.081655,1.020026
76,12,0.988749,0.603301
76,13,0.922683,0.795636
76,14,0.863282,0.539189
76,15,0.838927,0.603301
76,16,0.771634,0.699468
76,17,0.591817,0.859747
76,18,0.655426,0.667412
76,19,0.769072,1.116194
76,20,0.626928,0.603301
76,21,0.698497,0.571245
76,22,0.637042,0.699468
76,23,0.473222,0.218631
76,24,0.265537,-0.261728
76,25,0.173880,-0.069871
76,26,0.140048,0.218631
76,27,0.106597,0.378910
76,28,0.091691,0.282743
76,29,0.102746,-0.037816
76,30,0.402918,0.282743
76,31,0.803799,1.212361
76,32,1.128263,1.244417
76,33,1.205394,1.372640
76,34,1.160583,1.660664
76,35,1.128028,1.276473
76,36,1.055415,1.244417
76,37,1.016989,1.244417
76,38,0.977977,1.276473
76,39,0.955836,0.667412
76,40,0.924274,1.052082
76,41,0.785977,0.314798
76,42,0.999416,0.475077
76,43,1.144703,0.410966
76,44,0.813012,0.122463
76,45,0.896598,0.443022
76,46,0.808116,0.314798
76,47,0.556536,0.314798
76,48,0.307854,-0.005760
76,49,0.190451,0.314798
76,50,0.126992,0.090408
76,51,0.082120,0.026296
76,52,0.051267,0.090408
76,53,0.061418,-0.005760
76,54,0.342171,0.410966
76,55,0.759044,0.987970
76,56,1.087513,0.923859
76,57,1.176482,1.212361
76,58,1.132500,0.827691
76,59,1.086432,1.052082
76,60,1.021402,0.987970
76,61,0.997100,1.020026
76,62,0.965302,0.827691
76,63,0.961134,1.116194
77,0,1.068565,0.891803
77,1,0.877190,0.891803
77,2,0.988722,0.859747
77,3,0.999967,1.020026
77,4,0.653351,-0.422007
77,5,0.757079,0.218631
77,6,0.739717,0.282743
77,7,0.529170,0.154519
77,8,0.360446,0.250687
77,9,0.284276,0.475077
77,10,0.257098,0.154519
77,11,0.237634,-0.069871
77,12,0.195330,-0.101927
77,13,0.173017,-0.454063
77,14,0.442685,0.539189
77,15,0.921916,0.827691
77,16,1.139616,0.475077
77,17,1.138295,0.763580
77,18,1.109874,0.859747
77,19,1.135960,0.667412
77,20,1.034814,0.539189
77,21,0.974776,0.635356
77,22,0.884966,0.154519
77,23,0.869803,0.667412
77,24,0.891905,0.731524
77,25,0.729369,0.443022
77,26,0.792148,0.443022
77,27,0.818599,0.859747
77,28,0.519356,0.058352
77,29,0.616885,0.314798
77,30,0.613933,0.571245
77,31,0.433638,0.282743
77,32,0.271087,0.090408
77,33,0.199514,0.218631
77,34,0.168966,0.218631
77,35,0.142076,0.250687
77,36,0.091651,0.218631
77,37,0.063686,-0.389951
77,38,0.339718,0.667412
77,39,0.789196,1.020026
77,40,1.000920,1.244417
77,41,1.000111,0.699468
77,42,0.978090,0.763580
77,43,0.993738,0.859747
77,44,0.902291,0.827691
77,45,0.840772,0.923859
77,46,0.764446,0.795636
77,47,0.751600,0.859747
77,48,0.786660,1.244417
77,49,0.610407,0.891803
77,50,0.642980,1.052082
77,51,0.689507,0.314798
77,52,0.406151,-0.229672
77,53,0.483899,0.667412
77,54,0.488979,0.410966
77,55,0.368150,0.090408
77,56,0.221802,-0.005760
77,57,0.156170,0.314798
77,58,0.140591,0.090408
77,59,0.120888,0.090408
77,60,0.070699,-0.069871
77,61,0.046293,-0.614342
77,62,0.321703,0.218631
77,63,0.759482,0.539189
78,0,0.782153,0.731524
78,1,0.825859,0.987970
78,2,0.849187,1.020026
78,3,0.868261,1.052082
78,4,0.818246,0.987970
78,5,0.748751,1.052082
78,6,0.672523,0.827691
78,7,0.691455,0.667412
78,8,0.757240,1.116194
78,9,0.645790,0.058352
78,10,0.638252,0.122463
78,11,0.601326,0.378910
78,12,0.318937,0.122463
78,13,0.402069,0.186575
78,14,0.483902,0.475077
78,15,0.347796,0.571245
78,16,0.240708,0.378910
78,17,0.187729,0.058352
78,18,0.140938,0.346854
78,19,0.110003,0.090408
78,20,0.027523,0.154519
78,21,-0.051141,-0.005760
78,22,0.250784,0.186575
78,23,0.558738,1.052082
78,24,0.748406,1.244417
78,25,0.806134,1.212361
78,26,0.896878,1.116194
78,27,0.912340,0.923859
78,28,0.842400,1.084138
78,29,0.733023,0.987970
78,30,0.637379,0.475077
78,31,0.659905,0.763580
78,32,0.674705,0.795636
78,33,0.626145,0.314798
78,34,0.609299,0.378910
78,35,0.582810,0.603301
78,36,0.321779,0.314798
78,37,0.439676,0.603301
78,38,0.483316,0.635356
78,39,0.392347,0.475077
78,40,0.293263,0.410966
78,41,0.240029,0.154519
78,42,0.185209,0.250687
78,43,0.138222,0.122463
78,44,0.070133,0.026296
78,45,0.028126,-0.486119
78,46,0.301223,0.058352
78,47,0.528296,0.731524
78,48,0.678287,0.731524
78,49,0.779124,0.571245
78,50,0.863388,0.795636
78,51,0.900068,0.987970
78,52,0.864993,0.955915
78,53,0.753990,0.475077
78,54,0.651060,0.923859
78,55,0.650025,1.180305
78,56,0.600300,1.180305
78,57,0.490747,0.026296
78,58,0.486046,0.443022
78,59,0.500584,0.443022
78,60,0.302901,0.154519
78,61,0.412946,0.026296
78,62,0.389058,0.603301
78,63,0.291795,0.186575
79,0,0.146490,-0.197616
79,1,0.083300,-0.293784
79,2,0.048751,-0.166039
79,3,0.025147,-0.101927
79,4,-0.011358,-0.133983
79,5,-0.043930,-0.678453
79,6,0.322072,-0.197616
79,7,0.821605,0.218631
79,8,0.939347,0.539189
79,9,1.016590,0.923859
79,10,1.057285,1.020026
79,11,1.075728,0.667412
79,12,1.013115,0.859747
79,13,0.913417,0.571245
79,14,0.857222,0.795636
79,15,0.949058,1.084138
79,16,0.903534,1.500385
79,17,0.546062,1.052082
79,18,0.595167,1.116194
79,19,0.688619,0.955915
79,20,0.305595,0.090408
79,21,0.407751,0.571245
79,22,0.457501,0.987970
79,23,0.341940,0.571245
79,24,0.220416,0.475077
79,25,0.165951,0.987970
79,26,0.126528,0.539189
79,27,0.083533,0.218631
79,28,0.032590,0.186575
79,29,-0.013973,-0.101927
79,30,0.360316,0.090408
79,31,0.841739,0.603301
79,32,0.963580,0.346854
79,33,1.033481,0.795636
79,34,1.073367,1.020026
79,35,1.080223,0.635356
79,36,0.986975,0.443022
79,37,0.887271,0.635356
79,38,0.844932,0.314798
79,39,0.869694,0.699468
79,40,0.927358,0.667412
79,41,0.590561,0.827691
79,42,0.616930,0.507133
79,43,0.692179,0.795636
79,44,0.315139,0.443022
79,45,0.418115,0.699468
79,46,0.527611,0.699468
79,47,0.392384,0.635356
79,48,0.250127,0.571245
79,49,0.185891,0.571245
79,50,0.123654,0.475077
79,51,0.079348,0.539189
79,52,0.018499,0.410966
79,53,-0.031981,-0.261728
79,54,0.339775,0.378910
79,55,0.809968,1.244417
79,56,0.888603,1.020026
79,57,0.952338,1.148250
79,58,0.985149,0.763580
79,59,0.990672,1.052082
79,60,0.924893,1.404696
79,61,0.835952,1.116194
79,62,0.776395,0.571245
79,63,0.842446,0.955915
80,0,1.011972,0.635356
80,1,0.789563,0.571245
80,2,0.841163,0.346854
80,3,0.817597,0.507133
80,4,0.491771,0.603301
80,5,0.673762,0.539189
80,6,0.778186,0.443022
80,7,0.554030,0.635356
80,8,0.414746,0.763580
80,9,0.394467,0.731524
80,10,0.379036,0.539189
80,11,0.319978,0.539189
80,12,0.176561,0.250687
80,13,-0.036918,-0.005760
80,14,0.392616,-0.325839
80,15,0.913040,0.218631
80,16,1.011783,0.186575
80,17,1.026670,0.218631
80,18,0.980076,0.026296
80,19,0.986976,0.282743
80,20,0.980919,-0.101927
80,21,0.886449,-0.166039
80,22,0.770151,-0.357895
80,23,0.833856,-0.069871
80,24,0.979886,0.218631
80,25,0.739257,0.218631
80,26,0.760131,0.250687
80,27,0.766228,0.058352
80,28,0.467267,-0.133983
80,29,0.638200,0.346854
80,30,0.703376,0.475077
80,31,0.530538,0.314798
80,32,0.382609,-0.037816
80,33,0.354684,0.218631
80,34,0.333690,0.218631
80,35,0.280931,0.090408
80,36,0.152436,-0.069871
80,37,-0.061597,0.090408
80,38,0.354641,0.282743
80,39,0.883047,-0.069871
80,40,0.981417,0.314798
80,41,0.962315,0.314798
80,42,0.946494,-0.037816
80,43,0.951185,0.539189
80,44,0.946350,0.346854
80,45,0.850887,0.378910
80,46,0.729412,-0.166039
80,47,0.781811,0.346854
80,48,0.902242,0.635356
80,49,0.649341,0.250687
80,50,0.621346,0.282743
80,51,0.640172,0.667412
80,52,0.357724,0.378910
80,53,0.517738,0.443022
80,54,0.570280,0.475077
80,55,0.459466,0.346854
80,56,0.335839,0.282743
80,57,0.317877,0.346854
80,58,0.322953,0.539189
80,59,0.272682,0.378910
80,60,0.102706,0.250687
80,61,-0.105577,-0.229672
80,62,0.233140,-0.069871
80,63,0.703188,-0.133983
81,0,0.227798,0.154519
81,1,0.340010,0.058352
81,2,0.389404,0.026296
81,3,0.429877,-0.005760
81,4,0.405163,-0.389951
81,5,0.341875,-0.133983
81,6,0.282109,-0.389951
81,7,0.355333,-0.229672
81,8,0.369123,-0.005760
81,9,0.333067,0.314798
81,10,0.370589,0.410966
81,11,0.370702,0.475077
81,12,0.283815,0.026296
81,13,0.384174,0.250687
81,14,0.429799,0.346854
81,15,0.352054,0.346854
81,16,0.248245,-0.037816
81,17,0.219781,0.026296
81,18,0.221787,-0.005760
81,19,0.182100,0.026296
81,20,0.044702,-0.069871
81,21,-0.078147,-0.197616
81,22,0.083032,-0.166039
81,23,0.406430,0.346854
81,24,0.517730,0.090408
81,25,0.585291,0.250687
81,26,0.591545,-0.005760
81,27,0.617294,0.186575
81,28,0.604843,0.154519
81,29,0.543152,0.154519
81,30,0.468156,-0.325839
81,31,0.541971,0.090408
81,32,0.556203,0.346854
81,33,0.463305,0.026296
81,34,0.485159,0.378910
81,35,0.468461,0.635356
81,36,0.348503,0.218631
81,37,0.440124,-0.166039
81,38,0.484456,0.250687
81,39,0.395645,0.122463
81,40,0.256084,0.122463
81,41,0.226521,0.154519
81,42,0.227630,0.122463
81,43,0.186783,0.154519
81,44,0.061630,0.154519
81,45,-0.039772,0.218631
81,46,0.147030,0.186575
81,47,0.555251,0.507133
81,48,0.703897,0.635356
81,49,0.747067,0.475077
81,50,0.721341,0.475077
81,51,0.725557,0.443022
81,52,0.694068,0.635356
81,53,0.618727,0.443022
81,54,0.544348,-0.005760
81,55,0.632384,0.603301
81,56,0.643740,0.923859
81,57,0.523158,-0.037816
81,58,0.552069,0.346854
81,59,0.539275,-0.069871
81,60,0.387524,-0.037816
81,61,0.488879,0.026296
81,62,0.523454,0.122463
81,63,0.433643,-0.005760
82,0,0.026417,-0.229672
82,1,0.022480,-0.037816
82,2,0.020232,0.154519
82,3,0.015245,0.571245
82,4,-0.018955,0.346854
82,5,-0.074795,-0.069871
82,6,0.051386,0.571245
82,7,0.296632,0.731524
82,8,0.407507,0.923859
82,9,0.405838,0.923859
82,10,0.404109,0.923859
82,11,0.424820,0.923859
82,12,0.400829,0.923859
82,13,0.281725,0.923859
82,14,0.182706,0.923859
82,15,0.317014,0.923859
82,16,0.373750,0.923859
82,17,0.236943,0.923859
82,18,0.267828,0.923859
82,19,0.263369,0.923859
82,20,0.147607,0.923859
82,21,0.218659,0.923859
82,22,0.234784,0.923859
82,23,0.197683,0.923859
82,24,0.148334,0.923859
82,25,0.129079,0.923859
82,26,0.109030,0.923859
82,27,0.096562,0.923859
82,28,0.063312,0.923859
82,29,-0.000250,0.923859
82,30,0.129534,0.923859
82,31,0.376185,0.923859
82,32,0.481893,1.436273
82,33,0.502752,1.468329
82,34,0.506161,1.372640
82,35,0.521469,1.244417
82,36,0.485373,0.955915
82,37,0.369722,0.090408
82,38,0.275185,0.539189
82,39,0.364430,0.891803
82,40,0.443173,0.955915
82,41,0.286980,0.090408
82,42,0.288654,0.378910
82,43,0.282236,0.250687
82,44,0.171497,0.507133
82,45,0.213890,0.346854
82,46,0.239805,0.507133
82,47,0.192180,0.443022
82,48,0.127124,0.090408
82,49,0.100429,0.346854
82,50,0.075310,0.443022
82,51,0.067005,0.859747
82,52,0.005048,0.731524
82,53,-0.062937,0.154519
82,54,0.075430,0.731524
82,55,0.356808,0.955915
82,56,0.463664,0.923859
82,57,0.459589,0.507133
82,58,0.448215,0.667412
82,59,0.464409,1.148250
82,60,0.436442,0.763580
82,61,0.324574,0.635356
82,62,0.241331,0.314798
82,63,0.353581,0.507133
83,0,0.650135,0.891803
83,1,0.490818,-0.069871
83,2,0.521140,-0.101927
83,3,0.529420,0.507133
83,4,0.459557,0.122463
83,5,0.501782,0.058352
83,6,0.518221,0.218631
83,7,0.458002,0.186575
83,8,0.389875,-0.133983
83,9,0.359126,-0.037816
83,10,0.377332,0.250687
83,11,0.386628,0.346854
83,12,0.316030,0.314798
83,13,0.215627,0.571245
83,14,0.411571,0.699468
83,15,0.759749,1.084138
83,16,0.897501,1.276473
83,17,0.902117,1.084138
83,18,0.918537,1.052082
83,19,0.944268,1.020026
83,20,0.888469,0.795636
83,21,0.779168,0.955915
83,22,0.709662,0.539189
83,23,0.735110,0.955915
83,24,0.727417,1.244417
83,25,0.538931,0.667412
83,26,0.531482,0.923859
83,27,0.515578,0.795636
83,28,0.434497,0.539189
83,29,0.470689,0.186575
83,30,0.464135,0.539189
83,31,0.391440,0.090408
83,32,0.310908,0.443022
83,33,0.279939,0.667412
83,34,0.295012,0.891803
83,35,0.279669,0.827691
83,36,0.207088,1.020026
83,37,0.109841,0.443022
83,38,0.321383,0.539189
83,39,0.680163,0.731524
83,40,0.829290,0.795636
83,41,0.835068,0.635356
83,42,0.848248,0.475077
83,43,0.866134,0.763580
83,44,0.823784,0.475077
83,45,0.740120,0.218631
83,46,0.688196,-0.101927
83,47,0.734584,0.571245
83,48,0.745749,0.571245
83,49,0.566560,0.090408
83,50,0.554940,0.603301
83,51,0.543386,0.443022
83,52,0.451355,0.314798
83,53,0.479883,1.500385
83,54,0.487530,0.827691
83,55,0.434737,0.218631
83,56,0.353782,0.154519
83,57,0.327912,0.346854
83,58,0.338315,0.507133
83,59,0.321721,0.891803
83,60,0.239298,0.955915
83,61,0.131307,0.987970
83,62,0.324848,0.923859
83,63,0.652710,1.468329
84,0,1.324322,1.564497
84,1,1.272195,1.340584
84,2,1.231797,1.020026
84,3,1.199834,0.731524
84,4,1.123926,1.212361
84,5,1.010496,0.635356
84,6,0.946522,0.891803
84,7,1.023689,0.859747
84,8,1.043695,0.635356
84,9,0.817937,0.571245
84,10,0.798668,0.539189
84,11,0.780115,0.955915
84,12,0.652305,0.827691
84,13,0.641210,1.084138
84,14,0.638113,0.571245
84,15,0.560067,0.314798
84,16,0.503050,0.410966
84,17,0.500547,0.410966
84,18,0.533768,0.378910
84,19,0.558025,0.763580
84,20,0.518689,1.052082
84,21,0.457522,0.475077
84,22,0.630595,1.404696
84,23,0.954878,1.468329
84,24,1.022126,1.468329
84,25,1.019702,1.084138
84,26,1.001100,1.020026
84,27,0.979247,1.084138
84,28,0.920222,0.859747
84,29,0.814407,0.410966
84,30,0.754776,0.282743
84,31,0.843471,0.987970
84,32,0.870529,0.635356
84,33,0.656071,0.218631
84,34,0.644441,0.122463
84,35,0.618064,0.731524
84,36,0.495861,0.475077
84,37,0.497860,0.475077
84,38,0.521843,-0.005760
84,39,0.474381,0.282743
84,40,0.419377,-0.293784
84,41,0.427091,0.058352
84,42,0.445054,0.218631
84,43,0.454347,0.731524
84,44,0.420148,0.827691
84,45,0.380749,0.346854
84,46,0.573646,1.244417
84,47,0.911488,1.468329
84,48,0.995294,1.116194
84,49,1.018792,0.795636
84,50,1.004040,1.052082
84,51,0.990378,0.346854
84,52,0.942700,0.603301
84,53,0.853582,0.378910
84,54,0.803443,0.378910
84,55,0.873999,0.410966
84,56,0.917668,0.346854
84,57,0.696626,-0.005760
84,58,0.680251,0.571245
84,59,0.665745,0.346854
84,60,0.551525,0.378910
84,61,0.548741,0.443022
84,62,0.570564,-0.166039
84,63,0.519484,0.058352
85,0,0.140883,-0.197616
85,1,0.188857,0.058352
85,2,0.276828,0.058352
85,3,0.441241,0.410966
85,4,0.477566,0.603301
85,5,0.405034,0.218631
85,6,0.712553,1.052082
85,7,1.005316,0.603301
85,8,0.971039,0.539189
85,9,0.899688,0.314798
85,10,0.821829,-0.005760
85,11,0.769844,-0.293784
85,12,0.647866,0.154519
85,13,0.495130,0.026296
85,14,0.428062,-0.101927
85,15,0.572935,0.314798
85,16,0.466491,0.667412
85,17,0.311598,-0.037816
85,18,0.343235,0.090408
85,19,0.373926,0.154519
85,20,0.323038,0.314798
85,21,0.320041,0.122463
85,22,0.280149,0.443022
85,23,0.229226,-0.133983
85,24,0.192574,-0.518174
85,25,0.231593,-0.422007
85,26,0.313335,-0.133983
85,27,0.436505,0.314798
85,28,0.462700,1.852999
85,29,0.426831,0.475077
85,30,0.701767,0.763580
85,31,1.021432,0.122463
85,32,1.058584,0.186575
85,33,0.990602,0.026296
85,34,0.924999,-0.325839
85,35,0.876710,0.026296
85,36,0.765875,0.026296
85,37,0.632372,-0.069871
85,38,0.587185,-0.582286
85,39,0.712542,0.122463
85,40,0.643078,0.218631
85,41,0.468874,0.154519
85,42,0.472036,-0.069871
85,43,0.469882,0.154519
85,44,0.403054,-0.005760
85,45,0.404958,-0.357895
85,46,0.384557,-0.069871
85,47,0.351531,-0.325839
85,48,0.311387,-0.261728
85,49,0.337857,0.186575
85,50,0.393577,0.314798
85,51,0.470305,0.539189
85,52,0.475235,0.539189
85,53,0.421511,-0.005760
85,54,0.644651,0.635356
85,55,0.940284,0.571245
85,56,0.964039,0.410966
85,57,0.921367,0.186575
85,58,0.850293,0.186575
85,59,0.808403,0.250687
85,60,0.691215,0.186575
85,61,0.544829,-0.069871
85,62,0.486606,-0.005760
85,63,0.612447,0.346854
86,0,0.191775,0.891803
86,1,0.048808,0.218631
86,2,0.112605,0.218631
86,3,0.136273,-0.101927
86,4,0.098889,0.058352
86,5,0.042487,0.058352
86,6,-0.001440,-0.101927
86,7,-0.055318,-0.454063
86,8,-0.098670,-0.197616
86,9,-0.026521,0.186575
86,10,0.120197,0.122463
86,11,0.374908,0.410966
86,12,0.442144,0.635356
86,13,0.258939,1.596552
86,14,0.494083,1.212361
86,15,0.630758,0.507133
86,16,0.555970,0.154519
86,17,0.410731,0.154519
86,18,0.322781,-0.005760
86,19,0.300033,-0.197616
86,20,0.217858,-0.166039
86,21,0.093019,-0.069871
86,22,0.080829,-0.166039
86,23,0.260772,0.122463
86,24,0.296372,-0.005760
86,25,0.155652,-0.037816
86,26,0.219754,0.090408
86,27,0.264136,0.090408
86,28,0.234885,-0.229672
86,29,0.182245,-0.037816
86,30,0.126586,-0.197616
86,31,0.061032,-0.357895
86,32,0.021446,-0.774621
86,33,0.090868,-0.582286
86,34,0.252434,-0.486119
86,35,0.473244,0.122463
86,36,0.533282,0.378910
86,37,0.428457,0.218631
86,38,0.687437,0.186575
86,39,0.862593,0.058352
86,40,0.750827,0.058352
86,41,0.611012,-0.069871
86,42,0.513792,-0.229672
86,43,0.481044,-0.486119
86,44,0.379931,-0.422007
86,45,0.253891,-0.389951
86,46,0.216598,-0.325839
86,47,0.402006,-0.069871
86,48,0.381684,-0.166039
86,49,0.231157,0.058352
86,50,0.263782,0.122463
86,51,0.291876,0.218631
86,52,0.268472,0.443022
86,53,0.195270,0.603301
86,54,0.121938,0.410966
86,55,0.045999,-0.101927
86,56,-0.001975,-0.422007
86,57,0.063883,-0.389951
86,58,0.216571,-0.229672
86,59,0.472796,0.058352
86,60,0.510804,0.346854
86,61,0.375877,0.475077
86,62,0.663403,0.218631
86,63,0.818306,-0.037816
87,0,-0.002533,-0.261728
87,1,-0.043224,-0.357895
87,2,-0.111931,-0.422007
87,3,-0.156438,-0.454063
87,4,-0.171894,-0.486119
87,5,-0.193043,-0.454063
87,6,-0.190449,-0.454063
87,7,0.010034,-0.261728
87,8,0.091264,-0.261728
87,9,0.053086,-0.389951
87,10,0.097663,-0.166039
87,11,0.184421,0.026296
87,12,0.116996,0.346854
87,13,0.076573,0.250687
87,14,0.008587,0.058352
87,15,-0.103707,-0.389951
87,16,-0.200898,-0.678453
87,17,-0.161242,-0.550230
87,18,-0.038460,-0.357895
87,19,0.187870,-0.166039
87,20,0.309666,0.058352
87,21,0.298162,0.186575
87,22,0.363492,0.058352
87,23,0.317644,-0.166039
87,24,0.262873,-0.357895
87,25,0.187156,-0.422007
87,26,0.085755,-0.518174
87,27,0.015136,-0.518174
87,28,-0.022244,-0.518174
87,29,-0.064295,-0.550230
87,30,-0.088356,-0.518174
87,31,0.112248,-0.357895
87,32,0.168342,-0.357895
87,33,0.086212,-0.550230
87,34,0.100249,-0.357895
87,35,0.134956,-0.454063
87,36,0.093918,-0.166039
87,37,0.041268,-0.678453
87,38,-0.028432,-0.550230
87,39,-0.119884,-0.550230
87,40,-0.216297,-0.389951
87,41,-0.182501,-0.229672
87,42,-0.066393,-0.229672
87,43,0.166444,0.090408
87,44,0.302670,-0.005760
87,45,0.271261,0.090408
87,46,0.348397,-0.101927
87,47,0.295309,-0.261728
87,48,0.236700,-0.422007
87,49,0.153344,-0.518174
87,50,0.044890,-0.518174
87,51,-0.034123,-0.614342
87,52,-0.066113,-0.582286
87,53,-0.102591,-0.518174
87,54,-0.117046,-0.582286
87,55,0.102548,-0.389951
87,56,0.169047,-0.101927
87,57,0.068674,-0.293784
87,58,0.078237,-0.325839
87,59,0.120775,-0.261728
87,60,0.075842,-0.389951
87,61,0.032320,-0.293784
87,62,-0.012784,-0.229672
87,63,-0.079652,-0.101927
88,0,-0.357190,0.090408
88,1,-0.306625,0.122463
88,2,-0.184096,0.154519
88,3,0.002603,0.346854
88,4,0.091240,0.443022
88,5,0.102834,0.346854
88,6,0.045655,0.218631
88,7,-0.090227,0.058352
88,8,-0.198918,-0.133983
88,9,-0.283151,-0.422007
88,10,-0.361365,-0.454063
88,11,-0.387829,-0.486119
88,12,-0.384432,-0.486119
88,13,-0.391401,-0.518174
88,14,-0.380433,-0.486119
88,15,-0.235747,-0.422007
88,16,-0.163064,-0.261728
88,17,-0.206075,-0.357895
88,18,-0.208054,-0.454063
88,19,-0.192982,-0.389951
88,20,-0.217739,-0.486119
88,21,-0.262298,-0.486119
88,22,-0.300941,-0.486119
88,23,-0.324050,-0.518174
88,24,-0.354406,-0.486119
88,25,-0.275879,-0.357895
88,26,-0.141211,-0.197616
88,27,0.063040,0.090408
88,28,0.126518,0.122463
88,29,0.137687,0.058352
88,30,0.086120,-0.005760
88,31,-0.054425,-0.229672
88,32,-0.172142,-0.357895
88,33,-0.260453,-0.486119
88,34,-0.342379,-0.486119
88,35,-0.370857,-0.582286
88,36,-0.368949,-0.582286
88,37,-0.374929,-0.582286
88,38,-0.361416,-0.550230
88,39,-0.217625,-0.357895
88,40,-0.131441,-0.166039
88,41,-0.189783,-0.646398
88,42,-0.184757,-0.357895
88,43,-0.174356,-0.101927
88,44,-0.188123,0.186575
88,45,-0.220481,0.058352
88,46,-0.256450,-0.101927
88,47,-0.295296,-0.389951
88,48,-0.346548,-0.710509
88,49,-0.291712,-0.710509
88,50,-0.175404,-0.389951
88,51,0.054816,-0.166039
88,52,0.120273,0.058352
88,53,0.152833,0.058352
88,54,0.126484,-0.037816
88,55,-0.009203,-0.261728
88,56,-0.127112,-0.325839
88,57,-0.216617,-0.486119
88,58,-0.296284,-0.582286
88,59,-0.337322,-0.614342
88,60,-0.332781,-0.614342
88,61,-0.321378,-0.614342
88,62,-0.300388,-0.614342
88,63,-0.153523,-0.486119
89,0,-0.369559,-0.261728
89,1,-0.431082,-0.389951
89,2,-0.394003,-0.550230
89,3,-0.320155,-0.518174
89,4,-0.298391,-0.454063
89,5,-0.342886,-0.422007
89,6,-0.404141,-0.293784
89,7,-0.488027,-0.101927
89,8,-0.523558,-0.197616
89,9,-0.483023,-0.133983
89,10,-0.357926,0.122463
89,11,-0.133987,0.250687
89,12,-0.030072,0.346854
89,13,-0.015808,0.090408
89,14,-0.084454,0.026296
89,15,-0.229331,-0.197616
89,16,-0.353927,-0.357895
89,17,-0.439985,-0.454063
89,18,-0.503636,-0.486119
89,19,-0.532904,-0.518174
89,20,-0.531912,-0.550230
89,21,-0.551959,-0.582286
89,22,-0.527609,-0.582286
89,23,-0.423201,-0.486119
89,24,-0.344626,-0.261728
89,25,-0.402034,-0.229672
89,26,-0.364449,-0.389951
89,27,-0.265019,-0.389951
89,28,-0.216131,-0.229672
89,29,-0.264552,-0.261728
89,30,-0.342749,-0.293784
89,31,-0.447028,-0.229672
89,32,-0.503229,-0.101927
89,33,-0.456529,-0.101927
89,34,-0.320316,0.026296
89,35,-0.071605,0.250687
89,36,0.045246,0.378910
89,37,0.071511,0.218631
89,38,0.004431,0.122463
89,39,-0.131580,-0.069871
89,40,-0.275495,-0.325839
89,41,-0.376526,-0.422007
89,42,-0.445262,-0.518174
89,43,-0.484074,-0.486119
89,44,-0.488400,-0.614342
89,45,-0.505443,-0.614342
89,46,-0.489769,-0.550230
89,47,-0.364921,-0.422007
89,48,-0.267612,-0.101927
89,49,-0.366800,-0.197616
89,50,-0.346373,-0.293784
89,51,-0.288187,-0.229672
89,52,-0.252781,-0.261728
89,53,-0.277939,-0.197616
89,54,-0.346972,-0.197616
89,55,-0.446214,-0.166039
89,56,-0.478997,0.058352
89,57,-0.426887,-0.005760
89,58,-0.289349,0.090408
89,59,-0.032118,0.378910
89,60,0.057509,0.507133
89,61,0.060872,0.346854
89,62,0.002384,0.218631
89,63,-0.121058,0.090408
90,0,0.562278,0.463911
90,1,0.469860,0.219292
90,2,0.383538,0.251365
90,3,0.418059,0.245023
90,4,0.424417,0.199904
90,5,0.449538,0.058206
90,6,0.500755,0.347944
90,7,0.418225,-0.128429
90,8,-0.318217,-1.622233
90,9,-1.236036,-2.955133
90,10,-1.918486,-3.663440
90,11,-2.241389,-3.888852
90,12,-2.508456,-3.798615
90,13,-2.394629,-3.418822
90,14,-1.826476,-3.463759
90,15,-1.298779,-2.646008
90,16,-0.845093,-1.377615
90,17,-0.196824,-0.154159
90,18,-0.104528,-0.115563
90,19,-0.112948,-0.160682
90,20,-0.083685,-0.089833
90,21,0.017727,-0.051238
90,22,0.231823,0.116190
90,23,0.485951,0.644204
90,24,0.626543,0.637681
90,25,0.555953,0.747306
90,26,0.473702,0.773037
90,27,0.484025,0.856750
90,28,0.480309,0.831020
90,29,0.487931,0.586220
90,30,0.485700,0.740783
90,31,0.440408,0.483299
90,32,-0.230584,-1.177933
90,33,-1.233553,-2.716856
90,34,-1.889858,-3.721424
90,35,-2.279766,-4.249438
90,36,-2.532389,-4.680692
90,37,-2.433226,-4.610024
90,38,-1.979563,-2.085922
90,39,-1.345549,-3.071101
90,40,-0.846223,-0.553521
90,41,-0.133919,-0.218666
90,42,-0.065323,-0.089833
90,43,-0.087971,-0.096356
90,44,-0.081514,-0.167024
90,45,0.016878,-0.244396
90,46,0.214210,-0.328110
90,47,0.481797,0.322213
90,48,0.641921,0.309348
90,49,0.643959,0.560490
90,50,0.567647,0.347944
90,51,0.555271,0.373855
90,52,0.539036,0.328737
90,53,0.508237,0.096983
90,54,0.496018,0.129055
90,55,0.415376,0.109848
90,56,-0.331857,-0.424689
90,57,-1.298831,-0.733633
90,58,-1.965401,-2.015073
90,59,-2.269401,-1.667352
90,60,-2.494248,-3.966043
90,61,-2.404395,-2.877943
90,62,-1.855194,-3.077443
90,63,-1.347987,-2.259691
91,0,-0.996065,-1.223052
91,1,-0.279052,-0.154159
91,2,-0.141595,0.096983
91,3,-0.104045,-0.051238
91,4,-0.071520,-0.128429
91,5,0.010563,-0.179889
91,6,0.103951,0.187039
91,7,0.356729,0.888823
91,8,0.477288,0.882481
91,9,0.519777,0.908211
91,10,0.486933,0.618474
91,11,0.528509,0.592744
91,12,0.510524,0.669934
91,13,0.426233,0.509030
91,14,0.508229,0.380197
91,15,0.478367,0.270753
91,16,-0.582013,-0.798140
91,17,-1.818075,-2.175977
91,18,-2.596101,-2.935745
91,19,-2.914053,-3.373703
91,20,-3.461390,-2.935745
91,21,-3.287775,-3.431687
91,22,-2.756889,-1.377615
91,23,-2.091641,-2.015073
91,24,-1.119978,-1.184456
91,25,-0.312243,-0.128429
91,26,-0.106513,-0.102698
91,27,-0.053816,0.032476
91,28,-0.029763,-0.051238
91,29,0.029932,0.199904
91,30,0.122358,0.206427
91,31,0.392367,0.644204
91,32,0.512774,1.049909
91,33,0.544496,0.721395
91,34,0.523244,0.695665
91,35,0.542744,0.644204
91,36,0.509137,0.734260
91,37,0.413382,0.393062
91,38,0.459957,0.637681
91,39,0.370763,0.322213
91,40,-0.873222,-0.984775
91,41,-2.079036,-2.691126
91,42,-2.972883,-3.573203
91,43,-3.232212,-3.920924
91,44,-3.625661,-4.571248
91,45,-3.420634,-4.049757
91,46,-2.793761,-3.399433
91,47,-2.177594,-2.543087
91,48,-1.075634,-1.216710
91,49,-0.324795,-0.102698
91,50,-0.202920,-0.044715
91,51,-0.150433,-0.076968
91,52,-0.095543,-0.147817
91,53,0.000098,0.026134
91,54,0.110820,0.547625
91,55,0.433378,0.708530
91,56,0.523977,1.024179
91,57,0.577674,0.843885
91,58,0.531614,0.850227
91,59,0.531061,0.933941
91,60,0.512654,0.959672
91,61,0.440230,0.650727
91,62,0.494658,0.702188
91,63,0.448450,0.637681
92,0,-0.562507,-0.373228
92,1,-2.052871,-1.190798
92,2,-3.082174,-0.637054
92,3,-3.521952,-0.514745
92,4,-3.938689,-2.311333
92,5,-3.768045,-2.581682
92,6,-2.804289,-2.729722
92,7,-2.286090,-2.736245
92,8,-1.059907,-1.448463
92,9,0.008139,-0.231531
92,10,0.236226,-0.134952
92,11,0.180067,-0.192935
92,12,0.157017,-0.263603
92,13,0.261253,-0.237873
92,14,0.431328,-0.205801
92,15,0.786786,0.109848
92,16,0.925793,0.257888
92,17,0.979512,0.251365
92,18,0.968594,0.431658
92,19,0.974062,0.187039
92,20,0.902177,0.135578
92,21,0.754381,0.341602
92,22,0.724696,0.386720
92,23,0.546993,0.303006
92,24,-0.679439,-0.991298
92,25,-2.006083,-2.729722
92,26,-2.983754,-3.425164
92,27,-3.447940,-2.910015
92,28,-3.769812,-4.043233
92,29,-3.610462,-4.082010
92,30,-2.865237,-3.644052
92,31,-2.210499,-2.601070
92,32,-1.067482,-1.454805
92,33,-0.041185,-0.147817
92,34,0.154435,-0.089833
92,35,0.131887,-0.128429
92,36,0.126844,-0.225008
92,37,0.239947,0.232158
92,38,0.458786,0.328737
92,39,0.792342,0.637681
92,40,0.939887,0.650727
92,41,0.939792,0.650727
92,42,0.896283,0.650727
92,43,0.927314,0.650727
92,44,0.898922,0.650727
92,45,0.760606,0.650727
92,46,0.663730,0.650727
92,47,0.522599,0.650727
92,48,-0.749126,0.650727
92,49,-2.098220,0.650727
92,50,-3.142784,0.650727
92,51,-3.634746,0.650727
92,52,-3.808445,0.650727
92,53,-3.597323,0.650727
92,54,-2.814803,0.650727
92,55,-2.220039,0.650727
92,56,-1.115992,0.650727
92,57,-0.062014,0.650727
92,58,0.200330,0.650727
92,59,0.158452,0.650727
92,60,0.135540,0.650727
92,61,0.247183,0.650727
92,62,0.420252,0.650727
92,63,0.734543,0.650727
93,0,0.764983,0.817974
93,1,0.687743,0.785902
93,2,0.622045,0.573355
93,3,0.636291,0.631339
93,4,0.663264,0.509030
93,5,0.673790,0.451046
93,6,0.655195,0.727918
93,7,0.603110,0.315871
93,8,0.421952,-0.959045
93,9,0.124814,-2.807094
93,10,-0.085340,-3.483147
93,11,-0.208807,-3.850075
93,12,-0.368931,-4.255780
93,13,-0.377065,-3.991773
93,14,-0.217647,-3.328584
93,15,-0.015838,-2.620277
93,16,0.213937,-1.506447
93,17,0.442431,-0.186412
93,18,0.492893,-0.044715
93,19,0.478033,-0.057580
93,20,0.465496,-0.173547
93,21,0.531855,-0.154159
93,22,0.644447,0.019611
93,23,0.789081,-0.018984
93,24,0.802086,0.270753
93,25,0.741448,0.290141
93,26,0.659529,0.386720
93,27,0.646802,0.071072
93,28,0.668683,0.148444
93,29,0.660266,0.141920
93,30,0.641104,0.109848
93,31,0.579259,0.090460
93,32,0.337042,-1.274512
93,33,-0.024413,-2.794229
93,34,-0.264382,-3.611980
93,35,-0.428673,-4.165724
93,36,-0.620138,-4.024026
93,37,-0.614991,-3.959701
93,38,-0.415209,-3.586068
93,39,-0.169201,-2.633143
93,40,0.092814,-1.158726
93,41,0.337698,0.026134
93,42,0.413526,-0.025507
93,43,0.410239,-0.102698
93,44,0.418553,-0.212142
93,45,0.497602,-0.141294
93,46,0.610400,0.386720
93,47,0.761888,0.644204
93,48,0.813829,0.669934
93,49,0.801452,0.792244
93,50,0.696906,0.509030
93,51,0.672778,0.695665
93,52,0.697564,0.560490
93,53,0.694563,0.322213
93,54,0.651505,0.657069
93,55,0.524395,0.560490
93,56,0.199989,-0.630712
93,57,-0.245720,-1.886240
93,58,-0.519367,-2.530221
93,59,-0.690171,-2.819959
93,60,-0.842731,-2.865077
93,61,-0.857939,-2.761975
93,62,-0.592497,-1.963612
93,63,-0.378179,-1.351884
94,0,-0.620493,-0.521268
94,1,0.083845,0.071072
94,2,0.099089,0.000404
94,3,0.063022,-0.109221
94,4,0.067509,-0.192935
94,5,0.181193,-0.141294
94,6,0.352653,-0.199277
94,7,0.582371,0.270753
94,8,0.651538,0.303006
94,9,0.644530,0.399585
94,10,0.611874,0.154786
94,11,0.615038,0.116190
94,12,0.601068,0.148444
94,13,0.516892,0.045341
94,14,0.620033,0.032476
94,15,0.631001,0.193562
94,16,-0.420368,-1.693082
94,17,-1.809461,-2.865077
94,18,-2.508800,-3.702036
94,19,-2.860659,-4.011161
94,20,-3.152960,-4.365224
94,21,-3.034446,-4.262303
94,22,-2.449764,-3.663440
94,23,-1.871867,-2.800570
94,24,-0.950086,-1.364749
94,25,-0.050856,-0.083310
94,26,0.014600,0.006746
94,27,0.030475,0.000404
94,28,0.053015,-0.115563
94,29,0.146223,0.232158
94,30,0.306415,0.418792
94,31,0.555964,0.431658
94,32,0.665197,0.727918
94,33,0.686836,0.676457
94,34,0.668364,0.425316
94,35,0.642471,0.341602
94,36,0.600488,0.496164
94,37,0.496400,0.496164
94,38,0.587526,0.534760
94,39,0.568137,0.521895
94,40,-0.569731,-1.274512
94,41,-1.838198,-2.671919
94,42,-2.651934,-3.888852
94,43,-2.983820,-4.165724
94,44,-3.286781,-4.526310
94,45,-3.153512,-4.152859
94,46,-2.520488,-3.676305
94,47,-2.001971,-2.813436
94,48,-1.001756,-1.313289
94,49,-0.129228,-0.089833
94,50,-0.137054,-0.031849
94,51,-0.131806,-0.018984
94,52,-0.074170,-0.147817
94,53,0.038981,0.309348
94,54,0.211681,0.393062
94,55,0.474748,0.412451
94,56,0.555648,0.611951
94,57,0.580361,0.869616
94,58,0.531128,0.792244
94,59,0.493752,0.689323
94,60,0.458808,0.946806
94,61,0.389639,0.921076
94,62,0.476784,0.824497
94,63,0.455465,0.824497
95,0,-0.389728,-0.991298
95,1,-1.930394,-2.774840
95,2,-2.867321,-2.497968
95,3,-3.216318,-3.953177
95,4,-3.733754,-4.268645
95,5,-3.619699,-3.193410
95,6,-2.952816,-3.283466
95,7,-2.273748,-1.403345
95,8,-1.015109,-0.534133
95,9,0.126009,-0.076968
95,10,0.250936,-0.089833
95,11,0.224085,-0.134952
95,12,0.181000,-0.179889
95,13,0.308114,-0.051238
95,14,0.448031,0.373855
95,15,0.688044,0.476776
95,16,0.813593,0.792244
95,17,0.866416,0.856750
95,18,0.840552,0.611951
95,19,0.782343,0.644204
95,20,0.757319,0.773037
95,21,0.702987,0.567013
95,22,0.697040,0.798767
95,23,0.565536,0.676457
95,24,-0.735329,-1.435598
95,25,-2.128715,-0.122087
95,26,-3.012614,0.180516
95,27,-3.309767,-0.360182
95,28,-3.682195,-0.894719
95,29,-3.541335,-1.609368
95,30,-2.980958,-1.461329
95,31,-2.240970,-2.395047
95,32,-0.957696,-0.598459
95,33,0.172461,-0.012642
95,34,0.222972,0.090460
95,35,0.179744,0.032476
95,36,0.144673,-0.025507
95,37,0.280998,-0.057580
95,38,0.442559,0.058206
95,39,0.649915,0.489641
95,40,0.763912,0.554148
95,41,0.777202,0.541102
95,42,0.714200,0.586220
95,43,0.682989,0.328737
95,44,0.702071,0.509030
95,45,0.643833,0.219292
95,46,0.555813,0.116190
95,47,0.452649,0.393062
95,48,-0.796641,-0.328110
95,49,-2.309536,-1.693082
95,50,-3.275140,-2.568817
95,51,-3.719191,-3.051712
95,52,-3.948807,-3.283466
95,53,-3.739882,-3.444552
95,54,-3.137216,-2.858554
95,55,-2.423014,-1.461329
95,56,-1.130120,-1.017029
95,57,0.074193,-0.147817
95,58,0.215846,-0.025507
95,59,0.148603,0.032476
95,60,0.093655,-0.089833
95,61,0.247794,0.174174
95,62,0.398120,0.605609
95,63,0.592028,0.773037
96,0,0.932719,0.747306
96,1,0.841044,0.773037
96,2,0.686077,0.792244
96,3,0.675221,0.528237
96,4,0.681929,0.599086
96,5,0.596262,0.644204
96,6,0.557096,0.528237
96,7,0.592663,0.715053
96,8,-0.740810,-1.313289
96,9,-2.084882,-2.768498
96,10,-2.875752,-3.669782
96,11,-3.261592,-4.094875
96,12,-3.645883,-4.390954
96,13,-3.461195,-4.094875
96,14,-2.708895,-3.631187
96,15,-1.993022,-2.749110
96,16,-0.939435,-1.004163
96,17,-0.132600,-0.076968
96,18,-0.071674,0.058206
96,19,-0.064082,-0.006119
96,20,-0.003452,-0.076968
96,21,0.205342,0.328737
96,22,0.456759,0.567013
96,23,0.692688,0.676457
96,24,0.839622,0.798767
96,25,0.802738,0.650727
96,26,0.675281,0.502506
96,27,0.666387,0.457388
96,28,0.706278,0.341602
96,29,0.616398,0.509030
96,30,0.545588,0.425316
96,31,0.565546,0.502506
96,32,-0.648138,-0.070445
96,33,-2.009955,-0.218666
96,34,-2.720651,-0.997640
96,35,-3.178649,-1.712470
96,36,-3.502216,-3.888852
96,37,-3.336147,-1.538519
96,38,-2.616489,-1.042759
96,39,-1.841638,-0.514745
96,40,-0.848072,-0.386094
96,41,-0.007819,-0.083310
96,42,0.054617,0.071072
96,43,0.014134,0.051865
96,44,0.022216,-0.025507
96,45,0.189890,-0.006119
96,46,0.400347,0.418792
96,47,0.609056,0.811632
96,48,0.774643,0.875958
96,49,0.826795,0.624816
96,50,0.710382,0.573355
96,51,0.687051,0.534760
96,52,0.737689,0.567013
96,53,0.630470,0.753648
96,54,0.513204,0.560490
96,55,0.490895,0.599086
96,56,-0.962710,-0.424689
96,57,-2.253581,-1.397003
96,58,-2.964157,-3.064578
96,59,-3.334012,-3.560338
96,60,-3.642584,-2.337063
96,61,-3.502448,-2.678261
96,62,-2.834746,-1.132996
96,63,-2.086303,-0.682173
97,0,-0.347348,-0.295856
97,1,0.156500,0.026134
97,2,0.150051,-0.006119
97,3,0.082675,0.038999
97,4,0.083910,-0.044715
97,5,0.235782,0.393062
97,6,0.405322,0.457388
97,7,0.618028,0.554148
97,8,0.708214,0.676457
97,9,0.696761,0.631339
97,10,0.649459,0.798767
97,11,0.644386,0.496164
97,12,0.639972,0.341602
97,13,0.524630,0.399585
97,14,0.595017,0.393062
97,15,0.719377,0.470434
97,16,-0.481438,0.000404
97,17,-1.770812,-0.514745
97,18,-2.543387,-1.680217
97,19,-3.067326,-1.802526
97,20,-3.433740,-1.918494
97,21,-3.227791,-1.467671
97,22,-2.490080,-1.551384
97,23,-1.781829,-0.604982
97,24,-0.859019,-0.212142
97,25,-0.080372,0.083937
97,26,0.002520,0.058206
97,27,-0.017495,0.032476
97,28,0.012857,-0.096356
97,29,0.161117,-0.025507
97,30,0.343469,0.187039
97,31,0.596352,0.347944
97,32,0.769757,0.734260
97,33,0.801052,0.689323
97,34,0.771021,0.657069
97,35,0.729756,0.599086
97,36,0.679649,0.245023
97,37,0.549034,0.309348
97,38,0.618774,0.303006
97,39,0.630044,0.521895
97,40,-0.621856,0.309348
97,41,-1.858015,-0.096356
97,42,-2.726005,-0.012642
97,43,-3.193240,-0.598459
97,44,-3.539008,-0.443896
97,45,-3.340588,-0.379570
97,46,-2.713025,-0.424689
97,47,-1.995021,-0.186412
97,48,-0.952698,-0.064103
97,49,-0.187927,0.032476
97,50,-0.153375,0.045341
97,51,-0.139570,0.148444
97,52,-0.064234,0.032476
97,53,0.080285,0.502506
97,54,0.252415,0.476776
97,55,0.481545,0.773037
97,56,0.612156,1.075639
97,57,0.633077,0.972537
97,58,0.580937,0.908211
97,59,0.548272,0.837362
97,60,0.539412,0.888823
97,61,0.444898,0.521895
97,62,0.508830,0.708530
97,63,0.561802,1.114234
98,0,0.475622,0.026134
98,1,-0.357400,-1.055624
98,2,-1.075037,-0.469808
98,3,-1.516908,-1.358226
98,4,-1.848722,-1.512789
98,5,-1.693097,-1.306766
98,6,-1.365354,-1.384138
98,7,-0.851663,-0.759545
98,8,-0.288857,-0.386094
98,9,0.110851,0.051865
98,10,0.286297,0.006746
98,11,0.290685,0.103325
98,12,0.306465,0.000404
98,13,0.443247,0.122713
98,14,0.593053,0.360809
98,15,0.796615,0.734260
98,16,0.935366,0.785902
98,17,0.986102,0.470434
98,18,0.953090,0.541102
98,19,0.881687,0.599086
98,20,0.766734,0.528237
98,21,0.649430,0.624816
98,22,0.626830,0.367332
98,23,0.670523,0.573355
98,24,-0.106073,-0.154159
98,25,-1.077488,-1.390480
98,26,-1.840416,-2.356271
98,27,-2.241678,-2.684784
98,28,-2.457286,-3.470282
98,29,-2.213077,-3.116038
98,30,-1.775037,-2.343405
98,31,-1.085886,-1.802526
98,32,-0.341077,-0.534133
98,33,0.193973,-0.038373
98,34,0.319455,-0.064103
98,35,0.312369,0.000404
98,36,0.330397,-0.122087
98,37,0.483428,0.283618
98,38,0.665615,0.296483
98,39,0.845786,0.567013
98,40,0.973413,0.509030
98,41,0.999480,0.734260
98,42,0.935021,0.476776
98,43,0.846717,0.785902
98,44,0.735567,0.760171
98,45,0.578325,0.650727
98,46,0.473633,0.740783
98,47,0.528725,0.946806
98,48,-0.307124,0.360809
98,49,-1.342921,-0.566387
98,50,-2.173621,-0.804482
98,51,-2.634934,-0.424689
98,52,-2.831676,-0.534133
98,53,-2.609951,-0.443896
98,54,-2.075055,-0.714426
98,55,-1.343470,-0.263603
98,56,-0.543217,-0.102698
98,57,0.075711,0.064730
98,58,0.209404,0.103325
98,59,0.239663,0.141920
98,60,0.245017,0.058206
98,61,0.405029,-0.109221
98,62,0.557186,-0.064103
98,63,0.727818,0.418792
99,0,0.632113,0.567013
99,1,0.554880,0.393062
99,2,0.472734,0.534760
99,3,0.498939,0.251365
99,4,0.463662,0.335079
99,5,0.433551,0.405927
99,6,0.469327,0.476776
99,7,0.460807,0.257888
99,8,-0.192137,0.077595
99,9,-0.946535,-0.186412
99,10,-1.453521,0.122713
99,11,-1.720459,-0.051238
99,12,-1.920352,-0.913926
99,13,-1.807303,-0.437554
99,14,-1.361724,-0.759545
99,15,-0.915099,-0.205801
99,16,-0.490448,0.051865
99,17,-0.116741,0.038999
99,18,0.010628,-0.025507
99,19,0.035515,-0.076968
99,20,0.043709,-0.167024
99,21,0.187945,-0.160682
99,22,0.356232,0.206427
99,23,0.592474,0.573355
99,24,0.692429,0.483299
99,25,0.651520,0.831020
99,26,0.580444,0.534760
99,27,0.588170,0.727918
99,28,0.554067,0.399585
99,29,0.498587,0.444523
99,30,0.499045,0.650727
99,31,0.588202,0.798767
99,32,-0.194504,0.328737
99,33,-1.174449,-0.302380
99,34,-1.706250,-1.319631
99,35,-2.137301,-1.751066
99,36,-2.362976,-1.525654
99,37,-2.220993,-2.227619
99,38,-1.818026,-2.105129
99,39,-1.176855,-1.815391
99,40,-0.618803,-0.662966
99,41,-0.106810,0.019611
99,42,-0.042592,0.077595
99,43,-0.002136,0.013269
99,44,0.020435,-0.070445
99,45,0.176209,-0.167024
99,46,0.367997,-0.122087
99,47,0.591988,0.141920
99,48,0.701363,0.283618
99,49,0.720365,0.277276
99,50,0.632851,0.019611
99,51,0.615479,0.013269
99,52,0.556411,0.077595
99,53,0.453006,0.264230
99,54,0.381796,0.328737
99,55,0.481600,0.715053
99,56,-0.447780,0.161309
99,57,-1.325446,-0.598459
99,58,-1.841148,-1.809049
99,59,-2.232765,-0.791617
99,60,-2.411005,-1.918494
99,61,-2.261904,-1.944224
99,62,-1.763885,-0.830393
99,63,-1.225232,-0.675831
100,0,-0.225239,-0.231531
100,1,0.026635,0.167651
100,2,-0.000857,0.161309
100,3,-0.023735,0.064730
100,4,-0.014354,-0.044715
100,5,0.069409,0.219292
100,6,0.170002,0.444523
100,7,0.360157,0.669934
100,8,0.457384,0.824497
100,9,0.507430,0.798767
100,10,0.501466,0.824497
100,11,0.494819,0.773037
100,12,0.443239,0.579878
100,13,0.396943,0.534760
100,14,0.518750,0.618474
100,15,0.757683,1.043386
100,16,0.078208,0.431658
100,17,-0.815189,-0.424689
100,18,-1.360123,-1.190798
100,19,-1.583018,-0.894719
100,20,-1.922100,-3.283466
100,21,-1.910380,-0.868989
100,22,-1.627686,-0.991298
100,23,-1.101288,-1.062147
100,24,-0.390470,-0.109221
100,25,-0.041407,0.006746
100,26,0.003481,0.135578
100,27,0.035672,0.090460
100,28,0.073605,-0.044715
100,29,0.142866,0.245023
100,30,0.235277,0.141920
100,31,0.424527,0.727918
100,32,0.529658,1.062774
100,33,0.572104,1.114234
100,34,0.556967,0.901688
100,35,0.514209,0.727918
100,36,0.432651,0.637681
100,37,0.373531,0.940465
100,38,0.461722,0.837362
100,39,0.588957,1.107892
100,40,-0.139493,-0.076968
100,41,-1.034993,-0.315245
100,42,-1.694234,-0.566387
100,43,-1.948568,-0.804482
100,44,-2.329030,-1.345361
100,45,-2.292120,-2.291945
100,46,-1.934690,-0.765887
100,47,-1.387554,-0.521268
100,48,-0.590906,-0.070445
100,49,-0.179892,0.103325
100,50,-0.140462,0.109848
100,51,-0.072281,0.083937
100,52,0.007763,-0.025507
100,53,0.109442,-0.154159
100,54,0.207486,-0.089833
100,55,0.381387,0.232158
100,56,0.485411,0.605609
100,57,0.520503,0.509030
100,58,0.490436,0.567013
100,59,0.431625,0.644204
100,60,0.360153,0.637681
100,61,0.303774,0.463911
100,62,0.392830,0.354467
100,63,0.542095,0.315871
101,0,-0.241480,-0.270126
101,1,-1.088698,-1.989343
101,2,-1.781986,-2.884284
101,3,-2.018450,-3.032324
101,4,-2.572335,-3.682828
101,5,-2.459582,-3.296331
101,6,-1.862948,-1.467671
101,7,-1.265588,-0.901061
101,8,-0.413190,-0.527610
101,9,0.041673,0.045341
101,10,0.144801,0.083937
101,11,0.096447,0.051865
101,12,0.044915,-0.051238
101,13,0.135844,-0.173547
101,14,0.252405,-0.128429
101,15,0.490716,0.251365
101,16,0.679709,0.451046
101,17,0.722103,0.541102
101,18,0.744609,0.354467
101,19,0.718085,0.199904
101,20,0.666069,0.315871
101,21,0.579105,0.154786
101,22,0.541734,0.219292
101,23,0.543702,0.335079
101,24,-0.183383,-0.160682
101,25,-1.050954,-2.697649
101,26,-1.767123,-3.289989
101,27,-1.971098,-3.811480
101,28,-2.445163,-4.300899
101,29,-2.310561,-3.818003
101,30,-1.754294,-3.309196
101,31,-1.130670,-2.330540
101,32,-0.322012,-0.392435
101,33,0.054778,0.000404
101,34,0.166956,0.077595
101,35,0.136746,0.083937
101,36,0.111971,0.045341
101,37,0.223825,-0.109221
101,38,0.360573,0.212769
101,39,0.582722,0.592744
101,40,0.709490,0.959672
101,41,0.717395,1.165695
101,42,0.710776,1.056251
101,43,0.687880,1.011313
101,44,0.648493,0.798767
101,45,0.533019,0.991925
101,46,0.471491,1.004790
101,47,0.537198,0.979060
101,48,-0.137753,0.026134
101,49,-0.977692,-2.504491
101,50,-1.719369,-3.302854
101,51,-1.950238,-3.676305
101,52,-2.414598,-3.399433
101,53,-2.290262,-3.914582
101,54,-1.783348,-1.937882
101,55,-1.243984,-1.499924
101,56,-0.516333,-0.334452
101,57,-0.058967,0.116190
101,58,0.075398,0.064730
101,59,0.079728,0.006746
101,60,0.042749,0.026134
101,61,0.141813,0.212769
101,62,0.264972,0.444523
101,63,0.497462,0.843885
102,0,1.094438,1.152830
102,1,1.037521,1.152830
102,2,0.938913,1.004790
102,3,0.888245,0.875958
102,4,0.815766,1.178560
102,5,0.789445,0.740783
102,6,0.752507,0.451046
102,7,0.994732,0.914553
102,8,-0.380149,0.187039
102,9,-2.084773,-1.937882
102,10,-3.098205,-2.221096
102,11,-3.338657,-3.296331
102,12,-3.611109,-2.832824
102,13,-3.359812,-2.845689
102,14,-2.368856,-2.729722
102,15,-1.551841,-0.952703
102,16,-0.483191,-0.276649
102,17,0.033637,0.064730
102,18,0.074925,0.122713
102,19,0.086249,0.038999
102,20,0.152467,-0.038373
102,21,0.328304,0.193562
102,22,0.525200,0.335079
102,23,0.791304,0.985402
102,24,1.001860,0.837362
102,25,0.987953,0.908211
102,26,0.909109,0.708530
102,27,0.849488,0.817974
102,28,0.785471,0.779378
102,29,0.779951,0.863093
102,30,0.742202,0.669934
102,31,0.948527,0.824497
102,32,-0.246798,0.309348
102,33,-1.861563,-2.285422
102,34,-2.805433,-3.109696
102,35,-3.112487,-3.656917
102,36,-3.369267,-4.262303
102,37,-3.181185,-3.818003
102,38,-2.340756,-3.096831
102,39,-1.478397,-2.175977
102,40,-0.463536,-0.263603
102,41,0.121806,0.045341
102,42,0.180461,0.026134
102,43,0.151608,-0.006119
102,44,0.134845,-0.115563
102,45,0.266876,-0.096356
102,46,0.430653,0.167651
102,47,0.707252,0.605609
102,48,0.960331,0.470434
102,49,1.030070,0.676457
102,50,0.987123,0.335079
102,51,0.923457,0.560490
102,52,0.875943,0.689323
102,53,0.835833,0.579878
102,54,0.768808,0.676457
102,55,0.869182,0.631339
102,56,-0.377593,-0.064103
102,57,-1.704264,-1.918494
102,58,-2.607988,-2.942268
102,59,-2.873605,-3.605456
102,60,-3.171091,-4.114082
102,61,-2.987650,-3.811480
102,62,-2.074398,-3.109696
102,63,-1.366954,-2.124517
103,0,-0.632231,-0.418166
103,1,-0.151733,0.038999
103,2,-0.120166,0.032476
103,3,-0.071948,-0.006119
103,4,-0.056881,-0.134952
103,5,0.030409,0.161309
103,6,0.190927,0.277276
103,7,0.486793,0.457388
103,8,0.674756,0.805109
103,9,0.739379,0.837362
103,10,0.741408,0.740783
103,11,0.774460,0.451046
103,12,0.756522,0.663592
103,13,0.658798,0.573355
103,14,0.628687,0.798767
103,15,0.938349,0.888823
103,16,-0.016783,0.412451
103,17,-1.881959,0.006746
103,18,-2.777621,-0.360182
103,19,-3.223641,-0.682173
103,20,-3.636969,-0.901061
103,21,-3.453522,-0.740156
103,22,-2.616768,-0.926973
103,23,-1.761448,-1.506447
103,24,-0.581979,-0.476149
103,25,-0.169795,0.013269
103,26,-0.067780,0.032476
103,27,-0.010360,-0.051238
103,28,-0.019059,-0.096356
103,29,0.029700,-0.141294
103,30,0.175586,0.161309
103,31,0.512791,0.483299
103,32,0.717804,0.489641
103,33,0.795493,0.496164
103,34,0.793662,0.521895
103,35,0.798708,0.579878
103,36,0.740890,0.689323
103,37,0.610322,0.740783
103,38,0.569581,0.753648
103,39,0.782107,0.888823
103,40,-0.176377,0.502506
103,41,-1.973656,0.451046
103,42,-2.985487,-0.772410
103,43,-3.359496,-1.062147
103,44,-3.725715,-1.229575
103,45,-3.531626,-1.712470
103,46,-2.665966,-0.315245
103,47,-1.754862,-0.263603
103,48,-0.486422,0.058206
103,49,-0.078349,0.135578
103,50,-0.018754,0.045341
103,51,-0.001954,0.071072
103,52,0.022357,-0.012642
103,53,0.063886,-0.006119
103,54,0.169403,0.354467
103,55,0.530562,0.869616
103,56,0.647965,0.882481
103,57,0.730707,0.727918
103,58,0.713022,0.933941
103,59,0.710937,0.843885
103,60,0.661218,0.798767
103,61,0.561195,0.773037
103,62,0.514333,0.470434
103,63,0.718487,0.534760
104,0,0.115966,0.618474
104,1,-1.182852,0.045341
104,2,-2.128395,0.174174
104,3,-2.442326,-0.038373
104,4,-2.949973,-0.411824
104,5,-2.815761,-0.682173
104,6,-1.949174,-0.302380
104,7,-1.378168,-0.270126
104,8,-0.341314,0.154786
104,9,0.089424,0.496164
104,10,0.199139,0.225634
104,11,0.153849,0.199904
104,12,0.130099,0.058206
104,13,0.212694,0.380197
104,14,0.365071,0.277276
104,15,0.699657,0.599086
104,16,0.836989,0.811632
104,17,0.892568,0.785902
104,18,0.922446,0.831020
104,19,0.890557,0.824497
104,20,0.837976,0.695665
104,21,0.749709,0.425316
104,22,0.662836,0.509030
104,23,0.685545,0.921076
104,24,0.062079,0.219292
104,25,-1.164662,-1.416210
104,26,-2.120994,-0.508403
104,27,-2.479952,-0.997640
104,28,-2.891977,-3.953177
104,29,-2.756808,-2.337063
104,30,-1.986285,-1.905629
104,31,-1.326294,-0.907584
104,32,-0.298558,0.676457
104,33,0.122437,1.191425
104,34,0.201414,1.243067
104,35,0.156448,1.391106
104,36,0.152933,1.185083
104,37,0.266018,0.998267
104,38,0.444860,1.352511
104,39,0.701097,1.771081
104,40,0.862945,1.861137
104,41,0.886261,1.841930
104,42,0.884910,1.809676
104,43,0.871985,1.487686
104,44,0.853307,1.461955
104,45,0.750632,1.481344
104,46,0.627958,1.326781
104,47,0.691615,1.468297
104,48,0.082018,1.024179
104,49,-1.186772,0.817974
104,50,-2.212651,0.232158
104,51,-2.642245,-0.321587
104,52,-2.926639,-0.843259
104,53,-2.777043,-0.926973
104,54,-2.090934,-1.454805
104,55,-1.466253,-0.843259
104,56,-0.441134,0.747306
104,57,0.073642,1.146488
104,58,0.171722,0.109848
104,59,0.174038,0.109848
104,60,0.148180,0.071072
104,61,0.249534,-0.044715
104,62,0.393149,0.489641
104,63,0.634470,0.592744
105,0,0.956958,0.682799
105,1,0.886383,0.502506
105,2,0.818567,0.631339
105,3,0.755916,0.496164
105,4,0.720504,0.405927
105,5,0.717910,0.399585
105,6,0.682521,0.618474
105,7,0.698284,0.888823
105,8,0.277290,0.509030
105,9,-0.575767,-0.360182
105,10,-1.212861,-1.068489
105,11,-1.399134,-3.038847
105,12,-2.050948,-3.637710
105,13,-1.988927,-1.557908
105,14,-1.408812,-0.231531
105,15,-0.962123,-0.366705
105,16,0.021059,-0.366705
105,17,0.417318,0.174174
105,18,0.280840,0.122713
105,19,0.246257,0.083937
105,20,0.258525,0.006746
105,21,0.384421,-0.025507
105,22,0.609306,0.528237
105,23,0.877819,0.998267
105,24,1.072296,0.888823
105,25,1.040927,0.715053
105,26,0.987320,0.534760
105,27,0.891085,0.502506
105,28,0.830674,0.657069
105,29,0.809114,0.760171
105,30,0.746109,0.502506
105,31,0.836103,1.004790
105,32,0.489556,0.521895
105,33,-0.603002,-0.637054
105,34,-1.229024,-1.705947
105,35,-1.504346,-1.075012
105,36,-2.141459,-1.680217
105,37,-2.079368,-2.092263
105,38,-1.590583,-1.705947
105,39,-1.065128,-1.184456
105,40,-0.026065,-0.360182
105,41,0.437631,0.199904
105,42,0.266703,0.167651
105,43,0.222315,0.154786
105,44,0.217264,0.096983
105,45,0.332297,-0.057580
105,46,0.541431,0.032476
105,47,0.801041,0.399585
105,48,0.997503,0.592744
105,49,1.013401,0.431658
105,50,0.951149,0.476776
105,51,0.858715,0.528237
105,52,0.816255,0.451046
105,53,0.765547,0.457388
105,54,0.706386,0.341602
105,55,0.743925,0.644204
105,56,0.278496,0.032476
105,57,-0.649620,-2.021415
105,58,-1.193433,-2.865077
105,59,-1.424710,-3.109696
105,60,-2.091110,-3.798615
105,61,-2.069026,-3.296331
105,62,-1.460663,-2.330540
105,63,-1.031222,-1.841303
106,0,-0.594797,-0.379570
106,1,-0.107188,0.154786
106,2,-0.052937,0.212769
106,3,-0.017310,0.225634
106,4,-0.027810,0.096983
106,5,0.033370,0.283618
106,6,0.206717,0.444523
106,7,0.510418,0.586220
106,8,0.639376,0.708530
106,9,0.680913,0.979060
106,10,0.647977,0.831020
106,11,0.639228,0.991925
106,12,0.631039,0.689323
106,13,0.537438,0.837362
106,14,0.558718,0.747306
106,15,0.853998,0.734260
106,16,0.237527,0.328737
106,17,-1.397341,-1.654487
106,18,-2.117540,-2.774840
106,19,-2.487096,-0.913926
106,20,-2.958399,-1.055624
106,21,-2.731689,-1.590161
106,22,-2.097335,-2.658873
106,23,-1.499024,-1.042759
106,24,-0.461396,-0.270126
106,25,-0.012331,0.238499
106,26,-0.010884,0.245023
106,27,0.010659,0.212769
106,28,-0.014147,0.077595
106,29,0.016855,0.367332
106,30,0.160267,0.328737
106,31,0.487402,0.567013
106,32,0.629050,0.792244
106,33,0.688653,0.438181
106,34,0.659061,0.682799
106,35,0.636724,0.528237
106,36,0.612880,0.805109
106,37,0.515885,0.676457
106,38,0.533339,0.663592
106,39,0.733922,0.914553
106,40,0.195967,0.682799
106,41,-1.315318,0.199904
106,42,-2.147559,-0.360182
106,43,-2.420104,-0.025507
106,44,-2.929992,-0.147817
106,45,-2.572252,-0.006119
106,46,-1.780788,-0.353840
106,47,-1.378887,-0.559863
106,48,-0.287665,-0.128429
106,49,0.114940,0.393062
106,50,0.000030,0.212769
106,51,-0.008130,0.257888
106,52,-0.017195,0.167651
106,53,0.031315,0.103325
106,54,0.195848,0.470434
106,55,0.562154,0.817974
106,56,0.648943,0.798767
106,57,0.710932,0.998267
106,58,0.668174,0.567013
106,59,0.626509,0.773037
106,60,0.618454,0.689323
106,61,0.556568,0.554148
106,62,0.569429,0.528237
106,63,0.768188,0.715053
107,0,0.430799,0.154786
107,1,-0.894295,-2.536563
107,2,-1.645487,-3.714901
107,3,-1.786210,-3.946655
107,4,-2.461621,-3.045370
107,5,-2.380547,-2.671919
107,6,-1.839885,-2.633143
107,7,-1.306494,-1.499924
107,8,-0.268394,-0.205801
107,9,0.197875,0.206427
107,10,0.286452,0.238499
107,11,0.230920,0.212769
107,12,0.200038,0.122713
107,13,0.300810,0.051865
107,14,0.446025,0.309348
107,15,0.749819,0.335079
107,16,0.857788,0.444523
107,17,0.902381,0.489641
107,18,0.877764,0.489641
107,19,0.848204,0.554148
107,20,0.802153,0.405927
107,21,0.708778,0.283618
107,22,0.644402,0.296483
107,23,0.675740,0.669934
107,24,0.330347,0.161309
107,25,-0.959069,-1.377615
107,26,-1.776783,-2.439985
107,27,-1.981143,-3.882329
107,28,-2.505394,-2.073056
107,29,-2.381612,-4.178589
107,30,-1.906640,-3.315719
107,31,-1.355208,-2.279080
107,32,-0.280657,-0.089833
107,33,0.177625,0.109848
107,34,0.235450,0.187039
107,35,0.179792,0.161309
107,36,0.146618,0.083937
107,37,0.267012,-0.031849
107,38,0.439653,-0.051238
107,39,0.679806,0.405927
107,40,0.822502,0.805109
107,41,0.852223,0.747306
107,42,0.798483,0.631339
107,43,0.778140,0.753648
107,44,0.775025,0.393062
107,45,0.678018,0.689323
107,46,0.577926,0.689323
107,47,0.675934,0.554148
107,48,0.338255,0.103325
107,49,-1.000335,-1.892763
107,50,-1.887756,-1.924836
107,51,-2.152960,-2.903673
107,52,-2.587673,-3.856599
107,53,-2.442006,-3.618322
107,54,-1.960776,-2.652531
107,55,-1.414429,-1.731677
107,56,-0.383098,-0.218666
107,57,0.151255,0.174174
107,58,0.229335,0.219292
107,59,0.191371,0.238499
107,60,0.137672,0.116190
107,61,0.246592,0.077595
107,62,0.385348,0.386720
107,63,0.628508,0.760171
108,0,0.915159,1.114234
108,1,0.813271,1.081981
108,2,0.750877,0.979060
108,3,0.752850,1.101369
108,4,0.703738,1.043386
108,5,0.637537,1.185083
108,6,0.630325,1.320258
108,7,0.829595,1.178560
108,8,0.151821,0.599086
108,9,-1.567381,-1.693082
108,10,-2.572942,-2.697649
108,11,-3.033723,-3.116038
108,12,-3.309650,-3.702036
108,13,-3.209684,-3.083966
108,14,-2.472520,-2.845689
108,15,-1.625784,-1.770454
108,16,-0.342840,-0.218666
108,17,0.154753,0.154786
108,18,0.116373,0.180516
108,19,0.142129,0.199904
108,20,0.189989,0.116190
108,21,0.273301,0.083937
108,22,0.448178,0.315871
108,23,0.704962,0.592744
108,24,0.910176,0.727918
108,25,0.847030,0.734260
108,26,0.782272,0.708530
108,27,0.772051,0.618474
108,28,0.741710,0.657069
108,29,0.687278,0.650727
108,30,0.635558,0.554148
108,31,0.879653,1.803153
108,32,0.323633,1.352511
108,33,-1.479135,-0.437554
108,34,-2.436819,-1.738201
108,35,-2.852530,-2.118175
108,36,-3.095544,-3.083966
108,37,-3.039623,-2.787705
108,38,-2.430054,-0.534133
108,39,-1.560747,-1.049282
108,40,-0.333315,0.715053
108,41,0.175079,1.365376
108,42,0.145876,0.290141
108,43,0.157161,0.251365
108,44,0.136126,0.129055
108,45,0.194414,0.405927
108,46,0.353217,0.347944
108,47,0.599584,0.888823
108,48,0.833317,1.075639
108,49,0.850033,1.030520
108,50,0.812628,0.837362
108,51,0.784271,1.146488
108,52,0.754147,1.075639
108,53,0.658381,1.004790
108,54,0.572405,1.030520
108,55,0.720973,1.004790
108,56,0.082510,0.599086
108,57,-1.466293,-0.076968
108,58,-2.381664,-0.057580
108,59,-2.735734,0.129055
108,60,-3.012719,-0.823870
108,61,-2.981597,-0.347317
108,62,-2.254619,-0.450419
108,63,-1.504489,-0.231531
109,0,0.211459,0.141920
109,1,0.482379,0.322213
109,2,0.319855,0.315871
109,3,0.236430,0.277276
109,4,0.217070,0.180516
109,5,0.273005,0.399585
109,6,0.438970,0.303006
109,7,0.688796,0.502506
109,8,0.813622,0.946806
109,9,0.838787,1.004790
109,10,0.856966,0.734260
109,11,0.893687,0.856750
109,12,0.884275,0.888823
109,13,0.780320,0.953330
109,14,0.823866,0.779378
109,15,1.056480,0.966195
109,16,0.607376,1.024179
109,17,-0.689644,0.637681
109,18,-1.460516,0.624816
109,19,-1.744515,0.708530
109,20,-2.204688,0.457388
109,21,-2.115211,0.335079
109,22,-1.713583,0.148444
109,23,-1.084045,0.193562
109,24,-0.054375,0.283618
109,25,0.347986,0.431658
109,26,0.268691,0.270753
109,27,0.258640,0.199904
109,28,0.268350,0.077595
109,29,0.291277,-0.012642
109,30,0.431761,0.528237
109,31,0.693765,0.689323
109,32,0.882345,0.875958
109,33,0.929021,1.152830
109,34,0.954883,0.927599
109,35,0.947278,0.850227
109,36,0.890028,0.888823
109,37,0.774702,0.946806
109,38,0.795539,0.940465
109,39,1.014284,0.888823
109,40,0.499564,0.766514
109,41,-1.058547,0.238499
109,42,-2.111308,0.187039
109,43,-2.420565,0.386720
109,44,-2.822201,0.180516
109,45,-2.676104,0.071072
109,46,-2.159151,0.154786
109,47,-1.407967,0.090460
109,48,-0.056493,0.245023
109,49,0.355636,0.367332
109,50,0.166052,0.296483
109,51,0.180211,0.245023
109,52,0.231144,0.122713
109,53,0.284950,0.051865
109,54,0.423230,0.463911
109,55,0.717234,0.579878
109,56,0.844514,0.831020
109,57,0.909335,0.785902
109,58,0.871734,0.908211
109,59,0.820708,0.773037
109,60,0.781173,0.985402
109,61,0.699207,0.869616
109,62,0.724051,0.921076
109,63,0.932826,0.921076
110,0,0.737946,0.727918
110,1,-0.080530,0.212769
110,2,-0.380539,0.000404
110,3,-0.378023,0.006746
110,4,-0.830857,-0.527610
110,5,-0.880760,-0.933315
110,6,-0.719017,-0.096356
110,7,-0.397657,-0.018984
110,8,0.100703,0.257888
110,9,0.363636,0.438181
110,10,0.357574,0.405927
110,11,0.305552,0.405927
110,12,0.251798,0.290141
110,13,0.292118,0.154786
110,14,0.506701,0.277276
110,15,0.762570,0.521895
110,16,0.930219,0.586220
110,17,1.010044,0.637681
110,18,1.020784,0.405927
110,19,1.037168,0.232158
110,20,1.064435,0.618474
110,21,0.984509,0.470434
110,22,0.963409,0.412451
110,23,0.922827,0.657069
110,24,0.598005,0.219292
110,25,-0.281033,-2.073056
110,26,-0.685749,-3.129084
110,27,-0.772725,-3.669782
110,28,-1.154922,-4.255780
110,29,-1.107895,-3.740631
110,30,-0.890004,-3.335108
110,31,-0.479990,-2.214754
110,32,0.120268,-0.147817
110,33,0.382094,0.399585
110,34,0.393486,0.476776
110,35,0.353644,0.463911
110,36,0.297275,0.405927
110,37,0.345698,0.380197
110,38,0.571474,0.618474
110,39,0.788859,1.178560
110,40,0.963663,1.301051
110,41,1.010768,1.178560
110,42,0.977594,1.062774
110,43,0.975826,0.927599
110,44,0.986662,0.850227
110,45,0.880435,1.127100
110,46,0.823701,0.766514
110,47,0.854281,1.204471
110,48,0.614149,0.933941
110,49,-0.398837,-1.590161
110,50,-0.883513,-3.071101
110,51,-0.962488,-3.489489
110,52,-1.399926,-3.978908
110,53,-1.360935,-3.927447
110,54,-1.114371,-3.193410
110,55,-0.714572,-2.337063
110,56,-0.062060,-0.115563
110,57,0.259751,0.264230
110,58,0.264950,0.444523
110,59,0.269413,0.496164
110,60,0.204408,0.347944
110,61,0.264152,0.637681
110,62,0.466561,0.882481
110,63,0.685481,1.197948
111,0,1.383062,1.391106
111,1,1.259491,1.114234
111,2,1.134585,1.281662
111,3,1.123450,1.288185
111,4,1.084225,1.339646
111,5,1.042073,1.230202
111,6,0.979234,1.539146
111,7,1.272884,1.642248
111,8,0.655202,0.798767
111,9,-1.182839,-1.326154
111,10,-2.370031,-2.530221
111,11,-2.692615,-3.103173
111,12,-3.200723,-3.553996
111,13,-2.955081,-3.186887
111,14,-2.305592,-2.639666
111,15,-1.470502,-1.776796
111,16,-0.036088,-0.315245
111,17,0.505270,0.238499
111,18,0.442305,0.360809
111,19,0.519792,0.425316
111,20,0.598866,0.328737
111,21,0.739972,0.212769
111,22,0.902927,0.657069
111,23,1.153144,0.798767
111,24,1.308285,1.062774
111,25,1.231113,1.159353
111,26,1.121480,0.869616
111,27,1.118667,0.998267
111,28,1.096464,0.843885
111,29,1.052214,1.172218
111,30,0.941732,0.895346
111,31,1.191585,0.805109
111,32,0.711488,0.219292
111,33,-0.918786,-1.680217
111,34,-1.905958,-2.742587
111,35,-2.169641,-3.489489
111,36,-2.681422,-3.850075
111,37,-2.604328,-3.908059
111,38,-2.126219,-3.302854
111,39,-1.314655,-2.298287
111,40,-0.017467,-0.347317
111,41,0.467025,0.174174
111,42,0.464064,0.180516
111,43,0.517914,0.238499
111,44,0.499227,0.212769
111,45,0.599221,0.083937
111,46,0.740062,0.219292
111,47,1.011027,0.483299
111,48,1.210598,0.599086
111,49,1.223353,0.631339
111,50,1.137683,0.528237
111,51,1.116988,0.431658
111,52,1.092700,0.521895
111,53,1.022419,0.457388
111,54,0.910814,0.502506
111,55,1.040919,0.528237
111,56,0.597207,0.257888
111,57,-0.788488,-1.647964
111,58,-1.761753,-2.807094
111,59,-1.898996,-3.212617
111,60,-2.452378,-3.579726
111,61,-2.388427,-3.566861
111,62,-1.843397,-2.903673
111,63,-1.140310,-2.047326
112,0,-0.296043,-0.405301
112,1,0.207745,0.129055
112,2,0.220711,0.290141
112,3,0.281576,0.270753
112,4,0.216954,0.245023
112,5,0.233564,0.521895
112,6,0.348672,0.541102
112,7,0.587187,0.817974
112,8,0.710494,0.817974
112,9,0.736094,0.792244
112,10,0.753990,0.773037
112,11,0.805376,0.927599
112,12,0.770976,0.933941
112,13,0.703052,0.624816
112,14,0.725112,0.676457
112,15,0.945411,0.843885
112,16,0.368771,0.154786
112,17,-1.502808,-1.738201
112,18,-2.574794,-3.141950
112,19,-2.993691,-3.656917
112,20,-3.399919,-3.985431
112,21,-3.328879,-4.030368
112,22,-2.786733,-3.573203
112,23,-1.881558,-2.658873
112,24,-0.343372,-0.489015
112,25,0.173449,0.135578
112,26,0.219551,0.180516
112,27,0.320543,0.193562
112,28,0.272392,0.174174
112,29,0.282604,0.245023
112,30,0.388491,0.393062
112,31,0.648601,0.457388
112,32,0.818286,0.386720
112,33,0.876882,0.315871
112,34,0.911516,0.245023
112,35,0.946933,0.245023
112,36,0.899257,0.251365
112,37,0.834708,0.167651
112,38,0.870905,0.283618
112,39,1.033480,0.489641
112,40,0.490537,0.663592
112,41,-1.285098,0.090460
112,42,-2.514664,-0.836736
112,43,-2.941289,-0.881854
112,44,-3.336109,-1.055624
112,45,-3.253551,-1.332496
112,46,-2.682089,-0.759545
112,47,-1.797615,-0.598459
112,48,-0.139168,-0.044715
112,49,0.335392,0.283618
112,50,0.259131,0.283618
112,51,0.332592,0.322213
112,52,0.299125,0.238499
112,53,0.311357,0.109848
112,54,0.411087,0.090460
112,55,0.695882,0.509030
112,56,0.813563,0.611951
112,57,0.846788,0.682799
112,58,0.842203,0.708530
112,59,0.863859,0.483299
112,60,0.824454,0.444523
112,61,0.771669,0.463911
112,62,0.777634,0.554148
112,63,0.931591,0.637681
113,0,0.288102,0.257888
113,1,-1.189355,-1.081354
113,2,-2.235690,-2.517356
113,3,-2.484626,-2.749110
113,4,-3.083303,-2.562294
113,5,-3.091240,-3.167680
113,6,-2.521274,-2.897150
113,7,-1.759517,-2.156770
113,8,-0.350648,-0.321587
113,9,0.187760,0.212769
113,10,0.340507,0.238499
113,11,0.306101,0.257888
113,12,0.248172,0.206427
113,13,0.286894,0.116190
113,14,0.383860,0.457388
113,15,0.623096,0.979060
113,16,0.717744,1.069116
113,17,0.767480,1.236544
113,18,0.781178,1.037044
113,19,0.779460,0.888823
113,20,0.752980,1.081981
113,21,0.707154,1.139965
113,22,0.695421,1.101369
113,23,0.746121,1.197948
113,24,0.374299,0.605609
113,25,-1.221373,-1.789661
113,26,-2.332689,-3.013117
113,27,-2.667279,-3.496012
113,28,-3.112579,-4.088352
113,29,-3.078118,-3.502536
113,30,-2.583567,-2.736245
113,31,-1.715942,-2.150247
113,32,-0.276280,-0.289514
113,33,0.248147,0.193562
113,34,0.372348,0.232158
113,35,0.360188,0.257888
113,36,0.318164,0.180516
113,37,0.364475,0.521895
113,38,0.481024,0.599086
113,39,0.680849,0.824497
113,40,0.794941,0.817974
113,41,0.789386,0.888823
113,42,0.750849,0.805109
113,43,0.773954,0.895346
113,44,0.790462,0.940465
113,45,0.745679,1.075639
113,46,0.660502,1.114234
113,47,0.756332,0.682799
113,48,0.343731,0.863093
113,49,-1.360279,-0.746680
113,50,-2.564236,-1.905629
113,51,-3.010700,-2.188843
113,52,-3.311295,-3.161156
113,53,-3.229979,-3.135426
113,54,-2.707499,-2.697649
113,55,-1.901923,-1.673875
113,56,-0.423395,-0.386094
113,57,0.201095,0.206427
113,58,0.361961,0.257888
113,59,0.351320,0.309348
113,60,0.322692,0.206427
113,61,0.381757,0.141920
113,62,0.471533,0.380197
113,63,0.660597,0.624816
114,0,0.984928,0.895346
114,1,0.940172,0.611951
114,2,0.831497,0.908211
114,3,0.867491,0.863093
114,4,0.919709,0.599086
114,5,0.890987,1.069116
114,6,0.848876,1.120758
114,7,0.897231,1.011313
114,8,0.502673,0.322213
114,9,-1.346386,-0.617847
114,10,-2.523791,-1.223052
114,11,-2.913489,-1.712470
114,12,-3.367264,-1.751066
114,13,-3.264082,-1.673875
114,14,-2.630265,-0.714426
114,15,-1.756000,-0.534133
114,16,-0.219900,-0.212142
114,17,0.326022,0.283618
114,18,0.287008,0.277276
114,19,0.342269,0.309348
114,20,0.372172,0.219292
114,21,0.452919,0.489641
114,22,0.597795,0.431658
114,23,0.789860,0.631339
114,24,0.951438,0.991925
114,25,0.917248,0.875958
114,26,0.838626,0.895346
114,27,0.856009,0.888823
114,28,0.902955,0.657069
114,29,0.854088,0.360809
114,30,0.769448,0.618474
114,31,0.891216,0.528237
114,32,0.553653,0.721395
114,33,-1.314375,0.476776
114,34,-2.426667,0.167651
114,35,-2.874758,0.199904
114,36,-3.241230,-0.160682
114,37,-3.205361,-0.044715
114,38,-2.672400,0.167651
114,39,-1.802888,0.019611
114,40,-0.254190,0.180516
114,41,0.315907,0.399585
114,42,0.290761,0.270753
114,43,0.357121,0.309348
114,44,0.337042,0.141920
114,45,0.392421,0.386720
114,46,0.527588,0.373855
114,47,0.735289,0.682799
114,48,0.915665,0.824497
114,49,0.936422,0.824497
114,50,0.876754,0.579878
114,51,0.886044,0.875958
114,52,0.917482,0.669934
114,53,0.832442,0.753648
114,54,0.732614,0.708530
114,55,0.817765,0.856750
114,56,0.401797,0.991925
114,57,-1.432736,0.290141
114,58,-2.573127,-0.083310
114,59,-2.945680,-0.012642
114,60,-3.330180,-0.353840
114,61,-3.274642,-0.424689
114,62,-2.699987,-0.025507
114,63,-1.866745,0.129055
115,0,0.262375,0.251365
115,1,0.361557,0.438181
115,2,0.335260,0.296483
115,3,0.294710,0.277276
115,4,0.294293,0.206427
115,5,0.329880,0.167651
115,6,0.407091,0.393062
115,7,0.589225,0.689323
115,8,0.693905,0.979060
115,9,0.727720,0.985402
115,10,0.731786,0.843885
115,11,0.745518,0.773037
115,12,0.728274,1.049909
115,13,0.693709,0.805109
115,14,0.815166,0.843885
115,15,0.911542,0.798767
115,16,0.779418,0.946806
115,17,0.118674,0.245023
115,18,-0.364666,0.058206
115,19,-0.571682,0.219292
115,20,-0.935852,-0.624189
115,21,-0.957234,-0.179889
115,22,-0.677439,-0.089833
115,23,-0.290233,0.077595
115,24,0.180860,0.232158
115,25,0.455110,0.315871
115,26,0.459116,0.335079
115,27,0.432977,0.341602
115,28,0.438535,0.264230
115,29,0.445296,0.290141
115,30,0.524698,0.489641
115,31,0.737629,0.805109
115,32,0.875811,0.856750
115,33,0.890244,0.856750
115,34,0.882954,0.856750
115,35,0.861153,0.856750
115,36,0.790796,0.856750
115,37,0.744500,0.856750
115,38,0.825838,0.856750
115,39,0.863125,0.856750
115,40,0.741266,0.856750
115,41,-0.233568,0.856750
115,42,-0.957513,0.856750
115,43,-1.203920,0.856750
115,44,-1.667524,0.856750
115,45,-1.655040,0.856750
115,46,-1.296868,0.856750
115,47,-0.822354,0.856750
115,48,-0.048132,0.856750
115,49,0.267856,0.856750
115,50,0.230239,0.856750
115,51,0.270330,0.856750
115,52,0.349747,0.856750
115,53,0.416490,0.856750
115,54,0.521452,0.856750
115,55,0.730795,0.856750
115,56,0.882588,0.663592
115,57,0.914127,1.043386
115,58,0.899387,1.011313
115,59,0.857149,0.824497
115,60,0.786085,0.837362
115,61,0.729073,0.715053
115,62,0.765958,0.689323
115,63,0.811844,0.875958
116,0,0.939209,0.496164
116,1,0.581364,-0.875331
116,2,0.307529,-2.105129
116,3,0.242924,-2.935745
116,4,-0.048319,-2.697649
116,5,-0.049137,-3.109696
116,6,0.125782,-2.729722
116,7,0.306829,-2.156770
116,8,0.510978,-0.656442
116,9,0.627934,0.161309
116,10,0.649261,0.238499
116,11,0.635611,0.303006
116,12,0.621746,0.238499
116,13,0.665491,0.457388
116,14,0.752201,0.444523
116,15,0.876077,0.831020
116,16,0.957940,0.734260
116,17,1.014050,0.856750
116,18,0.995773,1.172218
116,19,0.971576,1.191425
116,20,0.964313,0.869616
116,21,0.902699,0.766514
116,22,0.911399,0.740783
116,23,0.965413,0.908211
116,24,0.852483,0.747306
116,25,0.454198,0.232158
116,26,0.136691,0.096983
116,27,0.048906,0.006746
116,28,-0.225697,-0.540475
116,29,-0.193621,-0.018984
116,30,-0.000508,-0.186412
116,31,0.245416,0.045341
116,32,0.476104,0.219292
116,33,0.602875,0.373855
116,34,0.638623,0.315871
116,35,0.638237,0.322213
116,36,0.626090,0.257888
116,37,0.675933,0.463911
116,38,0.779858,0.509030
116,39,0.905924,0.528237
116,40,0.985364,0.927599
116,41,1.005260,0.927599
116,42,0.956455,0.702188
116,43,0.911330,0.811632
116,44,0.898614,0.760171
116,45,0.826738,0.779378
116,46,0.820930,0.682799
116,47,0.874638,0.657069
116,48,0.839159,1.004790
116,49,0.411384,0.393062
116,50,0.054073,0.347944
116,51,0.013802,0.367332
116,52,-0.308161,-0.122087
116,53,-0.301149,0.283618
116,54,-0.107579,0.283618
116,55,0.115804,0.264230
116,56,0.359945,0.476776
116,57,0.501447,0.573355
116,58,0.558808,0.489641
116,59,0.594176,0.425316
116,60,0.571457,0.264230
116,61,0.627655,0.502506
116,62,0.715277,0.438181
116,63,0.845451,0.895346
117,0,1.143857,0.650727
117,1,1.074231,0.773037
117,2,0.946562,0.901688
117,3,0.920448,0.946806
117,4,0.902087,0.959672
117,5,0.884374,0.682799
117,6,0.827772,0.792244
117,7,0.828971,0.882481
117,8,0.792686,1.081981
117,9,0.520437,0.831020
117,10,0.260916,0.521895
117,11,0.182477,0.624816
117,12,-0.126536,0.257888
117,13,-0.035698,0.431658
117,14,0.134393,0.605609
117,15,0.367359,0.624816
117,16,0.556262,0.657069
117,17,0.683088,0.792244
117,18,0.668348,0.702188
117,19,0.654434,0.567013
117,20,0.640624,0.412451
117,21,0.705838,0.277276
117,22,0.806145,0.206427
117,23,0.965751,0.579878
117,24,1.088758,0.599086
117,25,1.051938,0.740783
117,26,0.935220,0.831020
117,27,0.908194,0.760171
117,28,0.893255,0.669934
117,29,0.850499,0.528237
117,30,0.764065,0.431658
117,31,0.752009,0.386720
117,32,0.772654,0.541102
117,33,0.389897,0.418792
117,34,0.115466,0.322213
117,35,0.032987,0.296483
117,36,-0.269909,-0.031849
117,37,-0.200256,-0.160682
117,38,-0.036692,0.154786
117,39,0.230128,0.064730
117,40,0.490058,0.257888
117,41,0.596496,0.592744
117,42,0.604945,0.631339
117,43,0.578034,0.599086
117,44,0.551930,0.463911
117,45,0.633802,0.335079
117,46,0.741731,0.599086
117,47,0.933080,1.030520
117,48,1.084385,0.991925
117,49,1.174388,0.888823
117,50,1.013494,0.921076
117,51,1.000822,1.011313
117,52,0.971950,0.908211
117,53,0.925687,0.901688
117,54,0.844526,0.747306
117,55,0.802794,0.657069
117,56,0.738373,0.457388
117,57,0.314916,-0.894719
117,58,0.040434,-1.454805
117,59,-0.071493,-0.186412
117,60,-0.376647,-0.997640
117,61,-0.321386,0.412451
117,62,-0.054964,0.618474
117,63,0.159796,0.412451
118,0,0.510720,0.702188
118,1,0.613003,0.773037
118,2,0.624058,0.760171
118,3,0.600107,0.682799
118,4,0.499145,0.554148
118,5,0.483745,0.444523
118,6,0.573050,0.270753
118,7,0.769668,0.470434
118,8,0.823044,0.785902
118,9,0.848776,0.966195
118,10,0.870462,0.850227
118,11,0.876188,1.017655
118,12,0.823742,0.773037
118,13,0.774457,0.792244
118,14,0.803661,0.727918
118,15,0.817385,0.515372
118,16,0.697436,0.753648
118,17,0.167022,0.509030
118,18,-0.149282,0.315871
118,19,-0.201578,0.489641
118,20,-0.483849,0.129055
118,21,-0.411954,-0.006119
118,22,-0.179123,0.386720
118,23,0.080912,0.444523
118,24,0.393700,0.573355
118,25,0.569615,0.734260
118,26,0.590403,0.695665
118,27,0.578420,0.624816
118,28,0.496719,0.483299
118,29,0.487377,0.708530
118,30,0.591850,0.727918
118,31,0.829238,0.811632
118,32,0.908076,0.817974
118,33,0.933379,0.927599
118,34,0.963615,0.908211
118,35,0.960836,1.114234
118,36,0.889257,1.165695
118,37,0.856233,1.088504
118,38,0.881996,1.101369
118,39,0.863322,1.062774
118,40,0.776196,0.740783
118,41,-0.009017,-0.424689
118,42,-0.519404,-1.023552
118,43,-0.647941,-1.770454
118,44,-1.005924,-3.212617
118,45,-0.897013,-3.322242
118,46,-0.602219,-3.167680
118,47,-0.253203,-2.298287
118,48,0.241975,-0.115563
118,49,0.449213,0.541102
118,50,0.459898,0.734260
118,51,0.485706,0.811632
118,52,0.462047,0.695665
118,53,0.487836,0.933941
118,54,0.583115,0.979060
118,55,0.785505,1.204471
118,56,0.882074,1.275139
118,57,0.917464,1.127100
118,58,0.915787,1.191425
118,59,0.889520,1.172218
118,60,0.803737,1.120758
118,61,0.748714,1.236544
118,62,0.745615,1.262274
118,63,0.746382,1.081981
119,0,0.908878,0.779378
119,1,0.212729,-1.641622
119,2,-0.237703,-3.103173
119,3,-0.422034,-3.579726
119,4,-0.891387,-4.352359
119,5,-0.906378,-4.043233
119,6,-0.628312,-3.637710
119,7,-0.209383,-2.948792
119,8,0.327384,-0.057580
119,9,0.688597,0.451046
119,10,0.847757,0.631339
119,11,0.877164,0.760171
119,12,0.856356,0.624816
119,13,0.900232,0.773037
119,14,0.950592,0.663592
119,15,1.094361,1.037044
119,16,1.175310,1.185083
119,17,1.219610,1.230202
119,18,1.246909,1.159353
119,19,1.302432,1.017655
119,20,1.297473,1.088504
119,21,1.209649,1.024179
119,22,1.155962,0.985402
119,23,1.098261,1.268797
119,24,0.855180,0.914553
119,25,0.225753,-1.545043
119,26,-0.239780,-3.077443
119,27,-0.389098,-3.644052
119,28,-0.771244,-4.288033
119,29,-0.729759,-4.217185
119,30,-0.484693,-3.676305
119,31,-0.078983,-2.800570
119,32,0.395030,-0.147817
119,33,0.684901,0.412451
119,34,0.836109,0.541102
119,35,0.851883,0.708530
119,36,0.833521,0.599086
119,37,0.869782,0.766514
119,38,0.921201,0.708530
119,39,1.037625,1.030520
119,40,1.119249,0.914553
119,41,1.156450,1.204471
119,42,1.148135,1.210813
119,43,1.193428,1.313916
119,44,1.166371,1.172218
119,45,1.056566,1.268797
119,46,0.980691,1.230202
119,47,0.931376,1.268797
119,48,0.796404,0.863093
119,49,0.163850,-1.744543
119,50,-0.294279,-3.058236
119,51,-0.387545,-3.450894
119,52,-0.779964,-4.120605
119,53,-0.765597,-3.766361
119,54,-0.531817,-3.232005
119,55,-0.169323,-2.497968
119,56,0.276180,0.154786
119,57,0.584926,0.631339
119,58,0.729689,0.747306
119,59,0.792971,0.927599
119,60,0.763520,0.882481
119,61,0.788258,0.908211
119,62,0.829091,1.094846
119,63,0.948181,1.088504
120,0,1.266430,1.223679
120,1,1.161754,1.159353
120,2,1.100086,0.946806
120,3,1.161812,1.075639
120,4,1.158153,0.998267
120,5,1.129635,1.262274
120,6,1.119132,1.094846
120,7,1.105305,1.268797
120,8,0.602266,0.650727
120,9,-1.360341,-2.021415
120,10,-2.893518,-3.180545
120,11,-3.212979,-3.534608
120,12,-3.831911,-4.320106
120,13,-3.582980,-4.017503
120,14,-3.063511,-3.669782
120,15,-2.303225,-2.845689
120,16,-0.202610,-0.038373
120,17,0.518221,0.573355
120,18,0.595388,0.792244
120,19,0.727907,0.979060
120,20,0.829901,0.798767
120,21,0.977457,0.708530
120,22,1.022249,0.985402
120,23,1.147087,1.223679
120,24,1.223271,1.165695
120,25,1.161996,0.998267
120,26,1.122541,0.914553
120,27,1.187465,0.760171
120,28,1.216102,0.695665
120,29,1.203146,0.998267
120,30,1.132616,0.843885
120,31,1.192283,1.088504
120,32,0.705608,0.676457
120,33,-1.151483,-0.347317
120,34,-2.543676,-1.384138
120,35,-2.911353,-1.081354
120,36,-3.531988,-1.738201
120,37,-3.481898,-1.699605
120,38,-3.085797,-1.326154
120,39,-2.286855,-0.398959
120,40,-0.235668,0.103325
120,41,0.485624,0.528237
120,42,0.576354,0.805109
120,43,0.682254,0.760171
120,44,0.667258,0.663592
120,45,0.758365,0.547625
120,46,0.762559,0.863093
120,47,0.932100,0.888823
120,48,1.081419,1.152830
120,49,1.113863,1.088504
120,50,1.086223,0.959672
120,51,1.103453,0.875958
120,52,1.121977,0.805109
120,53,1.068805,0.689323
120,54,1.022172,0.470434
120,55,0.953842,0.727918
120,56,0.504229,0.785902
120,57,-1.135983,-0.295856
120,58,-2.509842,-0.669308
120,59,-2.772811,-1.210187
120,60,-3.411770,-1.190798
120,61,-3.298162,-1.757589
120,62,-2.851040,-2.517356
120,63,-2.094084,-2.407912
121,0,-0.804181,-0.064103
121,1,-0.092772,0.554148
121,2,0.247449,0.650727
121,3,0.467945,0.747306
121,4,0.509220,0.637681
121,5,0.539607,0.393062
121,6,0.551150,0.380197
121,7,0.654923,0.927599
121,8,0.693677,0.663592
121,9,0.724306,0.476776
121,10,0.744249,0.734260
121,11,0.833456,0.811632
121,12,0.811447,0.740783
121,13,0.764876,0.773037
121,14,0.790507,0.715053
121,15,0.799312,0.792244
121,16,0.416287,0.567013
121,17,-0.798186,-1.570773
121,18,-1.688749,-2.819959
121,19,-2.017740,-3.328584
121,20,-2.560720,-4.069145
121,21,-2.613333,-3.972566
121,22,-2.440055,-3.489489
121,23,-1.866121,-2.613935
121,24,-0.504635,-0.276649
121,25,0.206519,0.367332
121,26,0.551879,0.489641
121,27,0.714807,0.592744
121,28,0.695315,0.515372
121,29,0.700308,0.451046
121,30,0.697433,0.882481
121,31,0.775123,1.313916
121,32,0.844234,1.043386
121,33,0.871434,1.127100
121,34,0.888106,1.146488
121,35,0.920643,1.191425
121,36,0.892683,1.133623
121,37,0.875753,1.030520
121,38,0.901200,1.127100
121,39,0.851049,0.927599
121,40,0.466349,1.062774
121,41,-0.930108,0.116190
121,42,-2.097648,0.232158
121,43,-2.490373,0.135578
121,44,-2.912584,-0.334452
121,45,-2.826008,-0.006119
121,46,-2.489020,-0.057580
121,47,-1.843159,0.141920
121,48,-0.308213,0.148444
121,49,0.179961,0.528237
121,50,0.426268,0.451046
121,51,0.535608,0.425316
121,52,0.529207,0.303006
121,53,0.579046,0.521895
121,54,0.600147,0.586220
121,55,0.706852,0.991925
121,56,0.794989,0.837362
121,57,0.853230,1.004790
121,58,0.833735,0.773037
121,59,0.864702,0.940465
121,60,0.825887,0.850227
121,61,0.810155,0.998267
121,62,0.806175,0.843885
121,63,0.812261,1.037044
122,0,1.104742,0.766514
122,1,0.163642,0.347944
122,2,-0.441007,-0.192935
122,3,-0.582321,0.045341
122,4,-1.140466,-1.120131
122,5,-1.093771,-1.171591
122,6,-0.891152,-0.637054
122,7,-0.463898,-0.862466
122,8,0.149730,-0.192935
122,9,0.547462,0.509030
122,10,0.714623,0.470434
122,11,0.728069,0.605609
122,12,0.736635,0.509030
122,13,0.837704,0.451046
122,14,0.917401,0.631339
122,15,1.058018,0.817974
122,16,1.098302,0.669934
122,17,1.143494,0.798767
122,18,1.175063,0.779378
122,19,1.169691,0.586220
122,20,1.108693,0.747306
122,21,1.050189,0.708530
122,22,0.997009,0.412451
122,23,1.044966,0.747306
122,24,0.929700,0.702188
122,25,-0.086197,0.167651
122,26,-0.777287,-0.295856
122,27,-0.852900,-0.147817
122,28,-1.467612,-0.624189
122,29,-1.289446,-1.596503
122,30,-1.131207,-0.199277
122,31,-0.622858,-0.012642
122,32,0.184374,0.412451
122,33,0.558394,0.650727
122,34,0.748297,0.541102
122,35,0.772762,0.624816
122,36,0.774427,0.521895
122,37,0.863058,0.554148
122,38,0.953486,0.676457
122,39,1.077321,0.721395
122,40,1.129024,0.811632
122,41,1.141200,0.702188
122,42,1.126509,0.702188
122,43,1.108271,0.682799
122,44,1.047888,0.760171
122,45,0.944714,0.663592
122,46,0.853683,0.708530
122,47,0.902937,0.959672
122,48,0.781073,0.908211
122,49,-0.198412,0.773037
122,50,-0.917264,0.721395
122,51,-1.042001,0.277276
122,52,-1.563661,0.122713
122,53,-1.518003,0.225634
122,54,-1.224662,-0.559863
122,55,-0.733048,-0.160682
122,56,0.092108,0.045341
122,57,0.456750,0.405927
122,58,0.643679,0.425316
122,59,0.738589,0.476776
122,60,0.716441,0.405927
122,61,0.798058,0.335079
122,62,0.877519,0.689323
122,63,1.012614,0.895346
123,0,0.972113,0.798767
123,1,0.918390,0.843885
123,2,0.870555,0.798767
123,3,0.879505,0.824497
123,4,0.878708,0.766514
123,5,0.869780,0.702188
123,6,0.809017,0.676457
123,7,0.860822,0.734260
123,8,0.791386,0.895346
123,9,0.459221,0.064730
123,10,0.191352,-0.514745
123,11,0.151167,-0.579252
123,12,-0.349798,-0.141294
123,13,-0.456842,-0.186412
123,14,-0.345524,-0.340975
123,15,-0.152268,-0.308722
123,16,0.215564,0.412451
123,17,0.521596,0.663592
123,18,0.629604,0.567013
123,19,0.656129,0.624816
123,20,0.638597,0.399585
123,21,0.678121,0.599086
123,22,0.815926,0.611951
123,23,0.943541,1.062774
123,24,0.936662,1.165695
123,25,0.906234,1.069116
123,26,0.871538,1.056251
123,27,0.865672,0.875958
123,28,0.853654,0.966195
123,29,0.831540,0.895346
123,30,0.780740,0.579878
123,31,0.864564,0.972537
123,32,0.799178,1.004790
123,33,0.416343,0.026134
123,34,0.112832,-0.134952
123,35,0.051959,0.135578
123,36,-0.481472,0.058206
123,37,-0.595309,0.290141
123,38,-0.488565,0.277276
123,39,-0.234292,0.199904
123,40,0.183724,0.367332
123,41,0.522829,0.502506
123,42,0.612039,0.502506
123,43,0.629916,0.502506
123,44,0.609600,0.393062
123,45,0.655138,0.573355
123,46,0.787533,0.515372
123,47,0.906728,1.004790
123,48,0.920405,1.062774
123,49,0.929862,1.017655
123,50,0.892256,0.882481
123,51,0.890361,0.985402
123,52,0.884095,0.882481
123,53,0.851681,0.760171
123,54,0.799842,1.056251
123,55,0.794769,1.146488
123,56,0.653633,0.998267
123,57,0.118086,-0.212142
123,58,-0.274910,-0.624189
123,59,-0.362135,-0.282991
123,60,-0.976476,-0.650100
123,61,-1.147070,-2.143905
123,62,-0.911314,-2.233961
123,63,-0.677990,-1.911971
124,0,-0.229786,-0.804482
124,1,0.343740,0.174174
124,2,0.467101,0.380197
124,3,0.562892,0.470434
124,4,0.598590,0.431658
124,5,0.654623,0.360809
124,6,0.751682,0.560490
124,7,0.945090,0.837362
124,8,0.997803,0.908211
124,9,1.021555,0.817974
124,10,1.003709,1.081981
124,11,1.027402,0.998267
124,12,1.025510,0.921076
124,13,0.957617,0.740783
124,14,0.954803,0.850227
124,15,1.033864,1.120758
124,16,0.859484,0.921076
124,17,-0.017187,0.573355
124,18,-0.531587,0.296483
124,19,-0.560339,-0.012642
124,20,-1.130706,-0.405301
124,21,-1.262182,0.251365
124,22,-1.143815,0.257888
124,23,-0.759791,0.509030
124,24,0.002462,0.734260
124,25,0.463623,1.191425
124,26,0.616830,0.946806
124,27,0.665228,0.785902
124,28,0.661674,0.708530
124,29,0.695199,0.502506
124,30,0.789239,0.303006
124,31,0.976030,0.669934
124,32,1.019658,0.547625
124,33,1.028587,0.547625
124,34,0.998063,0.644204
124,35,0.987318,0.560490
124,36,0.971527,0.650727
124,37,0.913395,0.367332
124,38,0.896590,0.457388
124,39,0.960402,0.509030
124,40,0.752922,0.689323
124,41,-0.067577,0.496164
124,42,-0.670232,0.425316
124,43,-0.771199,0.624816
124,44,-1.241919,0.605609
124,45,-1.323751,0.341602
124,46,-1.174565,0.521895
124,47,-0.818680,0.715053
124,48,0.045786,0.676457
124,49,0.380943,0.946806
124,50,0.461751,0.901688
124,51,0.508557,0.979060
124,52,0.540194,0.831020
124,53,0.600027,0.702188
124,54,0.708064,0.888823
124,55,0.888187,1.281662
124,56,0.939670,0.985402
124,57,0.963705,0.959672
124,58,0.935638,0.966195
124,59,0.937609,1.062774
124,60,0.922972,1.159353
124,61,0.864950,1.024179
124,62,0.821975,0.921076
124,63,0.910833,1.043386
125,0,1.327773,1.152830
125,1,0.691128,0.979060
125,2,0.295077,0.554148
125,3,0.288232,0.998267
125,4,-0.044136,0.831020
125,5,-0.134673,0.940465
125,6,-0.011695,0.953330
125,7,0.226065,1.011313
125,8,0.580981,1.088504
125,9,0.853128,1.101369
125,10,0.976086,1.056251
125,11,0.985325,1.217337
125,12,0.939224,1.011313
125,13,0.916805,0.734260
125,14,0.941336,0.470434
125,15,1.157150,0.702188
125,16,1.147219,0.470434
125,17,1.145646,0.496164
125,18,1.165681,0.567013
125,19,1.200344,0.567013
125,20,1.208384,0.521895
125,21,1.111117,0.509030
125,22,1.052271,0.238499
125,23,1.088549,0.373855
125,24,0.975007,0.727918
125,25,0.418675,0.644204
125,26,0.000127,0.624816
125,27,0.039863,0.773037
125,28,-0.251649,0.489641
125,29,-0.279195,0.560490
125,30,-0.159237,0.463911
125,31,0.117358,0.296483
125,32,0.529631,0.470434
125,33,0.834291,0.972537
125,34,0.946153,0.979060
125,35,0.963790,1.114234
125,36,0.930927,0.921076
125,37,0.916208,1.107892
125,38,0.973698,0.972537
125,39,1.135990,0.998267
125,40,1.150441,0.760171
125,41,1.119633,0.740783
125,42,1.113049,0.644204
125,43,1.124465,0.863093
125,44,1.134146,0.727918
125,45,1.034568,0.734260
125,46,0.945806,0.573355
125,47,1.015300,0.869616
125,48,0.903477,1.114234
125,49,0.269402,0.998267
125,50,-0.205179,0.946806
125,51,-0.188325,1.094846
125,52,-0.498736,0.972537
125,53,-0.520070,0.966195
125,54,-0.396996,0.966195
125,55,-0.121461,0.895346
125,56,0.341922,0.921076
125,57,0.660702,1.069116
125,58,0.795432,1.011313
125,59,0.880907,1.043386
125,60,0.851159,0.933941
125,61,0.836091,0.702188
125,62,0.888165,0.586220
125,63,1.102397,0.657069
126,0,0.904373,0.476776
126,1,0.846130,0.489641
126,2,0.793913,0.380197
126,3,0.805408,0.328737
126,4,0.800854,0.315871
126,5,0.757992,0.315871
126,6,0.688938,0.328737
126,7,0.754970,0.418792
126,8,0.801587,0.657069
126,9,0.671481,0.760171
126,10,0.502942,0.766514
126,11,0.487904,0.953330
126,12,0.243226,0.702188
126,13,0.150012,0.708530
126,14,0.203338,0.811632
126,15,0.409288,0.760171
126,16,0.675523,0.831020
126,17,0.861606,0.966195
126,18,0.929868,0.972537
126,19,0.971641,1.062774
126,20,0.979942,0.966195
126,21,0.951132,0.792244
126,22,0.939181,0.599086
126,23,0.982697,0.863093
126,24,0.967414,0.657069
126,25,0.912770,0.721395
126,26,0.848003,0.541102
126,27,0.858409,0.715053
126,28,0.870456,0.573355
126,29,0.826731,0.618474
126,30,0.769467,0.296483
126,31,0.840289,0.631339
126,32,0.826754,0.998267
126,33,0.606007,0.766514
126,34,0.377523,0.721395
126,35,0.317231,0.811632
126,36,0.012336,0.534760
126,37,-0.108706,0.064730
126,38,-0.032659,-0.186412
126,39,0.206376,0.180516
126,40,0.556270,0.489641
126,41,0.755234,0.785902
126,42,0.859342,0.998267
126,43,0.936064,1.178560
126,44,0.946627,1.094846
126,45,0.911388,0.888823
126,46,0.891912,1.056251
126,47,0.956532,1.043386
126,48,0.976337,1.127100
126,49,0.967091,1.049909
126,50,0.912606,1.017655
126,51,0.941035,0.979060
126,52,0.936338,0.979060
126,53,0.862112,1.004790
126,54,0.774320,0.727918
126,55,0.828498,0.966195
126,56,0.801568,1.313916
126,57,0.587694,0.669934
126,58,0.393827,0.193562
126,59,0.375390,-0.134952
126,60,0.114028,-0.849601
126,61,0.011314,-1.718812
126,62,0.121830,-1.982819
126,63,0.376055,-1.216710
127,0,0.052868,-0.128429
127,1,0.666258,0.599086
127,2,0.890530,0.979060
127,3,1.060089,1.384765
127,4,1.013359,1.288185
127,5,0.920801,1.081981
127,6,0.923524,1.133623
127,7,1.023100,1.255932
127,8,0.986131,1.243067
127,9,0.966913,1.243067
127,10,0.969043,1.243067
127,11,1.049643,1.243067
127,12,1.052141,1.243067
127,13,0.912741,1.243067
127,14,0.843537,1.243067
127,15,0.937752,1.243067
127,16,0.909262,1.243067
127,17,0.184213,1.243067
127,18,-0.340422,1.243067
127,19,-0.446490,1.243067
127,20,-1.025869,1.243067
127,21,-1.273790,1.243067
127,22,-1.213871,1.243067
127,23,-0.630885,1.243067
127,24,0.282962,1.243067
127,25,0.825877,1.243067
127,26,1.057992,1.243067
127,27,1.200576,1.243067
127,28,1.130625,1.243067
127,29,1.003373,1.243067
127,30,1.013330,1.243067
127,31,1.104722,1.243067
127,32,1.066367,1.565058
127,33,1.049900,1.545669
127,34,1.051557,1.416837
127,35,1.116893,1.255932
127,36,1.132552,1.094846
127,37,1.041380,0.785902
127,38,0.968537,0.998267
127,39,1.047576,1.165695
127,40,0.953710,1.056251
127,41,0.298590,-0.302380
127,42,-0.269305,-2.015073
127,43,-0.429627,-0.733633
127,44,-0.896238,-3.335108
127,45,-1.095883,-1.339019
127,46,-1.007749,-2.974522
127,47,-0.467551,-0.656442
127,48,0.444551,-1.049282
127,49,0.885408,0.618474
127,50,1.031837,0.940465
127,51,1.149936,1.423360
127,52,1.068334,1.339646
127,53,0.930025,1.236544
127,54,0.914691,1.313916
127,55,0.985438,1.230202
127,56,0.944156,1.165695
127,57,0.904287,1.062774
127,58,0.881423,1.178560
127,59,0.934196,1.133623
127,60,0.917042,0.998267
127,61,0.799977,0.875958
127,62,0.705491,0.779378
127,63,0.796427,1.024179
128,0,1.007735,0.676457
128,1,0.443319,-1.229575
128,2,-0.021787,-2.472238
128,3,-0.141183,-2.658873
128,4,-0.549669,-3.412298
128,5,-0.666820,-2.433643
128,6,-0.545823,-1.982819
128,7,-0.150104,-1.287377
128,8,0.362098,-0.572729
128,9,0.881096,0.567013
128,10,1.182399,0.953330
128,11,1.324615,1.307392
128,12,1.284135,1.281662
128,13,1.247902,1.442567
128,14,1.238156,1.236544
128,15,1.320649,1.513416
128,16,1.307508,1.403972
128,17,1.326517,1.159353
128,18,1.344463,1.313916
128,19,1.353929,1.075639
128,20,1.279880,1.114234
128,21,1.156952,0.979060
128,22,1.052273,0.869616
128,23,1.157120,1.313916
128,24,1.087015,1.081981
128,25,0.622262,-0.875331
128,26,0.193454,-2.395047
128,27,0.118361,-3.232005
128,28,-0.204196,-3.038847
128,29,-0.316721,-1.557908
128,30,-0.281020,-2.150247
128,31,0.060403,-1.197322
128,32,0.482257,-0.334452
128,33,0.901707,0.798767
128,34,1.204574,1.236544
128,35,1.342783,1.552011
128,36,1.293134,1.674502
128,37,1.257604,1.255932
128,38,1.263306,1.197948
128,39,1.337702,1.243067
128,40,1.314347,1.094846
128,41,1.316090,1.004790
128,42,1.307816,0.715053
128,43,1.319946,0.901688
128,44,1.244833,0.856750
128,45,1.097543,0.753648
128,46,0.983783,0.592744
128,47,1.090923,0.927599
128,48,1.069802,0.502506
128,49,0.624403,-1.693082
128,50,0.190790,-2.774840
128,51,0.119612,-2.961656
128,52,-0.171219,-3.302854
128,53,-0.285697,-4.043233
128,54,-0.252320,-3.180545
128,55,0.044653,-1.223052
128,56,0.458407,-0.926973
128,57,0.892621,0.631339
128,58,1.171891,1.049909
128,59,1.336043,1.468297
128,60,1.280706,1.519939
128,61,1.230248,1.706574
128,62,1.199745,1.584265
128,63,1.273370,1.828883
129,0,1.453356,1.700232
129,1,1.234093,1.500551
129,2,1.137082,1.481344
129,3,1.231294,1.255932
129,4,1.137514,1.301051
129,5,0.960471,1.127100
129,6,0.873586,1.249409
129,7,0.972362,1.500551
129,8,0.647897,0.946806
129,9,-0.910099,-1.422733
129,10,-2.338970,-3.212617
129,11,-2.692468,-3.740631
129,12,-3.012809,-4.294375
129,13,-2.466873,-4.139812
129,14,-2.371845,-3.740631
129,15,-1.371966,-2.807094
129,16,-0.705562,-1.532177
129,17,0.527776,0.547625
129,18,0.985773,0.785902
129,19,1.379675,1.352511
129,20,1.496150,1.539146
129,21,1.520627,1.532804
129,22,1.453593,1.590788
129,23,1.529926,1.758216
129,24,1.444676,1.622860
129,25,1.273743,1.558534
129,26,1.181359,1.384765
129,27,1.250298,1.243067
129,28,1.165456,1.069116
129,29,1.002726,0.875958
129,30,0.853582,0.933941
129,31,1.025119,1.236544
129,32,0.756575,0.875958
129,33,-0.707230,-1.100742
129,34,-1.992229,-2.510834
129,35,-2.308097,-3.212617
129,36,-2.618724,-3.766361
129,37,-2.402018,-3.611980
129,38,-2.275995,-3.354315
129,39,-1.280098,-2.349929
129,40,-0.587884,-1.049282
129,41,0.613079,0.347944
129,42,0.931579,0.850227
129,43,1.336072,1.403972
129,44,1.339498,1.507074
129,45,1.359144,1.507074
129,46,1.284931,1.590788
129,47,1.388593,1.603653
129,48,1.358631,1.391106
129,49,1.290347,1.243067
129,50,1.236100,1.191425
129,51,1.282074,1.004790
129,52,1.167177,1.056251
129,53,0.959641,0.979060
129,54,0.857122,0.734260
129,55,0.920635,1.017655
129,56,0.709903,0.689323
129,57,-0.625482,-0.798140
129,58,-1.880531,-1.029894
129,59,-2.082727,-2.555952
129,60,-2.481405,-3.908059
129,61,-2.103483,-2.948792
129,62,-2.035725,-2.272557
129,63,-1.221828,-1.461329
130,0,-0.663218,-0.495538
130,1,0.481081,0.444523
130,2,0.888294,0.663592
130,3,1.306133,1.178560
130,4,1.379194,1.416837
130,5,1.397192,1.494209
130,6,1.318761,1.584265
130,7,1.290044,1.223679
130,8,1.178259,0.998267
130,9,1.083795,0.792244
130,10,0.993649,0.734260
130,11,1.056929,0.721395
130,12,0.976505,0.644204
130,13,0.828925,0.644204
130,14,0.760909,0.695665
130,15,1.031718,1.017655
130,16,0.793085,0.773037
130,17,-0.845324,-1.223052
130,18,-1.936363,-1.705947
130,19,-2.522577,-3.264259
130,20,-3.202448,-3.850075
130,21,-3.005366,-3.843733
130,22,-2.574494,-3.502536
130,23,-1.776115,-2.678261
130,24,-0.888502,-0.714426
130,25,0.341419,0.193562
130,26,0.786928,0.727918
130,27,1.210557,1.249409
130,28,1.307590,1.552011
130,29,1.297171,1.487686
130,30,1.194966,1.288185
130,31,1.169027,0.966195
130,32,1.144116,0.689323
130,33,1.103369,0.515372
130,34,1.071832,0.476776
130,35,1.102242,0.335079
130,36,1.021382,0.303006
130,37,0.880126,0.309348
130,38,0.798137,0.290141
130,39,0.986209,0.560490
130,40,0.840618,0.779378
130,41,-0.780019,0.528237
130,42,-2.095284,-0.167024
130,43,-2.646118,-1.693082
130,44,-3.249109,-0.643577
130,45,-2.919307,-1.609368
130,46,-2.597601,-1.525654
130,47,-1.800814,-0.579252
130,48,-0.872901,0.386720
130,49,0.455919,0.747306
130,50,0.791785,0.869616
130,51,1.207444,1.217337
130,52,1.310544,1.339646
130,53,1.315578,1.307392
130,54,1.229559,1.410495
130,55,1.195530,1.101369
130,56,1.104373,0.921076
130,57,1.054920,0.805109
130,58,0.959449,0.605609
130,59,0.975285,0.560490
130,60,0.903043,0.586220
130,61,0.787474,0.547625
130,62,0.676891,0.599086
130,63,0.929207,0.946806
131,0,1.117077,1.326781
131,1,0.073433,0.489641
131,2,-0.944358,0.103325
131,3,-1.605504,0.154786
131,4,-2.037708,-0.128429
131,5,-2.072672,-0.508403
131,6,-1.843629,-0.720768
131,7,-1.156291,-0.849601
131,8,-0.273681,-0.122087
131,9,0.536819,0.637681
131,10,0.982388,0.843885
131,11,1.188289,1.249409
131,12,1.302346,1.487686
131,13,1.351693,1.944851
131,14,1.242329,1.771081
131,15,1.176127,1.371718
131,16,1.022364,1.049909
131,17,0.970661,0.921076
131,18,0.929248,0.734260
131,19,0.930360,0.650727
131,20,0.888714,0.631339
131,21,0.800564,0.644204
131,22,0.702226,0.380197
131,23,0.954152,0.908211
131,24,0.951318,0.579878
131,25,-0.074192,-1.042759
131,26,-1.066495,-2.246826
131,27,-1.686607,-3.064578
131,28,-2.000024,-3.669782
131,29,-2.020733,-3.875987
131,30,-1.824949,-3.328584
131,31,-1.095332,-2.395047
131,32,-0.232229,-1.281036
131,33,0.617513,0.129055
131,34,1.015060,0.534760
131,35,1.211240,0.940465
131,36,1.322405,1.262274
131,37,1.367715,1.358853
131,38,1.269145,1.178560
131,39,1.186767,0.888823
131,40,1.053262,0.599086
131,41,0.974564,0.393062
131,42,0.884472,0.296483
131,43,0.843364,0.245023
131,44,0.808195,0.199904
131,45,0.682417,0.232158
131,46,0.554205,0.283618
131,47,0.807182,0.766514
131,48,0.805063,-0.340975
131,49,-0.208731,-2.169636
131,50,-1.264472,-3.328584
131,51,-1.845793,-4.172066
131,52,-2.121223,-4.468327
131,53,-2.123118,-4.532652
131,54,-1.916676,-4.346017
131,55,-1.279251,-3.502536
131,56,-0.418087,-2.188843
131,57,0.469490,0.141920
131,58,0.840868,0.605609
131,59,1.124036,1.017655
131,60,1.223535,1.301051
131,61,1.272153,1.384765
131,62,1.181863,1.133623
131,63,1.113393,0.779378
132,0,0.709147,0.476776
132,1,0.491050,0.277276
132,2,0.358241,0.161309
132,3,0.362867,0.090460
132,4,0.377788,0.064730
132,5,0.329544,0.090460
132,6,0.325045,0.174174
132,7,0.705631,0.579878
132,8,0.317759,-0.366705
132,9,-1.513166,-2.073056
132,10,-2.815207,-3.405956
132,11,-3.478328,-4.004638
132,12,-3.969737,-4.423208
132,13,-3.614264,-4.552040
132,14,-3.396854,-4.191454
132,15,-2.484786,-3.129084
132,16,-1.382171,-1.911971
132,17,0.290507,-0.089833
132,18,0.606113,0.418792
132,19,1.082798,0.766514
132,20,1.369192,1.030520
132,21,1.488286,1.133623
132,22,1.325638,0.901688
132,23,1.082992,0.560490
132,24,0.928630,0.277276
132,25,0.718963,0.103325
132,26,0.581039,-0.006119
132,27,0.545940,-0.057580
132,28,0.553797,-0.064103
132,29,0.492663,-0.083310
132,30,0.425225,-0.012642
132,31,0.839352,0.425316
132,32,0.575166,0.309348
132,33,-1.234488,-1.995685
132,34,-2.434258,-2.890807
132,35,-3.092822,-2.729722
132,36,-3.639416,-3.174022
132,37,-3.553933,-2.053668
132,38,-3.310955,-0.308722
132,39,-2.326459,-0.160682
132,40,-1.258225,0.251365
132,41,0.364800,0.592744
132,42,0.609954,0.657069
132,43,1.152372,0.972537
132,44,1.327497,0.985402
132,45,1.423777,0.933941
132,46,1.249812,0.727918
132,47,1.026908,0.470434
132,48,0.928145,0.212769
132,49,0.818240,0.006746
132,50,0.702492,-0.070445
132,51,0.633700,-0.128429
132,52,0.603077,-0.160682
132,53,0.467830,-0.134952
132,54,0.415273,-0.070445
132,55,0.698128,0.386720
132,56,0.517007,0.740783
132,57,-1.194281,0.470434
132,58,-2.438028,0.283618
132,59,-3.065549,0.360809
132,60,-3.583554,0.064730
132,61,-3.368275,0.303006
132,62,-3.130270,0.425316
132,63,-2.237167,0.715053
133,0,0.721553,0.817974
133,1,0.887699,0.908211
133,2,0.937285,1.094846
133,3,0.940630,1.294527
133,4,0.958082,1.365376
133,5,0.927919,1.288185
133,6,0.799690,1.146488
133,7,0.715263,0.908211
133,8,0.616481,0.702188
133,9,0.509519,0.380197
133,10,0.435516,0.193562
133,11,0.458922,0.103325
133,12,0.513171,0.071072
133,13,0.508247,0.083937
133,14,0.570548,0.180516
133,15,0.753778,0.399585
133,16,0.795673,0.618474
133,17,0.433370,0.303006
133,18,0.109522,-0.225008
133,19,-0.115047,-0.109221
133,20,-0.349790,-0.727291
133,21,-0.384536,-0.849601
133,22,-0.274395,-0.534133
133,23,0.018634,-0.398959
133,24,0.402044,-0.012642
133,25,0.732791,0.303006
133,26,0.903855,0.727918
133,27,0.983553,1.062774
133,28,1.043959,1.133623
133,29,1.011736,1.049909
133,30,0.903249,0.940465
133,31,0.813959,0.669934
133,32,0.742477,0.386720
133,33,0.650085,0.148444
133,34,0.595159,0.038999
133,35,0.576494,-0.044715
133,36,0.573032,-0.057580
133,37,0.553939,-0.051238
133,38,0.548492,0.000404
133,39,0.679165,0.489641
133,40,0.626556,0.760171
133,41,0.172275,-1.248782
133,42,-0.248062,-3.270601
133,43,-0.554877,-4.178589
133,44,-0.782544,-4.494057
133,45,-0.777613,-4.448938
133,46,-0.596651,-3.856599
133,47,-0.237033,-2.903673
133,48,0.230193,-1.963612
133,49,0.614144,-0.624189
133,50,0.793629,0.360809
133,51,0.902502,0.824497
133,52,1.005255,1.011313
133,53,1.001428,0.972537
133,54,0.887632,0.811632
133,55,0.789194,0.592744
133,56,0.714830,0.373855
133,57,0.628774,0.122713
133,58,0.564685,0.013269
133,59,0.531211,-0.089833
133,60,0.527405,-0.109221
133,61,0.501352,-0.115563
133,62,0.489214,-0.057580
133,63,0.632781,0.251365
134,0,0.141443,0.695665
134,1,-1.353172,0.418792
134,2,-2.689824,-0.089833
134,3,-3.409669,0.000404
134,4,-3.848746,0.116190
134,5,-3.854347,0.212769
134,6,-3.528452,0.599086
134,7,-2.673055,0.689323
134,8,-1.550146,0.554148
134,9,-0.163591,0.682799
134,10,0.574884,1.024179
134,11,0.911763,1.204471
134,12,1.051178,1.223679
134,13,1.111353,1.081981
134,14,0.917464,0.882481
134,15,0.707340,0.631339
134,16,0.474472,0.367332
134,17,0.423403,0.174174
134,18,0.415350,0.058206
134,19,0.382134,0.000404
134,20,0.323305,-0.038373
134,21,0.239780,-0.031849
134,22,0.298729,-0.018984
134,23,0.485756,0.251365
134,24,0.417769,0.669934
134,25,-1.116074,0.637681
134,26,-2.388293,0.225634
134,27,-3.042438,0.148444
134,28,-3.427453,0.393062
134,29,-3.476989,0.386720
134,30,-3.146954,0.257888
134,31,-2.249100,0.470434
134,32,-1.240347,0.689323
134,33,-0.002779,0.721395
134,34,0.620073,0.856750
134,35,0.973177,1.217337
134,36,1.111432,1.275139
134,37,1.185691,1.172218
134,38,1.025664,0.979060
134,39,0.818895,0.740783
134,40,0.591311,0.418792
134,41,0.457724,0.193562
134,42,0.392820,0.071072
134,43,0.359168,-0.051238
134,44,0.343450,-0.083310
134,45,0.261322,-0.089833
134,46,0.245076,-0.031849
134,47,0.436604,0.219292
134,48,0.358242,0.727918
134,49,-1.217494,0.579878
134,50,-2.548159,0.335079
134,51,-3.197160,0.412451
134,52,-3.447836,0.251365
134,53,-3.396828,0.386720
134,54,-2.997034,0.399585
134,55,-2.174991,0.509030
134,56,-1.219994,0.824497
134,57,0.045830,0.850227
134,58,0.647487,0.985402
134,59,0.999744,1.288185
134,60,1.121186,1.397630
134,61,1.173038,1.301051
134,62,0.979145,1.094846
134,63,0.757316,0.869616
135,0,0.496796,0.553273
135,1,0.583511,0.129162
135,2,0.437743,0.202875
135,3,0.366874,0.055448
135,4,0.298754,0.221563
135,5,0.224252,-0.166211
135,6,0.165619,-0.055122
135,7,0.234274,-0.073810
135,8,0.106739,0.332133
135,9,0.048471,0.793101
135,10,0.207607,1.402016
135,11,0.126209,1.899841
135,12,-0.062643,0.996073
135,13,-0.077366,1.051618
135,14,-0.040958,1.568131
135,15,-0.096808,0.608818
135,16,-0.255034,0.295276
135,17,-0.449565,-0.239925
135,18,-0.628151,-0.479753
135,19,-0.677852,-0.479753
135,20,-0.743609,-0.479753
135,21,-0.767005,-0.368664
135,22,-0.373070,-0.110667
135,23,0.324591,0.626987
135,24,0.447075,0.793101
135,25,0.431090,0.682531
135,26,0.384500,0.682531
135,27,0.346887,0.738076
135,28,0.300700,0.903672
135,29,0.189307,0.793101
135,30,0.119333,0.571961
135,31,0.150843,0.885503
135,32,0.053355,0.977904
135,33,0.015846,1.494417
135,34,0.144516,1.549443
135,35,0.033572,2.250758
135,36,-0.140678,1.807959
135,37,-0.142186,2.305784
135,38,-0.089239,0.276588
135,39,-0.141813,0.608818
135,40,-0.288823,-0.406039
135,41,-0.468903,-0.258093
135,42,-0.634311,-0.497922
135,43,-0.676706,-0.479753
135,44,-0.747119,-0.479753
135,45,-0.798043,-0.756438
135,46,-0.479011,-0.479753
135,47,0.066752,0.332133
135,48,0.183089,0.424534
135,49,0.216482,0.829958
135,50,0.141455,0.498248
135,51,0.101208,0.626987
135,52,0.062252,0.738076
135,53,-0.027807,0.018591
135,54,-0.070215,-0.239925
135,55,-0.022496,0.202875
135,56,-0.013140,0.553273
135,57,-0.026875,0.239732
135,58,0.114439,0.645675
135,59,0.006360,0.387159
135,60,-0.150753,1.328303
135,61,-0.144622,0.811789
135,62,-0.099290,0.829958
135,63,-0.146644,0.202875
136,0,-0.082575,-0.036953
136,1,-0.329836,-0.368664
136,2,-0.521382,-0.331807
136,3,-0.560826,-0.442896
136,4,-0.590975,-0.442896
136,5,-0.592953,-0.903865
136,6,-0.161190,0.018591
136,7,0.410891,1.217732
136,8,0.496591,1.512586
136,9,0.593463,1.106643
136,10,0.487336,0.941047
136,11,0.416780,0.866815
136,12,0.380443,1.254589
136,13,0.251672,0.516417
136,14,0.241985,0.258420
136,15,0.433342,0.442703
136,16,0.402415,0.387159
136,17,0.398733,0.738076
136,18,0.625228,1.051618
136,19,0.680474,1.272758
136,20,0.523429,0.516417
136,21,0.538173,1.254589
136,22,0.415617,-0.000096
136,23,0.171863,0.129162
136,24,-0.116811,0.073617
136,25,-0.343176,-0.294950
136,26,-0.522025,-0.442896
136,27,-0.549616,-0.258093
136,28,-0.587844,-0.331807
136,29,-0.600258,-0.350495
136,30,-0.185192,-0.129354
136,31,0.373260,0.332133
136,32,0.491143,1.106643
136,33,0.556697,0.590130
136,34,0.484457,0.663844
136,35,0.448185,0.756245
136,36,0.396516,0.645675
136,37,0.283408,-0.387351
136,38,0.293420,0.461391
136,39,0.437999,0.221563
136,40,0.478900,1.235901
136,41,0.536266,0.959216
136,42,0.972063,1.844816
136,43,1.228711,1.862984
136,44,0.924984,2.029099
136,45,1.035933,2.471899
136,46,0.851134,1.899841
136,47,0.329007,0.774933
136,48,-0.081490,-0.091979
136,49,-0.361007,-0.203068
136,50,-0.548822,-0.258093
136,51,-0.557560,-0.387351
136,52,-0.568653,-0.406039
136,53,-0.539251,-0.682724
136,54,-0.025413,0.147850
136,55,0.652338,0.608818
136,56,0.792856,1.032930
136,57,0.843969,0.793101
136,58,0.746261,0.848646
136,59,0.651806,0.885503
136,60,0.646927,0.885503
136,61,0.483200,0.590130
136,62,0.472322,0.313445
136,63,0.661063,0.756245
137,0,0.913600,1.051618
137,1,0.981878,0.258420
137,2,1.490424,0.405846
137,3,1.727029,0.036760
137,4,1.488188,-0.036953
137,5,1.586335,0.701219
137,6,1.237090,0.811789
137,7,0.625415,0.387159
137,8,0.157459,-0.018265
137,9,-0.201384,-0.424208
137,10,-0.421855,-0.534778
137,11,-0.420669,-0.608492
137,12,-0.403946,-0.645348
137,13,-0.394752,-0.627180
137,14,0.097656,-0.166211
137,15,0.748350,0.073617
137,16,0.969088,0.350302
137,17,0.922815,0.295276
137,18,0.836424,0.626987
137,19,0.809152,0.110474
137,20,0.801316,0.166018
137,21,0.527538,0.498248
137,22,0.463054,0.313445
137,23,0.625644,0.202875
137,24,0.735210,1.014761
137,25,0.799183,1.106643
137,26,1.252166,1.438873
137,27,1.485994,1.088474
137,28,1.288372,1.623156
137,29,1.371868,2.010930
137,30,1.080052,1.734245
137,31,0.559398,0.295276
137,32,0.121936,0.110474
137,33,-0.226736,-0.221237
137,34,-0.446633,-0.368664
137,35,-0.433974,-0.442896
137,36,-0.427964,-0.461065
137,37,-0.427864,-0.534778
137,38,0.027380,0.110474
137,39,0.651434,0.553273
137,40,0.900840,0.774933
137,41,0.895066,0.774933
137,42,0.806737,0.774933
137,43,0.755532,0.774933
137,44,0.725263,0.774933
137,45,0.491191,0.774933
137,46,0.414230,0.774933
137,47,0.563469,0.774933
137,48,0.672694,0.774933
137,49,0.747255,0.774933
137,50,1.169056,0.774933
137,51,1.372131,0.774933
137,52,1.166465,0.774933
137,53,1.160661,0.774933
137,54,0.921775,0.774933
137,55,0.525100,0.774933
137,56,0.132719,0.774933
137,57,-0.216924,0.774933
137,58,-0.420603,0.774933
137,59,-0.428124,0.774933
137,60,-0.459680,0.774933
137,61,-0.478146,0.774933
137,62,-0.064479,0.774933
137,63,0.504159,0.774933
138,0,0.873451,1.032930
138,1,0.899447,0.866815
138,2,0.903510,0.608818
138,3,0.880377,0.738076
138,4,0.850109,0.442703
138,5,0.801051,0.590130
138,6,0.780831,0.387159
138,7,0.822151,0.313445
138,8,0.874981,0.903672
138,9,0.923636,0.701219
138,10,0.966624,1.328303
138,11,0.979832,1.771102
138,12,0.952740,1.936698
138,13,0.961730,1.641844
138,14,0.874545,0.977904
138,15,0.704360,0.461391
138,16,0.589596,0.018591
138,17,0.439953,-0.387351
138,18,0.328048,-0.387351
138,19,0.259376,-0.368664
138,20,0.212482,-0.442896
138,21,0.206698,-0.166211
138,22,0.411514,-0.000096
138,23,0.712350,0.110474
138,24,0.831252,0.313445
138,25,0.860829,0.276588
138,26,0.843861,0.516417
138,27,0.819672,0.018591
138,28,0.794207,0.202875
138,29,0.722485,-0.129354
138,30,0.694538,-0.110667
138,31,0.743762,0.424534
138,32,0.791600,0.276588
138,33,0.830195,0.941047
138,34,0.893133,1.734245
138,35,0.882404,2.121500
138,36,0.829892,1.899841
138,37,0.856378,2.029099
138,38,0.794576,1.365159
138,39,0.615531,0.498248
138,40,0.442065,-0.055122
138,41,0.284124,0.055448
138,42,0.172435,-0.091979
138,43,0.097113,-0.313638
138,44,0.072473,-0.368664
138,45,0.104133,-0.830151
138,46,0.346711,0.221563
138,47,0.800069,0.645675
138,48,0.885443,0.903672
138,49,0.874697,1.051618
138,50,0.829456,0.663844
138,51,0.789610,0.903672
138,52,0.765888,0.608818
138,53,0.694340,0.147850
138,54,0.679587,0.073617
138,55,0.761392,0.608818
138,56,0.825521,0.479560
138,57,0.869341,0.313445
138,58,1.022288,0.350302
138,59,1.014821,0.092305
138,60,0.975393,0.295276
138,61,1.088517,0.036760
138,62,0.888253,0.018591
138,63,0.588336,-0.166211
139,0,-0.341953,-0.036953
139,1,-0.432303,-0.018265
139,2,-0.484454,-0.258093
139,3,-0.510666,-0.368664
139,4,-0.507074,-0.368664
139,5,-0.488996,-0.571635
139,6,-0.040648,-0.258093
139,7,0.498015,0.479560
139,8,0.665899,0.461391
139,9,0.697774,0.608818
139,10,0.614450,0.442703
139,11,0.524526,0.313445
139,12,0.464400,0.110474
139,13,0.329603,-0.110667
139,14,0.311452,-0.387351
139,15,0.469965,0.313445
139,16,0.491805,0.461391
139,17,0.531515,-0.166211
139,18,0.832084,0.073617
139,19,0.968628,0.793101
139,20,0.818597,-0.018265
139,21,0.879160,0.239732
139,22,0.599435,0.018591
139,23,0.152326,-0.294950
139,24,-0.136522,-0.055122
139,25,-0.298876,0.184706
139,26,-0.398006,-0.221237
139,27,-0.438937,-0.368664
139,28,-0.450563,-0.387351
139,29,-0.445030,0.535105
139,30,-0.003257,0.645675
139,31,0.552429,0.221563
139,32,0.775099,0.811789
139,33,0.806681,0.793101
139,34,0.723125,0.424534
139,35,0.618543,0.258420
139,36,0.541274,0.719388
139,37,0.408106,0.350302
139,38,0.403252,0.405846
139,39,0.530696,0.756245
139,40,0.574242,0.977904
139,41,0.611040,1.402016
139,42,0.864583,2.010930
139,43,1.033390,2.398185
139,44,0.887750,2.416354
139,45,0.969033,2.674870
139,46,0.686352,1.771102
139,47,0.220863,0.645675
139,48,-0.098207,-0.036953
139,49,-0.290634,-0.553466
139,50,-0.393492,-0.387351
139,51,-0.437648,-0.368664
139,52,-0.456950,-0.387351
139,53,-0.442948,0.018591
139,54,-0.012647,0.258420
139,55,0.587248,0.571961
139,56,0.814526,0.590130
139,57,0.796437,1.032930
139,58,0.709048,0.829958
139,59,0.601858,0.479560
139,60,0.524883,0.922360
139,61,0.397386,0.848646
139,62,0.378957,0.350302
139,63,0.506079,0.553273
140,0,0.731493,1.088474
140,1,0.843124,0.516417
140,2,1.143305,1.069786
140,3,1.366927,2.176526
140,4,1.306044,1.918529
140,5,1.273286,1.752414
140,6,0.907391,1.604987
140,7,0.394764,0.110474
140,8,-0.006050,-0.258093
140,9,-0.246043,-0.571635
140,10,-0.382252,-0.811463
140,11,-0.416318,-0.793294
140,12,-0.374864,-0.811463
140,13,-0.270275,-0.885177
140,14,0.046628,-0.110667
140,15,0.520822,0.166018
140,16,0.684420,0.663844
140,17,0.670578,0.682531
140,18,0.594179,0.645675
140,19,0.516534,0.682531
140,20,0.458393,0.793101
140,21,0.310002,0.663844
140,22,0.257598,0.202875
140,23,0.411641,0.258420
140,24,0.582093,1.586299
140,25,0.766375,0.738076
140,26,1.147480,0.774933
140,27,1.365766,0.663844
140,28,1.315892,0.073617
140,29,1.348690,-0.055122
140,30,0.968471,0.479560
140,31,0.413687,-0.166211
140,32,-0.012143,-0.406039
140,33,-0.264641,-0.406039
140,34,-0.402795,-0.424208
140,35,-0.428243,-0.461065
140,36,-0.415130,-0.442896
140,37,-0.332942,-0.368664
140,38,0.019983,0.073617
140,39,0.449057,0.793101
140,40,0.694353,0.922360
140,41,0.714524,0.922360
140,42,0.640432,0.774933
140,43,0.558873,0.866815
140,44,0.512820,0.608818
140,45,0.379099,0.018591
140,46,0.329077,0.055448
140,47,0.493664,0.424534
140,48,0.658455,0.645675
140,49,0.826771,0.166018
140,50,1.155253,0.166018
140,51,1.346967,-0.313638
140,52,1.290234,-0.203068
140,53,1.246683,0.018591
140,54,0.880700,-0.110667
140,55,0.375012,-0.184380
140,56,-0.027524,-0.239925
140,57,-0.281594,-0.331807
140,58,-0.399675,-0.258093
140,59,-0.423276,-0.184380
140,60,-0.430986,-0.203068
140,61,-0.363211,-0.387351
140,62,-0.046951,0.535105
140,63,0.369571,1.125331
141,0,1.056104,0.866815
141,1,1.011549,1.235901
141,2,0.842781,0.793101
141,3,0.760355,0.516417
141,4,0.712056,0.977904
141,5,0.445054,0.608818
141,6,0.330646,0.110474
141,7,0.477439,0.682531
141,8,0.599379,0.498248
141,9,0.664075,-0.147523
141,10,0.809144,0.202875
141,11,0.911838,0.498248
141,12,0.918489,-0.000096
141,13,0.895256,-0.203068
141,14,0.683370,0.202875
141,15,0.281734,-0.258093
141,16,0.005618,-0.166211
141,17,-0.205245,-0.110667
141,18,-0.325378,-0.184380
141,19,-0.378042,-0.294950
141,20,-0.371381,-0.368664
141,21,-0.277522,-0.368664
141,22,0.143377,0.147850
141,23,0.740428,0.405846
141,24,0.888771,0.996073
141,25,0.853739,1.069786
141,26,0.721138,0.626987
141,27,0.642136,0.553273
141,28,0.608114,0.793101
141,29,0.392827,0.701219
141,30,0.301971,0.018591
141,31,0.490754,0.332133
141,32,0.642746,0.405846
141,33,0.781935,-0.055122
141,34,1.009381,-0.036953
141,35,1.217742,-0.294950
141,36,1.157962,-0.129354
141,37,1.108468,-0.406039
141,38,0.798387,-0.276781
141,39,0.337058,-0.110667
141,40,0.020009,-0.055122
141,41,-0.204908,-0.239925
141,42,-0.327615,-0.129354
141,43,-0.390943,-0.036953
141,44,-0.387205,-0.055122
141,45,-0.299205,-0.590323
141,46,0.063292,0.405846
141,47,0.536006,0.848646
141,48,0.753611,1.199044
141,49,0.748496,0.903672
141,50,0.637245,0.848646
141,51,0.565580,0.535105
141,52,0.515317,0.663844
141,53,0.328536,0.811789
141,54,0.268923,0.276588
141,55,0.485080,0.424534
141,56,0.694316,0.774933
141,57,0.895038,0.239732
141,58,1.207631,0.239732
141,59,1.470210,-0.110667
141,60,1.421654,-0.331807
141,61,1.491079,-0.091979
141,62,1.046887,-0.073810
141,63,0.498450,-0.294950
142,0,-0.270972,-0.350495
142,1,-0.320607,-0.424208
142,2,-0.349690,0.036760
142,3,-0.363611,-0.036953
142,4,-0.365468,-0.239925
142,5,-0.335624,-0.166211
142,6,0.171596,0.424534
142,7,0.658841,0.535105
142,8,0.862484,1.032930
142,9,0.886537,0.738076
142,10,0.715371,1.014761
142,11,0.636666,0.682531
142,12,0.679803,0.258420
142,13,0.481395,0.405846
142,14,0.342069,0.110474
142,15,0.486958,0.202875
142,16,0.596723,0.498248
142,17,0.580215,0.608818
142,18,0.841171,-0.055122
142,19,0.991101,0.036760
142,20,0.912603,-0.221237
142,21,0.929191,-0.294950
142,22,0.650541,-0.110667
142,23,0.129917,-0.073810
142,24,-0.145603,0.184706
142,25,-0.301081,-0.110667
142,26,-0.387885,-0.203068
142,27,-0.411637,-0.110667
142,28,-0.390801,-0.166211
142,29,-0.344869,-0.294950
142,30,0.097924,0.202875
142,31,0.544855,0.682531
142,32,0.758338,1.032930
142,33,0.849412,0.922360
142,34,0.683828,0.959216
142,35,0.603704,1.199044
142,36,0.619425,0.387159
142,37,0.455543,0.608818
142,38,0.323532,-0.073810
142,39,0.474320,0.387159
142,40,0.626632,0.590130
142,41,0.670164,0.424534
142,42,0.942926,0.239732
142,43,1.143386,0.036760
142,44,1.086848,-0.276781
142,45,1.100840,0.055448
142,46,0.798053,-0.036953
142,47,0.211339,0.036760
142,48,-0.141263,0.018591
142,49,-0.359479,-0.184380
142,50,-0.476477,-0.239925
142,51,-0.527420,-0.055122
142,52,-0.525709,-0.091979
142,53,-0.498184,0.295276
142,54,-0.082327,0.461391
142,55,0.435422,0.959216
142,56,0.702414,1.623156
142,57,0.761930,1.125331
142,58,0.621704,1.199044
142,59,0.539395,1.032930
142,60,0.563901,1.235901
142,61,0.383924,0.793101
142,62,0.236872,0.516417
142,63,0.390864,1.143500
143,0,1.105804,0.442703
143,1,0.826727,0.166018
143,2,0.813953,0.184706
143,3,0.733461,-0.091979
143,4,0.586508,-0.276781
143,5,0.589409,-0.129354
143,6,0.457880,-0.073810
143,7,0.229882,-0.129354
143,8,0.060612,-0.368664
143,9,-0.050058,-0.387351
143,10,-0.103237,-0.387351
143,11,-0.077904,-0.406039
143,12,-0.068285,-0.073810
143,13,-0.029818,-0.608492
143,14,0.440513,0.147850
143,15,0.901723,0.903672
143,16,1.182464,0.738076
143,17,1.068999,0.553273
143,18,0.948098,0.829958
143,19,0.902187,0.645675
143,20,0.855189,0.553273
143,21,0.645299,0.590130
143,22,0.453252,-0.018265
143,23,0.622301,0.461391
143,24,0.858372,0.626987
143,25,0.720526,0.055448
143,26,0.757611,-0.331807
143,27,0.737548,0.110474
143,28,0.615715,-0.276781
143,29,0.613120,0.350302
143,30,0.461249,0.073617
143,31,0.195602,-0.294950
143,32,0.025709,-0.442896
143,33,-0.072274,-0.294950
143,34,-0.123357,-0.294950
143,35,-0.106422,-0.331807
143,36,-0.116135,-0.387351
143,37,-0.076108,-0.166211
143,38,0.354206,0.202875
143,39,0.836777,-0.129354
143,40,1.105564,0.774933
143,41,1.025041,0.738076
143,42,0.923166,0.461391
143,43,0.851602,0.719388
143,44,0.801723,0.701219
143,45,0.602827,0.498248
143,46,0.400670,0.774933
143,47,0.568455,0.774933
143,48,0.832397,0.885503
143,49,0.695206,0.055448
143,50,0.743084,0.018591
143,51,0.732295,-0.036953
143,52,0.603013,-0.331807
143,53,0.569989,-0.406039
143,54,0.422371,-0.294950
143,55,0.188913,-0.221237
143,56,0.016941,-0.350495
143,57,-0.094153,-0.239925
143,58,-0.148319,0.018591
143,59,-0.148188,-0.055122
143,60,-0.194748,-0.110667
143,61,-0.186181,-0.350495
143,62,0.287539,-0.239925
143,63,0.738442,0.405846
144,0,0.690739,0.626987
144,1,0.736936,0.553273
144,2,0.652556,1.014761
144,3,0.610586,0.368990
144,4,0.630178,0.239732
144,5,0.455857,0.350302
144,6,0.272253,0.110474
144,7,0.409209,0.092305
144,8,0.483847,0.055448
144,9,0.194010,0.055448
144,10,0.098553,0.313445
144,11,0.005514,0.368990
144,12,-0.083175,-0.350495
144,13,-0.097023,-0.018265
144,14,-0.099434,-0.073810
144,15,-0.162193,-0.110667
144,16,-0.222366,-0.294950
144,17,-0.272790,-0.497922
144,18,-0.268075,-0.516609
144,19,-0.245870,-0.497922
144,20,-0.306288,-0.664036
144,21,-0.315524,-0.848320
144,22,0.091665,-0.000096
144,23,0.591892,0.535105
144,24,0.843929,0.626987
144,25,0.830593,0.959216
144,26,0.715152,0.738076
144,27,0.650078,0.774933
144,28,0.645572,0.313445
144,29,0.440315,0.055448
144,30,0.240030,0.313445
144,31,0.410446,0.479560
144,32,0.545818,0.055448
144,33,0.257295,-0.036953
144,34,0.185859,0.018591
144,35,0.096498,-0.073810
144,36,0.013745,-0.497922
144,37,0.016055,-0.166211
144,38,0.052612,-0.368664
144,39,-0.074151,-0.203068
144,40,-0.180400,-0.479753
144,41,-0.253438,-0.700893
144,42,-0.269710,-0.682724
144,43,-0.247776,-0.534778
144,44,-0.305538,-0.682724
144,45,-0.314405,-0.756438
144,46,0.158127,-0.221237
144,47,0.686268,0.239732
144,48,0.927125,0.368990
144,49,0.892670,0.387159
144,50,0.766397,0.276588
144,51,0.721418,0.018591
144,52,0.689187,0.313445
144,53,0.461982,0.535105
144,54,0.279349,0.516417
144,55,0.476835,0.553273
144,56,0.637170,0.571961
144,57,0.324501,0.184706
144,58,0.274423,0.424534
144,59,0.163446,0.461391
144,60,0.083283,-0.239925
144,61,0.106998,0.202875
144,62,0.092394,0.350302
144,63,-0.038952,0.073617
145,0,-0.114550,0.018591
145,1,-0.256868,0.036760
145,2,-0.311834,0.055448
145,3,-0.318730,0.036760
145,4,-0.350254,-0.036953
145,5,-0.324344,-0.055122
145,6,0.112663,0.387159
145,7,0.551853,0.793101
145,8,0.745395,0.977904
145,9,0.785814,1.162188
145,10,0.694110,1.069786
145,11,0.623696,0.977904
145,12,0.554903,0.682531
145,13,0.446455,0.608818
145,14,0.369869,0.498248
145,15,0.528983,0.811789
145,16,0.586330,0.866815
145,17,0.409647,0.258420
145,18,0.467919,0.202875
145,19,0.457112,0.295276
145,20,0.272232,-0.036953
145,21,0.359051,0.239732
145,22,0.325834,0.258420
145,23,0.040806,0.295276
145,24,-0.185420,-0.018265
145,25,-0.307768,0.018591
145,26,-0.353635,-0.018265
145,27,-0.355989,0.036760
145,28,-0.375661,-0.055122
145,29,-0.347302,-0.110667
145,30,0.116100,0.036760
145,31,0.592737,0.774933
145,32,0.818391,1.568131
145,33,0.830082,1.715558
145,34,0.751800,1.106643
145,35,0.695270,1.217732
145,36,0.632572,0.885503
145,37,0.480301,1.383328
145,38,0.391896,0.738076
145,39,0.523621,1.383328
145,40,0.600400,0.738076
145,41,0.370241,0.498248
145,42,0.357103,0.129162
145,43,0.319477,-0.000096
145,44,0.150161,-0.203068
145,45,0.202917,0.387159
145,46,0.223108,0.202875
145,47,-0.009891,0.258420
145,48,-0.220767,0.166018
145,49,-0.329580,-0.073810
145,50,-0.380751,0.036760
145,51,-0.381730,0.036760
145,52,-0.395910,0.018591
145,53,-0.369270,-0.000096
145,54,0.049852,0.202875
145,55,0.552476,0.571961
145,56,0.789171,0.774933
145,57,0.800648,1.106643
145,58,0.724226,1.051618
145,59,0.649677,1.272758
145,60,0.572136,0.793101
145,61,0.425429,0.571961
145,62,0.337334,0.258420
145,63,0.487535,0.202875
146,0,0.481271,0.479560
146,1,0.201075,0.110474
146,2,0.172625,0.756245
146,3,0.096441,-0.129354
146,4,-0.025725,-0.110667
146,5,0.104235,-0.110667
146,6,0.160425,-0.147523
146,7,0.039784,0.018591
146,8,-0.056262,-0.203068
146,9,-0.080500,-0.387351
146,10,-0.083212,-0.406039
146,11,-0.056463,-0.406039
146,12,-0.119529,-0.424208
146,13,-0.124669,-0.442896
146,14,0.174103,0.036760
146,15,0.610397,0.332133
146,16,0.919853,0.719388
146,17,0.949476,0.719388
146,18,0.815651,0.608818
146,19,0.774133,0.387159
146,20,0.743098,0.553273
146,21,0.613854,0.258420
146,22,0.446190,-0.000096
146,23,0.503383,0.239732
146,24,0.524716,0.184706
146,25,0.239362,0.018591
146,26,0.197342,0.332133
146,27,0.130886,0.608818
146,28,-0.032463,-0.018265
146,29,0.022047,0.221563
146,30,0.071817,0.442703
146,31,-0.005440,0.110474
146,32,-0.083842,0.110474
146,33,-0.093233,0.018591
146,34,-0.072713,-0.073810
146,35,-0.057056,0.055448
146,36,-0.128366,0.055448
146,37,-0.145180,-0.331807
146,38,0.118640,0.663844
146,39,0.518586,1.014761
146,40,0.813385,1.162188
146,41,0.865372,1.899841
146,42,0.728066,1.365159
146,43,0.652386,1.531274
146,44,0.590887,1.438873
146,45,0.465361,1.438873
146,46,0.296784,1.051618
146,47,0.330903,0.996073
146,48,0.350046,0.682531
146,49,0.163408,-0.055122
146,50,0.142995,0.129162
146,51,0.062895,0.442703
146,52,-0.083832,0.147850
146,53,-0.060584,0.147850
146,54,-0.036927,-0.018265
146,55,-0.050261,0.018591
146,56,-0.136776,0.110474
146,57,-0.179776,0.055448
146,58,-0.165723,-0.129354
146,59,-0.144937,-0.055122
146,60,-0.241716,-0.036953
146,61,-0.249971,-0.110667
146,62,0.136748,0.682531
146,63,0.591230,1.143500
147,0,1.265210,1.826128
147,1,1.377539,1.678701
147,2,1.230250,1.346471
147,3,1.128352,1.069786
147,4,1.075047,1.549443
147,5,0.932607,1.106643
147,6,0.724854,0.276588
147,7,0.843128,1.143500
147,8,0.730696,0.608818
147,9,0.378990,0.036760
147,10,0.353869,0.276588
147,11,0.284541,0.332133
147,12,0.148944,-0.166211
147,13,0.186716,0.110474
147,14,0.197130,0.018591
147,15,0.118546,-0.073810
147,16,0.032718,-0.073810
147,17,-0.047838,0.313445
147,18,-0.107589,-0.000096
147,19,-0.093084,-0.018265
147,20,-0.115761,-0.036953
147,21,-0.100528,0.166018
147,22,0.409963,0.608818
147,23,0.877756,0.996073
147,24,1.118078,1.254589
147,25,1.212760,1.402016
147,26,1.094328,1.162188
147,27,0.989538,1.291446
147,28,0.917312,1.088474
147,29,0.762561,1.162188
147,30,0.568120,0.535105
147,31,0.679609,1.051618
147,32,0.612450,1.106643
147,33,0.316132,-0.091979
147,34,0.326288,0.498248
147,35,0.236869,0.498248
147,36,0.088182,0.110474
147,37,0.122994,0.663844
147,38,0.168613,0.313445
147,39,0.090645,0.276588
147,40,-0.012106,-0.184380
147,41,-0.095524,-0.000096
147,42,-0.167678,-0.091979
147,43,-0.161893,-0.129354
147,44,-0.208981,-0.203068
147,45,-0.195715,-0.553466
147,46,0.294086,0.535105
147,47,0.789931,0.663844
147,48,1.112328,0.774933
147,49,1.206782,1.032930
147,50,1.056115,0.498248
147,51,0.959542,0.811789
147,52,0.926111,1.051618
147,53,0.725437,0.959216
147,54,0.548661,0.608818
147,55,0.647756,0.498248
147,56,0.615653,0.498248
147,57,0.329809,0.036760
147,58,0.327037,-0.239925
147,59,0.279079,-0.000096
147,60,0.157471,1.826128
147,61,0.229318,0.036760
147,62,0.246779,0.202875
147,63,0.166673,0.129162
148,0,0.013300,-0.055122
148,1,-0.050487,-0.221237
148,2,-0.111828,-0.294950
148,3,-0.112826,-0.368664
148,4,-0.135908,-0.461065
148,5,-0.145487,-0.221237
148,6,0.354864,0.276588
148,7,0.798242,0.701219
148,8,1.138003,0.959216
148,9,1.265197,1.162188
148,10,1.106092,1.032930
148,11,1.033396,0.608818
148,12,0.994177,0.885503
148,13,0.864117,0.701219
148,14,0.638291,0.959216
148,15,0.775302,1.088474
148,16,0.572869,0.608818
148,17,0.212748,0.073617
148,18,0.194497,0.276588
148,19,0.169238,0.110474
148,20,0.108357,-0.110667
148,21,0.153294,0.258420
148,22,0.182776,0.405846
148,23,0.079395,-0.000096
148,24,-0.027434,-0.110667
148,25,-0.091784,-0.350495
148,26,-0.158549,-0.442896
148,27,-0.155613,-0.516609
148,28,-0.184551,-0.516609
148,29,-0.207489,-0.479753
148,30,0.256661,0.036760
148,31,0.691846,0.553273
148,32,1.030706,0.941047
148,33,1.127206,0.553273
148,34,1.019192,0.663844
148,35,0.962109,0.756245
148,36,0.878588,1.032930
148,37,0.711185,0.941047
148,38,0.527506,0.719388
148,39,0.614254,0.959216
148,40,0.507813,0.645675
148,41,0.182507,0.941047
148,42,0.158233,0.461391
148,43,0.129156,0.295276
148,44,0.056686,-0.350495
148,45,0.104850,0.018591
148,46,0.124428,0.110474
148,47,0.061362,-0.000096
148,48,-0.040433,-0.036953
148,49,-0.108526,-0.331807
148,50,-0.183683,-0.387351
148,51,-0.184152,-0.276781
148,52,-0.204857,-0.368664
148,53,-0.216579,-0.424208
148,54,0.209395,0.498248
148,55,0.622366,0.885503
148,56,0.978654,1.346471
148,57,1.073357,1.217732
148,58,0.976549,1.069786
148,59,0.914707,1.199044
148,60,0.836754,1.180357
148,61,0.676380,1.069786
148,62,0.490641,0.350302
148,63,0.594625,0.535105
149,0,0.480525,0.682531
149,1,0.124006,0.626987
149,2,0.209575,0.461391
149,3,0.105963,0.221563
149,4,-0.093468,-0.258093
149,5,-0.054459,0.166018
149,6,0.060083,0.110474
149,7,-0.060061,-0.000096
149,8,-0.157304,0.258420
149,9,-0.225327,0.202875
149,10,-0.276378,0.036760
149,11,-0.283927,0.055448
149,12,-0.352313,-0.000096
149,13,-0.353512,0.276588
149,14,0.137357,0.368990
149,15,0.683606,0.756245
149,16,1.044252,0.977904
149,17,1.055707,0.996073
149,18,0.895748,0.848646
149,19,0.853588,1.032930
149,20,0.877324,0.977904
149,21,0.781039,0.608818
149,22,0.510207,0.368990
149,23,0.568377,0.793101
149,24,0.416809,0.903672
149,25,0.143841,0.258420
149,26,0.156821,0.129162
149,27,0.110040,0.258420
149,28,-0.023225,0.147850
149,29,0.031817,0.166018
149,30,0.064389,0.516417
149,31,-0.006201,0.202875
149,32,-0.076898,0.866815
149,33,-0.147466,0.461391
149,34,-0.214013,0.110474
149,35,-0.229555,0.239732
149,36,-0.276827,0.295276
149,37,-0.250987,-0.258093
149,38,0.266005,0.608818
149,39,0.794412,1.568131
149,40,1.117074,1.660013
149,41,1.126165,2.176526
149,42,0.964383,1.844816
149,43,0.868566,1.586299
149,44,0.869776,1.180357
149,45,0.776291,0.977904
149,46,0.544148,0.553273
149,47,0.699013,0.608818
149,48,0.512748,0.701219
149,49,0.176256,0.738076
149,50,0.172760,0.941047
149,51,0.084650,1.254589
149,52,-0.082440,0.535105
149,53,-0.042324,1.531274
149,54,0.045600,1.826128
149,55,-0.017570,1.346471
149,56,-0.107162,0.663844
149,57,-0.158091,0.147850
149,58,-0.247220,-0.203068
149,59,-0.214756,-0.073810
149,60,-0.314706,-0.091979
149,61,-0.321088,-0.553466
149,62,0.219625,0.405846
149,63,0.648892,0.701219
150,0,1.022471,0.885503
150,1,1.123912,0.774933
150,2,0.961159,0.811789
150,3,0.886536,0.608818
150,4,0.843516,0.682531
150,5,0.706106,0.626987
150,6,0.551431,0.479560
150,7,0.717920,0.719388
150,8,0.589858,0.793101
150,9,0.337621,0.073617
150,10,0.352805,0.110474
150,11,0.321959,0.387159
150,12,0.213682,-0.091979
150,13,0.285337,0.055448
150,14,0.336439,0.202875
150,15,0.284673,0.092305
150,16,0.138277,-0.073810
150,17,-0.024218,-0.129354
150,18,-0.148684,-0.387351
150,19,-0.170900,-0.406039
150,20,-0.221984,-0.406039
150,21,-0.210680,-0.534778
150,22,0.309295,0.498248
150,23,0.809020,1.328303
150,24,1.100075,1.162188
150,25,1.154448,0.885503
150,26,1.018024,0.701219
150,27,0.935845,0.866815
150,28,0.882549,0.922360
150,29,0.716610,0.922360
150,30,0.545273,0.719388
150,31,0.670134,0.922360
150,32,0.516265,1.051618
150,33,0.291301,0.829958
150,34,0.291206,0.239732
150,35,0.249386,0.110474
150,36,0.136268,-0.294950
150,37,0.210841,0.535105
150,38,0.297804,0.258420
150,39,0.226343,-0.018265
150,40,0.074155,0.166018
150,41,-0.082981,-0.000096
150,42,-0.189240,-0.036953
150,43,-0.213239,-0.036953
150,44,-0.284284,-0.018265
150,45,-0.276150,-0.294950
150,46,0.218372,-0.184380
150,47,0.727787,0.774933
150,48,1.017823,1.014761
150,49,1.076447,0.719388
150,50,0.941233,0.719388
150,51,0.871196,0.848646
150,52,0.858394,0.535105
150,53,0.708216,0.738076
150,54,0.560819,0.147850
150,55,0.717404,0.498248
150,56,0.589630,0.387159
150,57,0.330831,0.221563
150,58,0.314734,0.221563
150,59,0.280850,0.663844
150,60,0.151709,0.442703
150,61,0.207970,0.442703
150,62,0.271114,0.221563
150,63,0.237022,0.036760
151,0,0.015669,-0.073810
151,1,-0.067132,-0.000096
151,2,-0.164586,-0.036953
151,3,-0.186374,0.036760
151,4,-0.226456,-0.000096
151,5,-0.225146,0.682531
151,6,0.191949,0.442703
151,7,0.752280,0.701219
151,8,1.003524,0.922360
151,9,1.034270,1.180357
151,10,0.919675,0.959216
151,11,0.874654,1.291446
151,12,0.837420,0.977904
151,13,0.697639,0.811789
151,14,0.562505,0.387159
151,15,0.676314,0.645675
151,16,0.574410,0.885503
151,17,0.328379,0.184706
151,18,0.328926,0.184706
151,19,0.299661,0.147850
151,20,0.126976,0.018591
151,21,0.234646,0.129162
151,22,0.231290,0.295276
151,23,0.120883,-0.018265
151,24,0.009416,0.221563
151,25,-0.074952,0.073617
151,26,-0.176529,-0.055122
151,27,-0.192619,-0.073810
151,28,-0.235652,-0.110667
151,29,-0.231311,0.645675
151,30,0.156493,0.774933
151,31,0.699109,1.272758
151,32,0.995506,0.977904
151,33,1.031180,0.332133
151,34,0.925661,0.645675
151,35,0.872507,0.756245
151,36,0.819900,1.346471
151,37,0.692298,0.645675
151,38,0.572756,0.368990
151,39,0.626367,0.829958
151,40,0.540894,0.941047
151,41,0.304681,0.608818
151,42,0.282248,0.461391
151,43,0.230159,0.368990
151,44,0.089454,-0.018265
151,45,0.154960,0.313445
151,46,0.193702,0.461391
151,47,0.134917,-0.000096
151,48,0.057598,0.166018
151,49,-0.013780,0.276588
151,50,-0.113800,-0.110667
151,51,-0.135726,0.073617
151,52,-0.175630,0.055448
151,53,-0.152966,0.202875
151,54,0.234955,0.368990
151,55,0.794285,0.848646
151,56,1.084985,1.162188
151,57,1.169360,1.235901
151,58,1.059940,0.738076
151,59,0.996932,0.866815
151,60,0.933678,0.811789
151,61,0.775752,0.663844
151,62,0.628268,0.313445
151,63,0.679795,0.461391
152,0,0.613479,0.295276
152,1,0.332353,0.018591
152,2,0.319423,0.018591
152,3,0.261962,0.055448
152,4,0.103101,-0.294950
152,5,0.234822,-0.036953
152,6,0.305976,0.756245
152,7,0.157877,0.239732
152,8,0.087352,0.387159
152,9,0.023640,0.018591
152,10,-0.053385,-0.018265
152,11,-0.069649,-0.018265
152,12,-0.109906,-0.036953
152,13,-0.071942,-0.479753
152,14,0.327456,0.036760
152,15,0.805176,0.498248
152,16,1.055112,0.516417
152,17,0.995570,0.516417
152,18,0.867469,0.571961
152,19,0.864320,0.553273
152,20,0.903384,0.498248
152,21,0.701523,0.202875
152,22,0.520893,-0.036953
152,23,0.623912,0.479560
152,24,0.627102,0.608818
152,25,0.363659,0.147850
152,26,0.324605,0.184706
152,27,0.295529,0.535105
152,28,0.166912,-0.129354
152,29,0.283401,0.590130
152,30,0.324195,0.276588
152,31,0.194725,0.184706
152,32,0.105877,0.295276
152,33,0.022291,0.036760
152,34,-0.057522,-0.055122
152,35,-0.062967,-0.055122
152,36,-0.096358,-0.091979
152,37,-0.045805,-0.221237
152,38,0.358799,0.073617
152,39,0.844974,0.368990
152,40,1.073984,1.069786
152,41,1.007545,1.199044
152,42,0.920694,0.885503
152,43,0.892319,1.217732
152,44,0.912664,0.719388
152,45,0.746432,0.977904
152,46,0.577062,0.663844
152,47,0.741206,0.645675
152,48,0.706882,0.424534
152,49,0.403389,0.590130
152,50,0.336004,0.332133
152,51,0.310688,0.442703
152,52,0.161086,-0.036953
152,53,0.240016,0.295276
152,54,0.317404,0.645675
152,55,0.203572,-0.000096
152,56,0.107181,0.129162
152,57,0.041254,0.036760
152,58,-0.051574,-0.018265
152,59,-0.045528,-0.000096
152,60,-0.132905,-0.036953
152,61,-0.112831,-0.406039
152,62,0.309816,0.276588
152,63,0.737712,0.738076
153,0,0.950459,1.494417
153,1,0.976476,1.568131
153,2,0.848334,1.143500
153,3,0.824138,1.623156
153,4,0.847375,1.254589
153,5,0.679697,1.604987
153,6,0.476077,1.254589
153,7,0.652677,0.941047
153,8,0.585162,1.365159
153,9,0.317703,0.405846
153,10,0.272801,0.479560
153,11,0.267821,0.479560
153,12,0.098214,-0.221237
153,13,0.250339,-0.000096
153,14,0.290147,-0.110667
153,15,0.159480,-0.036953
153,16,0.069684,-0.184380
153,17,-0.023458,-0.313638
153,18,-0.128018,-0.313638
153,19,-0.124857,-0.276781
153,20,-0.180316,-0.091979
153,21,-0.172751,0.258420
153,22,0.191284,0.479560
153,23,0.690065,0.719388
153,24,0.984050,0.848646
153,25,0.975031,0.885503
153,26,0.877210,0.959216
153,27,0.868994,0.738076
153,28,0.896400,0.738076
153,29,0.715786,0.793101
153,30,0.520877,0.295276
153,31,0.635959,0.756245
153,32,0.564872,1.272758
153,33,0.318542,0.996073
153,34,0.284713,0.553273
153,35,0.229966,0.829958
153,36,0.097118,-0.073810
153,37,0.244536,0.774933
153,38,0.270737,0.811789
153,39,0.162836,0.202875
153,40,0.031270,0.276588
153,41,-0.064276,0.313445
153,42,-0.154791,-0.368664
153,43,-0.160240,-0.313638
153,44,-0.218494,-0.331807
153,45,-0.210170,0.147850
153,46,0.103906,0.405846
153,47,0.542274,0.793101
153,48,0.830393,1.604987
153,49,0.863943,0.996073
153,50,0.813868,0.811789
153,51,0.831680,1.217732
153,52,0.855868,1.199044
153,53,0.662738,1.383328
153,54,0.475268,1.088474
153,55,0.591403,0.996073
153,56,0.557909,0.922360
153,57,0.354616,0.793101
153,58,0.330121,0.442703
153,59,0.277989,0.626987
153,60,0.104380,-0.129354
153,61,0.182271,0.313445
153,62,0.199464,0.129162
153,63,0.138173,0.092305
154,0,0.078821,-0.000096
154,1,-0.019494,-0.203068
154,2,-0.162087,-0.276781
154,3,-0.195204,-0.221237
154,4,-0.196221,-0.258093
154,5,-0.066496,-0.036953
154,6,0.433346,0.110474
154,7,0.893108,0.276588
154,8,1.221609,0.774933
154,9,1.203650,1.235901
154,10,1.102427,0.516417
154,11,1.087879,0.959216
154,12,1.113510,1.328303
154,13,0.963152,1.199044
154,14,0.756387,0.590130
154,15,0.868440,0.590130
154,16,0.857840,0.811789
154,17,0.560204,0.663844
154,18,0.467896,0.645675
154,19,0.448272,0.350302
154,20,0.170616,0.276588
154,21,0.382999,0.590130
154,22,0.402266,0.442703
154,23,0.275108,0.055448
154,24,0.184171,0.387159
154,25,0.073359,0.147850
154,26,-0.080777,-0.166211
154,27,-0.113850,-0.221237
154,28,-0.114270,-0.203068
154,29,-0.000209,-0.645348
154,30,0.428752,0.202875
154,31,0.881023,0.663844
154,32,1.205162,1.014761
154,33,1.211452,1.291446
154,34,1.130818,0.996073
154,35,1.107402,0.866815
154,36,1.104697,1.309615
154,37,0.936785,0.885503
154,38,0.759885,0.848646
154,39,0.813801,0.663844
154,40,0.781840,0.719388
154,41,0.505239,0.516417
154,42,0.427845,0.535105
154,43,0.388216,0.350302
154,44,0.180740,0.147850
154,45,0.350541,0.424534
154,46,0.408673,0.332133
154,47,0.319233,0.147850
154,48,0.239634,-0.036953
154,49,0.110501,-0.184380
154,50,-0.070976,-0.406039
154,51,-0.108413,-0.424208
154,52,-0.129961,-0.442896
154,53,-0.040677,-0.774606
154,54,0.365967,0.129162
154,55,0.858782,0.590130
154,56,1.204249,0.959216
154,57,1.248123,1.032930
154,58,1.145765,0.941047
154,59,1.108006,0.866815
154,60,1.079768,0.941047
154,61,0.911083,0.922360
154,62,0.711782,0.626987
154,63,0.758560,0.866815
155,0,0.768527,0.885503
155,1,0.448169,0.368990
155,2,0.388236,0.295276
155,3,0.305531,0.129162
155,4,0.092444,-0.129354
155,5,0.359993,0.055448
155,6,0.373792,0.350302
155,7,0.145692,0.663844
155,8,0.049026,0.479560
155,9,-0.062705,0.258420
155,10,-0.241374,0.202875
155,11,-0.295472,0.258420
155,12,-0.327713,0.036760
155,13,-0.317313,0.239732
155,14,0.167431,0.535105
155,15,0.700037,0.461391
155,16,1.100534,0.941047
155,17,1.098965,0.922360
155,18,0.945258,0.701219
155,19,0.984327,0.110474
155,20,1.092026,1.217732
155,21,0.992140,0.682531
155,22,0.724312,0.239732
155,23,0.754751,0.682531
155,24,0.768283,0.295276
155,25,0.456625,0.258420
155,26,0.374845,0.553273
155,27,0.327282,0.535105
155,28,0.100918,0.129162
155,29,0.307910,0.461391
155,30,0.292800,0.941047
155,31,0.110221,0.147850
155,32,0.001619,0.221563
155,33,-0.101802,0.239732
155,34,-0.251289,0.073617
155,35,-0.258370,0.073617
155,36,-0.280019,0.055448
155,37,-0.259471,-0.387351
155,38,0.247434,0.479560
155,39,0.761322,1.217732
155,40,1.114310,1.936698
155,41,1.079696,1.734245
155,42,0.951738,1.641844
155,43,0.963250,0.996073
155,44,1.092415,0.866815
155,45,0.963321,0.996073
155,46,0.715576,0.461391
155,47,0.803381,0.941047
155,48,0.834997,1.051618
155,49,0.513377,0.645675
155,50,0.394165,0.166018
155,51,0.329177,0.774933
155,52,0.104130,-0.000096
155,53,0.299354,-0.221237
155,54,0.295402,0.166018
155,55,0.138014,-0.036953
155,56,0.036309,0.295276
155,57,-0.046745,0.073617
155,58,-0.211986,0.036760
155,59,-0.221010,0.018591
155,60,-0.265239,-0.018265
155,61,-0.241906,-0.091979
155,62,0.247296,0.663844
155,63,0.716410,1.199044
156,0,1.327721,1.438873
156,1,1.309742,1.014761
156,2,1.059441,1.660013
156,3,1.014243,1.328303
156,4,1.119124,1.383328
156,5,0.956248,1.217732
156,6,0.724271,1.660013
156,7,0.903107,1.789271
156,8,0.899774,1.088474
156,9,0.587987,0.221563
156,10,0.489365,0.848646
156,11,0.429837,1.051618
156,12,0.162912,-0.166211
156,13,0.275632,0.166018
156,14,0.340810,-0.129354
156,15,0.223910,-0.091979
156,16,0.201853,-0.166211
156,17,0.059652,-0.055122
156,18,-0.090520,-0.091979
156,19,-0.105544,-0.036953
156,20,-0.125639,-0.073810
156,21,-0.030868,-0.719581
156,22,0.434911,0.535105
156,23,0.943209,0.811789
156,24,1.232656,0.941047
156,25,1.175560,1.291446
156,26,1.009292,0.829958
156,27,1.006615,0.885503
156,28,1.119503,1.032930
156,29,0.921140,1.051618
156,30,0.716921,0.553273
156,31,0.829956,0.313445
156,32,0.861831,0.276588
156,33,0.604221,0.202875
156,34,0.518166,0.479560
156,35,0.396798,0.498248
156,36,0.173537,0.129162
156,37,0.295480,0.663844
156,38,0.359661,0.276588
156,39,0.271207,-0.073810
156,40,0.207495,-0.258093
156,41,0.098109,0.055448
156,42,-0.055706,-0.129354
156,43,-0.082246,-0.129354
156,44,-0.128030,-0.110667
156,45,-0.034491,-0.368664
156,46,0.387064,0.036760
156,47,0.871376,0.516417
156,48,1.192434,0.516417
156,49,1.161469,0.535105
156,50,0.987572,0.387159
156,51,0.985820,0.405846
156,52,1.126239,0.405846
156,53,0.910626,0.756245
156,54,0.729758,0.276588
156,55,0.802504,0.258420
156,56,0.869495,0.295276
156,57,0.656661,0.276588
156,58,0.570437,0.479560
156,59,0.509920,1.088474
156,60,0.267056,0.405846
156,61,0.374044,0.461391
156,62,0.438084,0.092305
156,63,0.354422,-0.203068
157,0,-0.073858,-0.055122
157,1,-0.109928,-0.018265
157,2,-0.198045,-0.110667
157,3,-0.210961,-0.147523
157,4,-0.241459,-0.129354
157,5,-0.244604,-0.147523
157,6,0.177986,0.313445
157,7,0.633174,0.848646
157,8,0.905437,1.032930
157,9,0.952227,0.996073
157,10,0.843323,0.663844
157,11,0.808780,0.977904
157,12,0.817741,1.199044
157,13,0.690973,0.461391
157,14,0.508723,0.221563
157,15,0.521027,0.295276
157,16,0.486768,0.313445
157,17,0.389023,-0.479753
157,18,0.402111,0.055448
157,19,0.407705,0.221563
157,20,0.184058,-0.110667
157,21,0.370775,0.461391
157,22,0.357700,-0.091979
157,23,0.200804,-0.166211
157,24,0.121928,-0.203068
157,25,0.027976,-0.184380
157,26,-0.101121,-0.203068
157,27,-0.134646,-0.239925
157,28,-0.181896,-0.203068
157,29,-0.190060,-0.497922
157,30,0.212266,-0.055122
157,31,0.721893,0.295276
157,32,1.025347,0.258420
157,33,1.063594,0.110474
157,34,0.975719,0.147850
157,35,0.943960,0.258420
157,36,0.942505,0.202875
157,37,0.803797,-0.073810
157,38,0.636211,-0.091979
157,39,0.631986,0.166018
157,40,0.632771,0.498248
157,41,0.462601,0.774933
157,42,0.463923,0.405846
157,43,0.440383,0.350302
157,44,0.235738,-0.018265
157,45,0.404892,0.129162
157,46,0.439028,0.018591
157,47,0.270980,0.036760
157,48,0.166359,0.276588
157,49,0.036088,0.221563
157,50,-0.110864,0.166018
157,51,-0.153153,0.110474
157,52,-0.198597,0.110474
157,53,-0.191844,-0.313638
157,54,0.203865,-0.018265
157,55,0.713037,0.368990
157,56,1.030358,0.774933
157,57,1.073502,0.719388
157,58,0.969889,0.941047
157,59,0.929687,0.682531
157,60,0.932783,0.553273
157,61,0.795049,0.535105
157,62,0.604496,0.368990
157,63,0.610543,0.387159
158,0,0.405059,0.516417
158,1,0.287327,0.368990
158,2,0.300763,0.313445
158,3,0.338646,0.424534
158,4,0.085520,0.036760
158,5,0.253022,0.442703
158,6,0.270882,0.147850
158,7,0.069764,0.092305
158,8,0.057768,-0.221237
158,9,0.023537,-0.239925
158,10,-0.030144,-0.073810
158,11,-0.046338,-0.036953
158,12,-0.119922,-0.055122
158,13,-0.184939,-0.682724
158,14,0.206797,0.461391
158,15,0.734737,1.125331
158,16,0.984195,1.199044
158,17,0.954213,1.402016
158,18,0.843066,1.438873
158,19,0.856326,0.774933
158,20,0.904741,1.106643
158,21,0.785488,1.475729
158,22,0.593998,0.977904
158,23,0.604654,0.903672
158,24,0.611694,0.848646
158,25,0.435755,-0.091979
158,26,0.407197,0.313445
158,27,0.402981,0.553273
158,28,0.155819,0.018591
158,29,0.256290,0.442703
158,30,0.200917,0.055448
158,31,0.047379,0.110474
158,32,0.040115,-0.166211
158,33,-0.001092,-0.258093
158,34,-0.071701,-0.424208
158,35,-0.080571,-0.387351
158,36,-0.133356,-0.406039
158,37,-0.173252,-0.036953
158,38,0.254252,0.590130
158,39,0.785002,0.885503
158,40,1.012515,1.088474
158,41,0.933756,0.903672
158,42,0.866764,0.996073
158,43,0.843176,1.106643
158,44,0.848909,1.328303
158,45,0.728287,1.291446
158,46,0.584278,1.143500
158,47,0.628690,0.682531
158,48,0.636558,1.328303
158,49,0.459699,0.626987
158,50,0.416422,1.032930
158,51,0.440779,1.125331
158,52,0.160801,0.239732
158,53,0.293001,0.442703
158,54,0.244380,0.682531
158,55,0.092672,-0.036953
158,56,0.086601,0.129162
158,57,0.047492,0.036760
158,58,-0.061893,-0.036953
158,59,-0.085192,-0.000096
158,60,-0.151851,-0.091979
158,61,-0.187065,-0.756438
158,62,0.234800,0.055448
158,63,0.685692,0.498248
159,0,0.840890,1.032930
159,1,0.960295,0.516417
159,2,0.878576,1.162188
159,3,0.864568,1.088474
159,4,0.985616,0.885503
159,5,0.910824,1.402016
159,6,0.702037,0.959216
159,7,0.674373,0.701219
159,8,0.693657,0.719388
159,9,0.507875,0.885503
159,10,0.558993,1.291446
159,11,0.593294,0.442703
159,12,0.305723,-0.719581
159,13,0.430710,-0.424208
159,14,0.328998,0.239732
159,15,0.160577,0.221563
159,16,0.058423,-0.184380
159,17,-0.051878,0.073617
159,18,-0.171322,-0.036953
159,19,-0.197794,0.055448
159,20,-0.255116,0.036760
159,21,-0.312807,0.110474
159,22,0.218879,0.479560
159,23,0.720128,0.848646
159,24,0.912433,1.235901
159,25,0.928052,0.738076
159,26,0.861815,0.996073
159,27,0.848441,0.774933
159,28,0.946361,0.590130
159,29,0.845510,0.332133
159,30,0.662530,0.258420
159,31,0.645528,0.295276
159,32,0.671720,0.535105
159,33,0.473935,0.608818
159,34,0.538651,-0.036953
159,35,0.530071,-0.055122
159,36,0.289731,-0.331807
159,37,0.428260,0.129162
159,38,0.325773,0.313445
159,39,0.174047,0.350302
159,40,0.056004,-0.110667
159,41,-0.036018,0.018591
159,42,-0.153679,-0.110667
159,43,-0.188600,0.018591
159,44,-0.269156,-0.147523
159,45,-0.310018,-0.239925
159,46,0.207438,0.018591
159,47,0.746202,0.663844
159,48,0.999841,0.922360
159,49,1.012997,0.811789
159,50,0.915433,0.350302
159,51,0.887334,0.811789
159,52,0.982485,0.701219
159,53,0.841653,0.626987
159,54,0.671609,0.479560
159,55,0.654638,0.313445
159,56,0.645879,0.885503
159,57,0.451829,0.110474
159,58,0.499151,0.498248
159,59,0.472583,0.313445
159,60,0.246906,-0.036953
159,61,0.361918,0.018591
159,62,0.316647,0.405846
159,63,0.191075,0.018591
160,0,0.048867,-0.055122
160,1,-0.049888,-0.276781
160,2,-0.146538,-0.368664
160,3,-0.176357,-0.129354
160,4,-0.237168,-0.313638
160,5,-0.312812,-0.645348
160,6,0.033070,-0.036953
160,7,0.468270,0.479560
160,8,0.728132,1.254589
160,9,0.765199,1.125331
160,10,0.748387,0.848646
160,11,0.702053,0.756245
160,12,0.672388,1.032930
160,13,0.582737,0.682531
160,14,0.455385,0.848646
160,15,0.444739,0.313445
160,16,0.488890,0.922360
160,17,0.329465,0.018591
160,18,0.341387,0.202875
160,19,0.296534,0.129162
160,20,0.077142,-0.129354
160,21,0.266869,0.184706
160,22,0.339823,0.405846
160,23,0.219314,-0.018265
160,24,0.133920,0.239732
160,25,0.049124,-0.055122
160,26,-0.043119,-0.091979
160,27,-0.068657,-0.036953
160,28,-0.148618,-0.110667
160,29,-0.240526,-0.608492
160,30,0.123240,0.073617
160,31,0.614107,0.977904
160,32,0.916703,0.922360
160,33,0.937958,0.922360
160,34,0.873933,0.922360
160,35,0.822692,0.922360
160,36,0.792600,0.922360
160,37,0.717575,0.922360
160,38,0.572856,0.922360
160,39,0.521748,0.922360
160,40,0.528329,0.922360
160,41,0.365084,0.922360
160,42,0.393857,0.922360
160,43,0.372270,0.922360
160,44,0.131703,0.922360
160,45,0.303625,0.922360
160,46,0.350335,0.922360
160,47,0.178812,0.922360
160,48,0.063297,0.922360
160,49,-0.024980,0.922360
160,50,-0.122421,0.922360
160,51,-0.145273,0.922360
160,52,-0.199455,0.922360
160,53,-0.263652,0.922360
160,54,0.230128,0.922360
160,55,0.805621,0.922360
160,56,1.114271,0.498248
160,57,1.126031,1.162188
160,58,1.062874,1.143500
160,59,0.974139,0.977904
160,60,1.015872,0.811789
160,61,0.944632,0.553273
160,62,0.751486,0.461391
160,63,0.722404,0.553273
161,0,0.680046,0.516417
161,1,0.567301,-0.110667
161,2,0.558090,-0.110667
161,3,0.559892,0.258420
161,4,0.328860,-0.091979
161,5,0.476164,0.221563
161,6,0.442856,-0.147523
161,7,0.297649,-0.055122
161,8,0.230428,-0.055122
161,9,0.152816,-0.073810
161,10,0.089907,-0.184380
161,11,0.097777,-0.073810
161,12,0.076859,-0.055122
161,13,-0.003410,0.442703
161,14,0.451096,0.442703
161,15,0.855975,0.645675
161,16,1.027149,0.793101
161,17,1.013393,0.756245
161,18,0.981581,1.365159
161,19,0.964471,1.235901
161,20,0.966096,0.682531
161,21,0.867195,0.608818
161,22,0.733637,0.498248
161,23,0.684824,0.608818
161,24,0.684756,0.793101
161,25,0.561195,0.184706
161,26,0.536952,0.350302
161,27,0.517579,0.405846
161,28,0.285542,-0.166211
161,29,0.369940,0.387159
161,30,0.328902,0.368990
161,31,0.198240,0.073617
161,32,0.128445,0.239732
161,33,0.057742,0.073617
161,34,-0.009672,-0.036953
161,35,0.001259,0.036760
161,36,-0.026390,0.036760
161,37,-0.091175,0.626987
161,38,0.360528,0.276588
161,39,0.815489,0.701219
161,40,1.025997,0.848646
161,41,1.018018,0.774933
161,42,0.983219,0.682531
161,43,0.948684,1.402016
161,44,0.967399,0.553273
161,45,0.878592,0.516417
161,46,0.746974,0.350302
161,47,0.708581,0.276588
161,48,0.743355,0.682531
161,49,0.593414,0.129162
161,50,0.568445,0.166018
161,51,0.524365,0.590130
161,52,0.257568,-0.239925
161,53,0.340832,0.166018
161,54,0.313071,0.313445
161,55,0.196988,0.184706
161,56,0.110857,0.258420
161,57,0.034501,0.129162
161,58,-0.034459,-0.091979
161,59,-0.007251,-0.110667
161,60,-0.067776,-0.166211
161,61,-0.142640,0.479560
161,62,0.316161,0.129162
161,63,0.722389,0.866815
162,0,0.920458,0.295276
162,1,0.923249,0.461391
162,2,0.911806,1.051618
162,3,0.921847,0.996073
162,4,0.849557,1.125331
162,5,0.710208,0.571961
162,6,0.579951,0.350302
162,7,0.537509,0.516417
162,8,0.610450,0.590130
162,9,0.332718,0.848646
162,10,0.374347,0.461391
162,11,0.382293,0.313445
162,12,0.159539,-0.018265
162,13,0.276836,0.184706
162,14,0.263724,0.424534
162,15,0.158727,0.387159
162,16,0.084315,0.295276
162,17,-0.009959,-0.110667
162,18,-0.098747,-0.036953
162,19,-0.115930,-0.129354
162,20,-0.129291,-0.166211
162,21,-0.098290,-0.258093
162,22,0.290775,0.073617
162,23,0.804379,0.202875
162,24,0.938413,0.129162
162,25,0.937164,0.498248
162,26,0.916385,0.498248
162,27,0.907138,0.645675
162,28,0.871812,0.202875
162,29,0.751992,0.110474
162,30,0.596457,-0.000096
162,31,0.552187,0.073617
162,32,0.598677,0.368990
162,33,0.333622,0.221563
162,34,0.392467,0.479560
162,35,0.352298,0.313445
162,36,0.154738,-0.091979
162,37,0.295110,0.110474
162,38,0.260290,0.276588
162,39,0.157133,0.055448
162,40,0.060339,0.202875
162,41,-0.025989,0.202875
162,42,-0.111289,0.055448
162,43,-0.135465,0.055448
162,44,-0.185750,-0.018265
162,45,-0.184637,-0.737750
162,46,0.168695,0.368990
162,47,0.729978,0.811789
162,48,0.901757,0.811789
162,49,0.915554,-0.221237
162,50,0.857262,0.756245
162,51,0.844230,0.941047
162,52,0.833339,0.756245
162,53,0.708895,0.738076
162,54,0.564517,0.498248
162,55,0.530802,0.590130
162,56,0.571526,0.626987
162,57,0.335768,0.829958
162,58,0.372099,0.848646
162,59,0.331670,0.682531
162,60,0.143441,0.368990
162,61,0.232594,0.461391
162,62,0.233140,0.738076
162,63,0.159601,-0.147523
163,0,0.060952,0.571961
163,1,0.015935,0.258420
163,2,-0.042188,0.350302
163,3,-0.047267,0.202875
163,4,-0.059679,0.092305
163,5,-0.073541,-0.166211
163,6,0.240391,-0.055122
163,7,0.633694,0.350302
163,8,0.727185,0.350302
163,9,0.803199,0.793101
163,10,0.855587,0.903672
163,11,0.826537,1.180357
163,12,0.764819,0.866815
163,13,0.657264,0.571961
163,14,0.548439,0.368990
163,15,0.515291,0.221563
163,16,0.491604,0.202875
163,17,0.425720,0.368990
163,18,0.465733,0.608818
163,19,0.444664,0.479560
163,20,0.244760,-0.203068
163,21,0.349516,0.055448
163,22,0.329597,0.535105
163,23,0.138171,0.110474
163,24,0.074331,0.092305
163,25,0.021503,0.184706
163,26,-0.039897,0.055448
163,27,-0.051714,-0.000096
163,28,-0.065133,-0.000096
163,29,-0.071403,0.073617
163,30,0.293106,0.368990
163,31,0.717860,0.535105
163,32,0.851187,0.682531
163,33,0.909025,0.774933
163,34,0.942572,0.811789
163,35,0.915821,0.866815
163,36,0.847686,0.977904
163,37,0.723948,0.941047
163,38,0.627377,0.793101
163,39,0.586603,0.793101
163,40,0.584324,0.866815
163,41,0.426190,0.018591
163,42,0.433177,0.184706
163,43,0.410651,0.387159
163,44,0.183032,0.258420
163,45,0.279814,0.516417
163,46,0.286593,0.239732
163,47,0.139946,0.073617
163,48,0.064867,-0.203068
163,49,0.004621,-0.073810
163,50,-0.073949,-0.221237
163,51,-0.102951,-0.147523
163,52,-0.096265,-0.000096
163,53,-0.076723,0.350302
163,54,0.274282,0.590130
163,55,0.723842,0.903672
163,56,0.866308,1.199044
163,57,0.898411,1.180357
163,58,0.950314,1.106643
163,59,0.945961,0.959216
163,60,0.855482,0.941047
163,61,0.735138,1.143500
163,62,0.628841,0.959216
163,63,0.600003,0.608818
164,0,0.707721,0.479560
164,1,0.499979,1.346471
164,2,0.525825,2.195214
164,3,0.506272,3.006581
164,4,0.254429,2.914698
164,5,0.376791,2.969724
164,6,0.312278,2.398185
164,7,0.192213,1.328303
164,8,0.109931,-0.036953
164,9,0.045232,0.110474
164,10,-0.023678,0.018591
164,11,-0.020771,0.092305
164,12,-0.000225,0.018591
164,13,0.081153,-0.055122
164,14,0.463381,0.184706
164,15,0.882740,0.553273
164,16,0.992572,0.977904
164,17,1.008887,1.254589
164,18,1.038754,0.977904
164,19,1.044037,1.069786
164,20,0.999421,0.996073
164,21,0.911029,0.774933
164,22,0.789435,0.535105
164,23,0.693883,0.793101
164,24,0.690486,0.977904
164,25,0.518650,1.162188
164,26,0.511358,2.435042
164,27,0.500302,2.508755
164,28,0.270388,2.748584
164,29,0.378053,0.756245
164,30,0.315348,0.387159
164,31,0.192115,-0.129354
164,32,0.109509,-0.073810
164,33,0.046636,-0.184380
164,34,-0.018887,-0.276781
164,35,-0.013411,-0.110667
164,36,-0.003993,-0.166211
164,37,0.063835,0.129162
164,38,0.417521,0.405846
164,39,0.849012,0.738076
164,40,0.951545,0.811789
164,41,0.961999,1.106643
164,42,0.997285,1.199044
164,43,0.987029,1.457041
164,44,0.942560,1.125331
164,45,0.852094,1.143500
164,46,0.730479,0.941047
164,47,0.635333,1.032930
164,48,0.650487,0.977904
164,49,0.480159,-0.110667
164,50,0.503449,2.065956
164,51,0.488248,2.785440
164,52,0.226468,2.232070
164,53,0.310829,2.582469
164,54,0.255788,2.619325
164,55,0.153265,1.494417
164,56,0.068141,0.498248
164,57,0.006166,0.239732
164,58,-0.048256,0.387159
164,59,-0.045734,0.350302
164,60,-0.055213,0.424534
164,61,-0.015812,0.147850
164,62,0.319386,0.701219
164,63,0.728437,0.553273
165,0,0.941793,1.383328
165,1,1.049150,1.162188
165,2,1.117637,0.829958
165,3,1.079128,0.941047
165,4,1.000519,0.941047
165,5,0.928921,1.143500
165,6,0.835808,0.738076
165,7,0.780129,0.848646
165,8,0.806914,0.553273
165,9,1.006041,0.092305
165,10,1.810012,1.069786
165,11,2.324101,0.793101
165,12,2.072834,0.073617
165,13,1.723830,1.180357
165,14,1.364713,0.922360
165,15,0.810967,0.461391
165,16,0.366416,0.036760
165,17,0.206123,0.202875
165,18,0.145552,0.295276
165,19,0.109241,0.276588
165,20,0.090627,0.184706
165,21,0.122718,-0.294950
165,22,0.392113,0.387159
165,23,0.662392,0.977904
165,24,0.910512,1.014761
165,25,1.005074,0.793101
165,26,1.055523,0.682531
165,27,1.030015,0.682531
165,28,0.953372,0.608818
165,29,0.858800,0.885503
165,30,0.767746,0.645675
165,31,0.722250,0.903672
165,32,0.741997,0.756245
165,33,0.900807,-0.221237
165,34,1.404317,-0.073810
165,35,1.728886,-0.276781
165,36,1.489841,-0.000096
165,37,1.318414,0.018591
165,38,1.089665,0.092305
165,39,0.722608,-0.073810
165,40,0.349481,-0.129354
165,41,0.204971,-0.166211
165,42,0.179867,0.608818
165,43,0.144180,0.110474
165,44,0.089787,0.092305
165,45,0.089055,-0.497922
165,46,0.333356,0.553273
165,47,0.624650,0.719388
165,48,0.864343,1.180357
165,49,0.981327,1.106643
165,50,1.030545,0.996073
165,51,1.032616,0.848646
165,52,0.938121,0.571961
165,53,0.808021,0.313445
165,54,0.714301,-0.000096
165,55,0.636176,0.332133
165,56,0.607359,0.756245
165,57,0.666939,0.129162
165,58,0.943546,0.424534
165,59,1.078495,0.461391
165,60,0.989517,0.184706
165,61,0.906648,0.442703
165,62,0.768836,0.719388
165,63,0.514523,0.626987
166,0,0.380481,0.516417
166,1,0.289155,0.276588
166,2,0.249805,0.258420
166,3,0.202941,0.424534
166,4,0.140561,0.258420
166,5,0.130343,-0.036953
166,6,0.414509,0.368990
166,7,0.756952,0.608818
166,8,0.908984,0.461391
166,9,0.956545,0.553273
166,10,0.950237,0.626987
166,11,0.897723,0.903672
166,12,0.800426,0.701219
166,13,0.699048,0.590130
166,14,0.604367,0.479560
166,15,0.570619,0.498248
166,16,0.537809,0.626987
166,17,0.410109,0.793101
166,18,0.613676,0.535105
166,19,0.729092,0.166018
166,20,0.575832,0.055448
166,21,0.671044,0.461391
166,22,0.563672,0.387159
166,23,0.370293,-0.387351
166,24,0.172781,-0.166211
166,25,0.100444,-0.073810
166,26,0.090424,0.313445
166,27,0.077921,0.147850
166,28,0.064441,0.129162
166,29,0.078015,-0.313638
166,30,0.410721,0.626987
166,31,0.787400,1.420185
166,32,0.996945,1.051618
166,33,1.047723,1.180357
166,34,1.021095,1.162188
166,35,0.993773,1.199044
166,36,0.912535,1.365159
166,37,0.817463,0.959216
166,38,0.717303,0.866815
166,39,0.670704,0.885503
166,40,0.643679,0.719388
166,41,0.547315,0.258420
166,42,0.847660,0.368990
166,43,0.941622,0.498248
166,44,0.662829,-0.110667
166,45,0.777759,0.498248
166,46,0.691908,0.387159
166,47,0.430345,0.018591
166,48,0.206807,-0.110667
166,49,0.120124,0.036760
166,50,0.078588,-0.000096
166,51,0.052729,-0.091979
166,52,0.022136,-0.091979
166,53,0.028102,0.110474
166,54,0.347411,0.442703
166,55,0.758469,0.701219
166,56,0.978242,0.663844
166,57,1.021158,0.959216
166,58,0.999944,0.645675
166,59,0.959227,0.903672
166,60,0.872830,0.608818
166,61,0.785341,0.738076
166,62,0.684016,0.663844
166,63,0.650714,0.626987
167,0,0.712729,0.498248
167,1,0.471603,0.756245
167,2,0.570326,0.553273
167,3,0.508592,0.738076
167,4,0.229949,-0.664036
167,5,0.464511,0.036760
167,6,0.440907,0.424534
167,7,0.197943,0.055448
167,8,0.096139,0.350302
167,9,0.058855,0.092305
167,10,0.046862,-0.036953
167,11,0.051161,-0.166211
167,12,0.022194,-0.258093
167,13,0.046380,-0.461065
167,14,0.425321,0.166018
167,15,0.853678,0.719388
167,16,0.934118,0.535105
167,17,0.915067,0.793101
167,18,0.938266,0.774933
167,19,0.988493,0.498248
167,20,0.885616,0.682531
167,21,0.764530,0.553273
167,22,0.670066,0.110474
167,23,0.641046,0.663844
167,24,0.656536,0.829958
167,25,0.457544,0.350302
167,26,0.533007,0.701219
167,27,0.514182,0.590130
167,28,0.245503,-0.313638
167,29,0.471002,0.202875
167,30,0.459662,0.258420
167,31,0.222627,0.129162
167,32,0.110082,0.073617
167,33,0.059147,-0.018265
167,34,0.038736,0.073617
167,35,0.035253,0.147850
167,36,-0.000929,0.092305
167,37,0.011374,-0.184380
167,38,0.382220,0.405846
167,39,0.791474,0.701219
167,40,0.887119,0.645675
167,41,0.865466,0.498248
167,42,0.885624,0.498248
167,43,0.928659,0.608818
167,44,0.825886,0.701219
167,45,0.713683,0.719388
167,46,0.612188,0.442703
167,47,0.578149,0.774933
167,48,0.612347,0.903672
167,49,0.404478,0.922360
167,50,0.472256,0.885503
167,51,0.474129,-0.166211
167,52,0.215210,-0.350495
167,53,0.422425,0.553273
167,54,0.403947,0.405846
167,55,0.201422,0.018591
167,56,0.092264,-0.055122
167,57,0.052120,0.110474
167,58,0.044464,-0.000096
167,59,0.040247,-0.000096
167,60,-0.010686,0.018591
167,61,-0.005965,-0.516609
167,62,0.333562,0.258420
167,63,0.751501,0.535105
168,0,0.671809,0.479560
168,1,0.716099,0.701219
168,2,0.768752,0.903672
168,3,0.805087,0.608818
168,4,0.781572,0.645675
168,5,0.667144,0.626987
168,6,0.579001,0.368990
168,7,0.612410,0.461391
168,8,0.689738,0.535105
168,9,0.509096,0.036760
168,10,0.515440,0.166018
168,11,0.414350,0.221563
168,12,0.163048,0.073617
168,13,0.343494,0.276588
168,14,0.340156,0.202875
168,15,0.179502,0.350302
168,16,0.081014,0.147850
168,17,0.017578,0.073617
168,18,-0.011306,0.221563
168,19,-0.006984,0.258420
168,20,-0.059627,0.018591
168,21,-0.114638,-0.036953
168,22,0.267667,0.166018
168,23,0.636064,0.885503
168,24,0.719257,1.235901
168,25,0.748295,1.125331
168,26,0.798900,1.069786
168,27,0.815567,1.088474
168,28,0.767317,1.106643
168,29,0.625667,0.811789
168,30,0.518830,0.184706
168,31,0.557074,0.535105
168,32,0.631492,0.756245
168,33,0.478480,-0.055122
168,34,0.511911,0.461391
168,35,0.432722,0.387159
168,36,0.141027,0.184706
168,37,0.363729,0.424534
168,38,0.353439,0.535105
168,39,0.202573,0.018591
168,40,0.105841,0.110474
168,41,0.041571,0.036760
168,42,0.007882,0.018591
168,43,-0.001760,0.036760
168,44,-0.046769,-0.000096
168,45,-0.064881,-0.258093
168,46,0.341404,0.129162
168,47,0.693969,0.866815
168,48,0.756372,0.903672
168,49,0.780742,0.848646
168,50,0.805914,0.941047
168,51,0.816803,0.848646
168,52,0.786917,0.663844
168,53,0.651437,0.645675
168,54,0.564247,0.774933
168,55,0.605622,0.682531
168,56,0.640402,0.774933
168,57,0.463033,0.055448
168,58,0.514143,0.184706
168,59,0.458622,0.110474
168,60,0.166839,-0.055122
168,61,0.398882,0.110474
168,62,0.342908,0.498248
168,63,0.173544,-0.036953
169,0,0.049918,-0.184380
169,1,0.008647,-0.221237
169,2,-0.010289,-0.073810
169,3,-0.014799,-0.091979
169,4,-0.034421,-0.091979
169,5,-0.012386,-0.682724
169,6,0.357335,-0.091979
169,7,0.806598,0.147850
169,8,0.812290,0.608818
169,9,0.871081,0.811789
169,10,0.894753,0.959216
169,11,0.888229,1.051618
169,12,0.806532,1.014761
169,13,0.668241,0.885503
169,14,0.584472,0.516417
169,15,0.643819,0.811789
169,16,0.677023,1.069786
169,17,0.348643,0.903672
169,18,0.475781,0.738076
169,19,0.464479,1.014761
169,20,0.103157,-0.000096
169,21,0.403627,0.608818
169,22,0.411948,0.885503
169,23,0.194766,0.571961
169,24,0.093803,0.405846
169,25,0.053071,0.774933
169,26,0.025942,0.405846
169,27,0.000649,0.036760
169,28,-0.036091,0.018591
169,29,-0.028377,0.147850
169,30,0.344353,0.018591
169,31,0.803608,0.442703
169,32,0.842432,0.276588
169,33,0.877721,0.479560
169,34,0.907066,0.571961
169,35,0.915651,0.479560
169,36,0.832030,0.571961
169,37,0.701548,0.295276
169,38,0.624316,0.147850
169,39,0.642656,0.202875
169,40,0.706506,0.461391
169,41,0.371555,0.535105
169,42,0.477619,0.535105
169,43,0.467081,0.608818
169,44,0.090491,0.645675
169,45,0.377349,0.663844
169,46,0.442767,0.498248
169,47,0.222823,0.368990
169,48,0.117357,0.313445
169,49,0.065968,0.350302
169,50,0.024371,0.202875
169,51,-0.001706,0.166018
169,52,-0.042590,0.110474
169,53,-0.043071,-0.461065
169,54,0.301865,0.221563
169,55,0.764716,0.848646
169,56,0.771993,0.626987
169,57,0.839154,0.811789
169,58,0.869717,0.756245
169,59,0.895436,0.903672
169,60,0.829685,1.162188
169,61,0.699619,0.793101
169,62,0.600739,0.276588
169,63,0.647540,0.626987
170,0,0.651167,0.701219
170,1,0.520842,0.276588
170,2,0.598099,0.184706
170,3,0.513180,0.590130
170,4,0.274939,0.184706
170,5,0.527382,0.350302
170,6,0.547093,0.387159
170,7,0.303452,0.590130
170,8,0.207023,0.590130
170,9,0.182765,0.368990
170,10,0.182626,0.202875
170,11,0.140474,0.535105
170,12,0.031577,0.368990
170,13,-0.104115,-0.036953
170,14,0.309376,-0.221237
170,15,0.747540,0.147850
170,16,0.803025,0.147850
170,17,0.822930,0.295276
170,18,0.830910,0.276588
170,19,0.842270,0.276588
170,20,0.853545,0.258420
170,21,0.677304,0.110474
170,22,0.519712,-0.221237
170,23,0.569231,-0.000096
170,24,0.648902,0.184706
170,25,0.480022,-0.036953
170,26,0.546250,0.036760
170,27,0.476522,0.018591
170,28,0.256555,-0.073810
170,29,0.499065,0.553273
170,30,0.497592,0.258420
170,31,0.294743,0.239732
170,32,0.195538,-0.073810
170,33,0.176819,0.147850
170,34,0.175894,0.055448
170,35,0.140911,-0.073810
170,36,0.033945,-0.184380
170,37,-0.109628,0.018591
170,38,0.274958,0.239732
170,39,0.722712,0.516417
170,40,0.764606,0.184706
170,41,0.778790,0.461391
170,42,0.807818,0.055448
170,43,0.822335,0.535105
170,44,0.825842,0.442703
170,45,0.659495,0.295276
170,46,0.484103,-0.018265
170,47,0.535953,0.295276
170,48,0.603025,0.461391
170,49,0.439221,0.073617
170,50,0.436504,0.239732
170,51,0.382887,0.110474
170,52,0.190164,0.332133
170,53,0.414769,0.498248
170,54,0.384804,0.295276
170,55,0.224826,0.129162
170,56,0.145101,0.202875
170,57,0.144447,0.202875
170,58,0.169797,0.313445
170,59,0.143370,0.258420
170,60,0.021704,0.258420
170,61,-0.118369,-0.239925
170,62,0.263292,0.147850
170,63,0.700168,0.092305
171,0,0.314438,0.147850
171,1,0.415623,0.295276
171,2,0.458891,0.129162
171,3,0.492592,-0.055122
171,4,0.516360,-0.239925
171,5,0.370226,-0.000096
171,6,0.250166,-0.166211
171,7,0.291096,0.055448
171,8,0.322981,0.073617
171,9,0.215358,0.313445
171,10,0.255668,0.295276
171,11,0.257564,0.571961
171,12,0.201092,-0.110667
171,13,0.372783,0.073617
171,14,0.347992,0.184706
171,15,0.221208,0.166018
171,16,0.141066,-0.110667
171,17,0.107661,-0.110667
171,18,0.108527,-0.184380
171,19,0.089944,-0.147523
171,20,0.000218,-0.203068
171,21,-0.089696,-0.000096
171,22,0.123619,0.110474
171,23,0.464096,0.442703
171,24,0.522575,0.295276
171,25,0.589511,0.498248
171,26,0.600706,0.129162
171,27,0.621768,0.221563
171,28,0.648114,0.036760
171,29,0.482715,0.295276
171,30,0.334394,-0.294950
171,31,0.399938,0.092305
171,32,0.449769,0.498248
171,33,0.290712,0.479560
171,34,0.323834,0.147850
171,35,0.297513,0.313445
171,36,0.207565,0.276588
171,37,0.413485,0.055448
171,38,0.371840,0.350302
171,39,0.226202,0.147850
171,40,0.111145,0.092305
171,41,0.074022,-0.000096
171,42,0.074168,-0.110667
171,43,0.055992,-0.000096
171,44,-0.025519,-0.018265
171,45,-0.085319,0.313445
171,46,0.156927,0.368990
171,47,0.566794,0.424534
171,48,0.639584,0.645675
171,49,0.685831,0.682531
171,50,0.682023,0.885503
171,51,0.691931,0.645675
171,52,0.702245,0.719388
171,53,0.544089,0.941047
171,54,0.406483,0.184706
171,55,0.479525,0.535105
171,56,0.535148,0.793101
171,57,0.349698,0.276588
171,58,0.411245,0.110474
171,59,0.376313,0.129162
171,60,0.252173,-0.091979
171,61,0.487975,0.258420
171,62,0.428231,0.055448
171,63,0.269936,-0.055122
172,0,0.021341,-0.203068
172,1,-0.013701,-0.184380
172,2,-0.044419,-0.110667
172,3,-0.051922,0.202875
172,4,-0.059708,0.239732
172,5,-0.050976,-0.276781
172,6,0.195962,0.018591
172,7,0.503769,0.701219
172,8,0.574736,0.774933
172,9,0.649446,0.774933
172,10,0.650858,0.774933
172,11,0.658351,0.774933
172,12,0.668545,0.774933
172,13,0.503915,0.774933
172,14,0.329588,0.774933
172,15,0.408850,0.774933
172,16,0.502626,0.774933
172,17,0.369812,0.774933
172,18,0.325252,0.774933
172,19,0.296542,0.774933
172,20,0.160746,0.774933
172,21,0.314933,0.774933
172,22,0.282579,0.774933
172,23,0.187177,0.774933
172,24,0.115094,0.774933
172,25,0.074018,0.774933
172,26,0.038076,0.774933
172,27,0.024800,0.774933
172,28,0.007281,0.774933
172,29,0.003978,0.774933
172,30,0.240694,0.774933
172,31,0.560287,0.774933
172,32,0.657478,1.217732
172,33,0.725490,1.217732
172,34,0.727779,1.420185
172,35,0.736220,1.402016
172,36,0.730214,0.866815
172,37,0.585859,0.184706
172,38,0.417278,0.626987
172,39,0.474473,0.608818
172,40,0.550341,0.793101
172,41,0.385026,-0.000096
172,42,0.334802,0.553273
172,43,0.298014,0.387159
172,44,0.160012,0.313445
172,45,0.302529,0.442703
172,46,0.281303,0.332133
172,47,0.179553,0.387159
172,48,0.089197,0.313445
172,49,0.033613,0.350302
172,50,-0.007929,0.166018
172,51,-0.029427,0.590130
172,52,-0.063621,0.461391
172,53,-0.086779,-0.129354
172,54,0.152795,0.405846
172,55,0.476933,0.571961
172,56,0.548148,0.701219
172,57,0.622115,0.498248
172,58,0.632699,1.014761
172,59,0.637857,0.885503
172,60,0.635710,0.682531
172,61,0.498066,0.498248
172,62,0.322208,0.276588
172,63,0.400966,0.498248
173,0,0.598835,0.682531
173,1,0.407426,-0.036953
173,2,0.428521,-0.000096
173,3,0.396762,0.701219
173,4,0.322482,0.239732
173,5,0.426973,0.184706
173,6,0.410988,0.258420
173,7,0.328246,0.239732
173,8,0.270475,-0.110667
173,9,0.229261,-0.091979
173,10,0.221479,0.036760
173,11,0.231802,0.073617
173,12,0.209244,0.202875
173,13,0.174298,0.461391
173,14,0.382412,0.719388
173,15,0.682929,0.941047
173,16,0.830530,1.162188
173,17,0.901747,0.996073
173,18,0.932887,1.014761
173,19,0.925038,0.774933
173,20,0.871984,1.125331
173,21,0.753418,0.701219
173,22,0.640182,0.295276
173,23,0.656858,0.941047
173,24,0.674098,0.959216
173,25,0.485962,0.756245
173,26,0.470204,1.254589
173,27,0.430215,0.885503
173,28,0.344710,0.811789
173,29,0.419583,0.166018
173,30,0.389614,0.332133
173,31,0.281148,-0.073810
173,32,0.215478,0.424534
173,33,0.174640,0.461391
173,34,0.161209,0.516417
173,35,0.150324,0.663844
173,36,0.114855,0.848646
173,37,0.066247,0.239732
173,38,0.267100,0.535105
173,39,0.567391,0.701219
173,40,0.700081,0.645675
173,41,0.755587,0.626987
173,42,0.786929,0.424534
173,43,0.773971,0.682531
173,44,0.729750,0.498248
173,45,0.622982,0.332133
173,46,0.524727,0.092305
173,47,0.563867,0.276588
173,48,0.603887,0.295276
173,49,0.441313,0.516417
173,50,0.434323,0.701219
173,51,0.395836,0.682531
173,52,0.305170,0.516417
173,53,0.404427,1.586299
173,54,0.367099,1.069786
173,55,0.281735,0.295276
173,56,0.211915,0.147850
173,57,0.175222,0.221563
173,58,0.167448,0.276588
173,59,0.161060,0.590130
173,60,0.121598,0.608818
173,61,0.074996,0.590130
173,62,0.281591,0.793101
173,63,0.577317,1.438873
174,0,1.265937,1.346471
174,1,1.223959,1.402016
174,2,1.192782,1.088474
174,3,1.151933,0.774933
174,4,1.111560,1.051618
174,5,0.929688,0.811789
174,6,0.804964,0.682531
174,7,0.875860,1.125331
174,8,0.875254,0.535105
174,9,0.765361,0.498248
174,10,0.768516,0.147850
174,11,0.730030,0.682531
174,12,0.615797,0.461391
174,13,0.622922,0.719388
174,14,0.573259,0.332133
174,15,0.451714,0.202875
174,16,0.403906,0.239732
174,17,0.365238,0.368990
174,18,0.344949,0.110474
174,19,0.345533,0.516417
174,20,0.323939,0.626987
174,21,0.306357,0.129162
174,22,0.485643,1.106643
174,23,0.816840,1.383328
174,24,0.873685,1.180357
174,25,0.891615,1.531274
174,26,0.891263,0.996073
174,27,0.865089,0.719388
174,28,0.818944,0.719388
174,29,0.668231,0.368990
174,30,0.555029,0.424534
174,31,0.627224,0.626987
174,32,0.629276,0.682531
174,33,0.553504,0.147850
174,34,0.558727,0.221563
174,35,0.517754,0.590130
174,36,0.415711,0.387159
174,37,0.462576,0.442703
174,38,0.430374,0.092305
174,39,0.333102,0.110474
174,40,0.288572,-0.000096
174,41,0.262451,0.055448
174,42,0.245326,0.147850
174,43,0.233943,0.535105
174,44,0.221429,0.608818
174,45,0.229607,0.055448
174,46,0.435801,0.793101
174,47,0.762420,0.977904
174,48,0.864564,1.125331
174,49,0.918863,0.756245
174,50,0.921876,0.811789
174,51,0.908628,0.941047
174,52,0.876236,0.756245
174,53,0.741471,0.479560
174,54,0.639588,0.387159
174,55,0.690224,0.258420
174,56,0.697372,0.202875
174,57,0.608070,0.110474
174,58,0.615673,0.276588
174,59,0.592026,0.239732
174,60,0.499852,0.516417
174,61,0.541912,0.387159
174,62,0.520546,0.166018
174,63,0.431084,0.110474
175,0,0.185179,-0.036953
175,1,0.172830,0.036760
175,2,0.172933,-0.000096
175,3,0.220517,0.276588
175,4,0.216377,0.479560
175,5,0.177868,-0.018265
175,6,0.424786,0.922360
175,7,0.767396,0.442703
175,8,0.812878,0.516417
175,9,0.844865,0.166018
175,10,0.808801,0.276588
175,11,0.762395,0.295276
175,12,0.681770,0.313445
175,13,0.521723,0.073617
175,14,0.396467,0.036760
175,15,0.416796,0.110474
175,16,0.367872,0.608818
175,17,0.271416,0.055448
175,18,0.290537,-0.239925
175,19,0.315081,0.166018
175,20,0.299502,0.258420
175,21,0.331263,0.313445
175,22,0.287536,0.166018
175,23,0.218204,-0.147523
175,24,0.176546,-0.313638
175,25,0.160555,-0.331807
175,26,0.153595,-0.018265
175,27,0.196942,0.276588
175,28,0.208284,0.701219
175,29,0.188520,0.258420
175,30,0.451103,0.387159
175,31,0.813119,0.682531
175,32,0.876796,0.368990
175,33,0.908247,0.295276
175,34,0.871847,0.036760
175,35,0.829020,0.166018
175,36,0.757668,0.036760
175,37,0.610382,-0.055122
175,38,0.507067,-0.258093
175,39,0.561005,0.036760
175,40,0.527511,0.221563
175,41,0.400495,0.313445
175,42,0.400663,0.461391
175,43,0.419346,0.073617
175,44,0.381567,0.036760
175,45,0.408849,-0.018265
175,46,0.378284,-0.000096
175,47,0.309930,-0.313638
175,48,0.260839,-0.294950
175,49,0.237283,0.239732
175,50,0.228968,0.055448
175,51,0.257476,0.202875
175,52,0.252014,0.313445
175,53,0.214167,-0.166211
175,54,0.451002,0.535105
175,55,0.809701,0.535105
175,56,0.863382,0.461391
175,57,0.888404,0.239732
175,58,0.842934,0.036760
175,59,0.788734,0.332133
175,60,0.707366,0.276588
175,61,0.555447,0.110474
175,62,0.442808,-0.036953
175,63,0.496949,0.350302
176,0,0.182588,0.738076
176,1,0.081923,0.221563
176,2,0.100201,0.202875
176,3,0.129216,0.129162
176,4,0.122943,0.073617
176,5,0.109697,0.110474
176,6,0.056420,-0.221237
176,7,-0.015642,-0.276781
176,8,-0.045473,-0.018265
176,9,-0.040499,0.055448
176,10,-0.005564,0.129162
176,11,0.129363,0.202875
176,12,0.136786,0.424534
176,13,0.069520,1.309615
176,14,0.300693,0.977904
176,15,0.553265,0.405846
176,16,0.502170,0.424534
176,17,0.434371,0.461391
176,18,0.378510,0.073617
176,19,0.394590,-0.036953
176,20,0.332572,-0.036953
176,21,0.193317,-0.000096
176,22,0.129814,-0.258093
176,23,0.222817,-0.000096
176,24,0.275361,0.147850
176,25,0.185393,0.110474
176,26,0.209571,-0.091979
176,27,0.243136,0.036760
176,28,0.234932,0.221563
176,29,0.226793,-0.166211
176,30,0.168185,-0.091979
176,31,0.083154,-0.313638
176,32,0.047012,-0.497922
176,33,0.048965,-0.461065
176,34,0.081826,-0.406039
176,35,0.195359,-0.073810
176,36,0.216243,0.221563
176,37,0.169696,0.129162
176,38,0.428388,0.239732
176,39,0.712123,0.239732
176,40,0.675094,0.184706
176,41,0.601379,0.055448
176,42,0.536082,-0.147523
176,43,0.534804,-0.239925
176,44,0.478673,-0.055122
176,45,0.317613,-0.055122
176,46,0.231787,-0.294950
176,47,0.316693,0.129162
176,48,0.352939,0.092305
176,49,0.214574,-0.018265
176,50,0.207939,0.184706
176,51,0.234014,0.184706
176,52,0.226129,0.350302
176,53,0.206177,0.498248
176,54,0.132800,0.258420
176,55,0.046082,0.018591
176,56,0.005968,-0.239925
176,57,0.001609,-0.221237
176,58,0.034176,-0.166211
176,59,0.158102,-0.000096
176,60,0.173219,0.184706
176,61,0.118940,0.350302
176,62,0.351781,0.258420
176,63,0.626501,0.018591
177,0,0.154034,-0.091979
177,1,0.148066,-0.166211
177,2,0.082252,-0.221237
177,3,0.071530,-0.258093
177,4,0.072144,-0.276781
177,5,0.003923,-0.276781
177,6,-0.065150,-0.258093
177,7,0.066122,-0.166211
177,8,0.157471,-0.129354
177,9,0.107502,-0.203068
177,10,0.110840,-0.036953
177,11,0.184045,0.166018
177,12,0.180895,0.350302
177,13,0.159339,0.295276
177,14,0.072985,-0.000096
177,15,-0.016797,-0.258093
177,16,-0.086728,-0.387351
177,17,-0.104831,-0.350495
177,18,-0.070877,-0.239925
177,19,0.045431,-0.110667
177,20,0.142187,0.018591
177,21,0.157062,0.166018
177,22,0.291566,0.073617
177,23,0.355662,-0.036953
177,24,0.352054,-0.166211
177,25,0.319803,-0.239925
177,26,0.246551,-0.313638
177,27,0.230952,-0.313638
177,28,0.210663,-0.294950
177,29,0.113215,-0.331807
177,30,0.019760,-0.313638
177,31,0.147147,-0.221237
177,32,0.215845,-0.203068
177,33,0.142968,-0.313638
177,34,0.133239,-0.184380
177,35,0.186608,-0.294950
177,36,0.196290,0.036760
177,37,0.171057,-0.387351
177,38,0.077508,-0.313638
177,39,-0.005383,-0.331807
177,40,-0.079197,-0.258093
177,41,-0.101610,-0.147523
177,42,-0.063686,-0.110667
177,43,0.059134,0.073617
177,44,0.133316,0.036760
177,45,0.141426,0.055448
177,46,0.263362,-0.000096
177,47,0.349725,-0.091979
177,48,0.348133,-0.239925
177,49,0.289437,-0.294950
177,50,0.213623,-0.294950
177,51,0.190904,-0.313638
177,52,0.153936,-0.331807
177,53,0.073741,-0.294950
177,54,-0.000262,-0.313638
177,55,0.142167,-0.221237
177,56,0.219737,-0.091979
177,57,0.146482,-0.166211
177,58,0.131662,-0.221237
177,59,0.191669,-0.184380
177,60,0.188879,-0.276781
177,61,0.178137,-0.203068
177,62,0.098993,-0.166211
177,63,0.031774,-0.073810
178,0,-0.218448,0.073617
178,1,-0.196456,0.073617
178,2,-0.127521,0.018591
178,3,-0.013558,0.147850
178,4,0.060185,0.221563
178,5,0.086253,0.166018
178,6,0.066024,0.129162
178,7,-0.007294,0.055448
178,8,-0.078508,-0.073810
178,9,-0.142812,-0.203068
178,10,-0.201800,-0.258093
178,11,-0.214306,-0.258093
178,12,-0.222818,-0.294950
178,13,-0.230679,-0.276781
178,14,-0.228409,-0.276781
178,15,-0.144100,-0.276781
178,16,-0.094482,-0.166211
178,17,-0.108189,-0.221237
178,18,-0.117276,-0.258093
178,19,-0.111075,-0.221237
178,20,-0.107417,-0.276781
178,21,-0.128859,-0.258093
178,22,-0.165142,-0.258093
178,23,-0.185649,-0.313638
178,24,-0.193327,-0.294950
178,25,-0.157720,-0.239925
178,26,-0.082633,-0.110667
178,27,0.030585,0.018591
178,28,0.106423,0.092305
178,29,0.132010,0.018591
178,30,0.108954,-0.000096
178,31,0.040355,-0.073810
178,32,-0.040070,-0.184380
178,33,-0.115574,-0.258093
178,34,-0.182410,-0.294950
178,35,-0.193497,-0.331807
178,36,-0.194478,-0.313638
178,37,-0.200195,-0.313638
178,38,-0.192234,-0.313638
178,39,-0.103205,-0.258093
178,40,-0.037101,-0.129354
178,41,-0.058347,-0.368664
178,42,-0.060409,-0.221237
178,43,-0.052195,0.073617
178,44,-0.050492,0.129162
178,45,-0.071161,0.239732
178,46,-0.114088,0.018591
178,47,-0.144911,-0.221237
178,48,-0.159639,-0.424208
178,49,-0.138770,-0.424208
178,50,-0.079459,-0.276781
178,51,0.049988,-0.129354
178,52,0.113486,0.036760
178,53,0.155668,0.036760
178,54,0.170816,-0.018265
178,55,0.098189,-0.110667
178,56,0.022571,-0.110667
178,57,-0.054518,-0.258093
178,58,-0.124515,-0.258093
178,59,-0.144244,-0.331807
178,60,-0.147225,-0.331807
178,61,-0.148661,-0.331807
178,62,-0.137310,-0.331807
178,63,-0.030015,-0.294950
179,0,-0.196272,-0.129354
179,1,-0.232034,-0.221237
179,2,-0.213888,-0.331807
179,3,-0.160575,-0.313638
179,4,-0.142279,-0.276781
179,5,-0.169914,-0.239925
179,6,-0.225920,-0.166211
179,7,-0.278613,-0.000096
179,8,-0.286034,-0.110667
179,9,-0.269676,-0.073810
179,10,-0.199279,0.073617
179,11,-0.072972,0.129162
179,12,0.005466,0.184706
179,13,0.017335,0.110474
179,14,-0.011935,0.018591
179,15,-0.082717,-0.055122
179,16,-0.155123,-0.166211
179,17,-0.213290,-0.221237
179,18,-0.257754,-0.258093
179,19,-0.276904,-0.276781
179,20,-0.280180,-0.294950
179,21,-0.293872,-0.331807
179,22,-0.291556,-0.331807
179,23,-0.250763,-0.294950
179,24,-0.207763,-0.184380
179,25,-0.228147,-0.166211
179,26,-0.203970,-0.258093
179,27,-0.130755,-0.276781
179,28,-0.089686,-0.221237
179,29,-0.125968,-0.184380
179,30,-0.193764,-0.184380
179,31,-0.258341,-0.166211
179,32,-0.281463,-0.073810
179,33,-0.264561,-0.129354
179,34,-0.192738,-0.055122
179,35,-0.066602,0.184706
179,36,0.023448,0.166018
179,37,0.049375,0.147850
179,38,0.034644,0.092305
179,39,-0.029933,-0.000096
179,40,-0.114179,-0.129354
179,41,-0.181154,-0.221237
179,42,-0.226076,-0.239925
179,43,-0.250319,-0.258093
179,44,-0.259702,-0.350495
179,45,-0.273683,-0.350495
179,46,-0.273904,-0.331807
179,47,-0.233461,-0.294950
179,48,-0.172495,-0.055122
179,49,-0.213825,-0.110667
179,50,-0.199262,-0.203068
179,51,-0.154847,-0.166211
179,52,-0.118344,-0.147523
179,53,-0.131106,-0.091979
179,54,-0.202032,-0.073810
179,55,-0.268331,-0.073810
179,56,-0.273431,-0.000096
179,57,-0.250373,-0.018265
179,58,-0.177162,0.073617
179,59,-0.039113,0.202875
179,60,0.023219,0.295276
179,61,0.032641,0.258420
179,62,0.014107,0.166018
179,63,-0.037191,0.129162
180,0,-0.146098,-0.396437
180,1,-0.213855,-0.754026
180,2,-0.319878,-0.544944
180,3,-0.411228,-0.783336
180,4,-0.416911,-0.456035
180,5,0.049594,-0.307528
180,6,0.248464,0.169256
180,7,0.376397,0.258165
180,8,-0.167241,0.079371
180,9,-0.392015,-0.099424
180,10,-0.249773,0.227877
180,11,-0.214944,0.287475
180,12,-0.710560,-0.069136
180,13,-0.769513,-0.544944
180,14,-0.770782,-0.604542
180,15,-0.757526,-0.456035
180,16,-0.459502,-0.009538
180,17,0.060913,0.555178
180,18,0.117028,0.555178
180,19,0.316584,0.733973
180,20,0.170197,0.585466
180,21,-0.142232,-0.159022
180,22,-0.325123,-0.159022
180,23,-0.369447,-0.039826
180,24,-0.407767,-0.664140
180,25,-0.448066,-0.336839
180,26,-0.549586,-0.634830
180,27,-0.613396,-0.575231
180,28,-0.588177,-0.813624
180,29,-0.156194,-0.009538
180,30,0.165138,-0.069136
180,31,0.323388,0.525868
180,32,-0.129013,0.227877
180,33,-0.315461,-0.069136
180,34,-0.148307,0.109658
180,35,-0.071939,0.377361
180,36,-0.601623,-0.456035
180,37,-0.681677,-0.486323
180,38,-0.687786,-0.396437
180,39,-0.679512,-0.604542
180,40,-0.403028,-0.188332
180,41,0.159891,0.198567
180,42,0.199428,0.169256
180,43,0.374712,0.138969
180,44,0.241996,0.347074
180,45,-0.079705,-0.099424
180,46,-0.262278,-0.426725
180,47,-0.334195,-0.575231
180,48,-0.383270,-0.842934
180,49,-0.420228,-0.962130
180,50,-0.525814,-0.991441
180,51,-0.582918,-1.021729
180,52,-0.541020,-1.170235
180,53,-0.123260,-0.694427
180,54,0.205698,-0.159022
180,55,0.383903,0.198567
180,56,-0.098908,-0.307528
180,57,-0.303430,-0.396437
180,58,-0.132425,-0.039826
180,59,-0.121616,0.436959
180,60,-0.630199,-0.544944
180,61,-0.724705,-0.575231
180,62,-0.737730,-0.783336
180,63,-0.729872,-0.575231
181,0,-0.247994,-0.277241
181,1,0.185767,0.704662
181,2,0.123644,0.109658
181,3,0.180005,0.317763
181,4,0.060435,-0.009538
181,5,-0.311191,0.138969
181,6,-0.563493,-0.307528
181,7,-0.700991,-0.099424
181,8,-0.890788,-0.813624
181,9,-0.991207,-0.842934
181,10,-1.062567,-0.813624
181,11,-1.104059,-1.200523
181,12,-1.030495,-1.349030
181,13,-0.693352,-0.217643
181,14,-0.180261,0.645064
181,15,0.152805,0.466270
181,16,-0.106214,0.138969
181,17,-0.200760,-0.247930
181,18,0.080946,0.198567
181,19,0.204796,0.377361
181,20,-0.435508,-0.396437
181,21,-0.558957,-0.842934
181,22,-0.592214,-0.634830
181,23,-0.551225,-0.188332
181,24,-0.309983,-0.159022
181,25,0.159515,0.198567
181,26,0.112806,0.258165
181,27,0.225469,-0.159022
181,28,0.124782,-0.159022
181,29,-0.230319,-0.544944
181,30,-0.461355,-0.604542
181,31,-0.540118,-0.486323
181,32,-0.690199,-0.873222
181,33,-0.781040,-0.783336
181,34,-0.861705,-0.902532
181,35,-0.900832,-1.021729
181,36,-0.839760,-0.694427
181,37,-0.470752,-0.575231
181,38,0.021697,-0.099424
181,39,0.277296,-0.009538
181,40,-0.052303,-0.515633
181,41,-0.186570,-0.575231
181,42,0.051971,-0.217643
181,43,0.130418,-0.159022
181,44,-0.485675,-0.931843
181,45,-0.610684,-0.931843
181,46,-0.641436,-0.783336
181,47,-0.609159,-0.544944
181,48,-0.360163,-0.396437
181,49,0.110788,0.496557
181,50,0.117887,0.614776
181,51,0.248989,0.377361
181,52,0.149485,0.466270
181,53,-0.205968,0.198567
181,54,-0.427655,-0.456035
181,55,-0.471890,-0.723738
181,56,-0.617253,-0.783336
181,57,-0.695460,-0.396437
181,58,-0.765387,-0.813624
181,59,-0.804742,-0.931843
181,60,-0.735888,-0.336839
181,61,-0.391390,-0.128734
181,62,0.012686,-0.159022
181,63,0.232681,0.496557
182,0,-0.023947,0.436959
182,1,-0.211542,0.347074
182,2,0.000513,0.496557
182,3,0.030868,0.674374
182,4,-0.560896,-0.277241
182,5,-0.688075,-0.426725
182,6,-0.660768,-0.783336
182,7,-0.542493,-0.694427
182,8,-0.225247,-0.188332
182,9,0.326647,0.406672
182,10,0.345475,0.377361
182,11,0.432643,0.138969
182,12,0.350375,-0.069136
182,13,-0.075051,-0.336839
182,14,-0.371262,-0.544944
182,15,-0.464879,-0.188332
182,16,-0.591759,-0.336839
182,17,-0.682486,-0.247930
182,18,-0.801706,-0.873222
182,19,-0.843286,-0.902532
182,20,-0.729390,-0.604542
182,21,-0.358677,-0.217643
182,22,-0.059958,-0.159022
182,23,0.183852,0.645064
182,24,-0.097818,0.138969
182,25,-0.255816,-0.069136
182,26,-0.073628,0.377361
182,27,-0.024747,0.585466
182,28,-0.572714,-0.009538
182,29,-0.678932,-0.099424
182,30,-0.653933,-0.099424
182,31,-0.537506,-0.336839
182,32,-0.186914,-0.128734
182,33,0.406528,0.614776
182,34,0.380208,0.436959
182,35,0.453914,0.169256
182,36,0.300042,-0.159022
182,37,-0.108981,-0.069136
182,38,-0.400055,-0.217643
182,39,-0.512108,-0.367127
182,40,-0.673727,-0.783336
182,41,-0.748643,-0.783336
182,42,-0.848890,-0.783336
182,43,-0.886323,-0.783336
182,44,-0.771599,-0.783336
182,45,-0.376231,-0.783336
182,46,0.010470,-0.783336
182,47,0.241241,-0.783336
182,48,-0.080692,-0.783336
182,49,-0.229069,-0.783336
182,50,-0.027059,-0.783336
182,51,0.052955,-0.783336
182,52,-0.523504,-0.783336
182,53,-0.648787,-0.783336
182,54,-0.647514,-0.783336
182,55,-0.555786,-0.783336
182,56,-0.260147,-0.783336
182,57,0.278681,-0.783336
182,58,0.267405,-0.783336
182,59,0.303479,-0.783336
182,60,0.124371,-0.783336
182,61,-0.229038,-0.783336
182,62,-0.488722,-0.783336
182,63,-0.569758,-0.783336
183,0,-0.875421,-0.456035
183,1,-0.871906,-0.486323
183,2,-0.877267,-0.575231
183,3,-0.876936,-0.694427
183,4,-0.854626,-0.515633
183,5,-0.789057,-0.128734
183,6,-0.695657,0.258165
183,7,-0.646817,0.704662
183,8,-0.666360,-0.009538
183,9,-0.686361,-0.069136
183,10,-0.637719,0.138969
183,11,-0.638014,-0.009538
183,12,-0.764637,-0.336839
183,13,-0.798740,-0.247930
183,14,-0.806268,-0.515633
183,15,-0.786611,-0.307528
183,16,-0.705341,0.079371
183,17,-0.549597,0.317763
183,18,-0.545034,0.317763
183,19,-0.572481,0.169256
183,20,-0.651301,0.227877
183,21,-0.719096,-0.159022
183,22,-0.787757,0.109658
183,23,-0.815374,-0.277241
183,24,-0.887561,-0.486323
183,25,-0.892645,-0.604542
183,26,-0.897135,-0.515633
183,27,-0.895266,-0.664140
183,28,-0.843596,-0.486323
183,29,-0.712442,-0.515633
183,30,-0.496875,0.138969
183,31,-0.394036,0.138969
183,32,-0.486627,0.436959
183,33,-0.531280,-0.247930
183,34,-0.417417,0.169256
183,35,-0.415334,0.227877
183,36,-0.650563,-0.544944
183,37,-0.732523,-0.694427
183,38,-0.742912,-0.723738
183,39,-0.715239,-0.991441
183,40,-0.601424,-0.367127
183,41,-0.296936,0.169256
183,42,-0.340743,0.227877
183,43,-0.408924,0.169256
183,44,-0.534987,0.019773
183,45,-0.627858,-0.069136
183,46,-0.723819,-0.247930
183,47,-0.773390,-0.723738
183,48,-0.847900,-1.051039
183,49,-0.861254,-0.544944
183,50,-0.894642,-0.426725
183,51,-0.922860,-0.634830
183,52,-0.863298,-0.336839
183,53,-0.706851,-0.604542
183,54,-0.374841,-0.009538
183,55,-0.244878,0.436959
183,56,-0.394790,0.227877
183,57,-0.459832,0.258165
183,58,-0.269851,0.050060
183,59,-0.252985,0.317763
183,60,-0.592744,-0.426725
183,61,-0.699190,-0.069136
183,62,-0.718181,-0.009538
183,63,-0.700654,0.227877
184,0,0.227991,-0.069136
184,1,0.544342,1.001675
184,2,0.472521,0.614776
184,3,0.404676,0.317763
184,4,0.273225,0.198567
184,5,0.025780,0.436959
184,6,-0.171963,-0.099424
184,7,-0.319660,-0.247930
184,8,-0.489946,-0.544944
184,9,-0.534874,-0.515633
184,10,-0.579999,-0.694427
184,11,-0.641817,-0.604542
184,12,-0.532355,-0.486323
184,13,-0.312599,0.198567
184,14,0.114554,0.258165
184,15,0.368188,0.555178
184,16,0.167035,0.258165
184,17,0.062853,0.198567
184,18,0.192002,0.614776
184,19,0.206649,0.317763
184,20,-0.348731,-0.188332
184,21,-0.440194,-0.515633
184,22,-0.472320,-0.188332
184,23,-0.386310,-0.277241
184,24,-0.107028,0.317763
184,25,0.348688,0.436959
184,26,0.302373,0.287475
184,27,0.257219,-0.069136
184,28,0.162982,-0.188332
184,29,-0.080862,-0.575231
184,30,-0.292173,-0.694427
184,31,-0.445093,-0.813624
184,32,-0.568892,-0.575231
184,33,-0.572409,-0.544944
184,34,-0.626364,-0.634830
184,35,-0.659405,-0.456035
184,36,-0.547885,-0.604542
184,37,-0.311381,-0.456035
184,38,0.130937,0.227877
184,39,0.410243,0.377361
184,40,0.224917,0.377361
184,41,0.129467,-0.039826
184,42,0.274250,0.050060
184,43,0.264509,0.109658
184,44,-0.257456,-0.694427
184,45,-0.338371,-0.396437
184,46,-0.356138,-0.128734
184,47,-0.272206,-0.009538
184,48,0.004720,0.258165
184,49,0.436755,1.001675
184,50,0.410729,0.764260
184,51,0.365515,0.466270
184,52,0.254410,0.733973
184,53,-0.031859,-0.069136
184,54,-0.259688,-0.544944
184,55,-0.394261,-0.277241
184,56,-0.535379,-0.367127
184,57,-0.604933,-0.515633
184,58,-0.660109,-0.813624
184,59,-0.688469,-0.634830
184,60,-0.570452,-0.456035
184,61,-0.363424,-0.456035
184,62,0.039898,-0.247930
184,63,0.322378,0.406672
185,0,0.250881,-0.069136
185,1,0.172080,0.198567
185,2,0.294346,0.377361
185,3,0.237379,0.466270
185,4,-0.272219,-0.247930
185,5,-0.355067,-0.426725
185,6,-0.353238,-0.456035
185,7,-0.258758,-0.604542
185,8,0.036409,-0.188332
185,9,0.502462,0.704662
185,10,0.440983,0.883457
185,11,0.319513,0.823858
185,12,0.125590,0.466270
185,13,-0.193330,0.377361
185,14,-0.428184,-0.128734
185,15,-0.566712,-0.307528
185,16,-0.654424,-0.694427
185,17,-0.691954,-0.604542
185,18,-0.771621,-0.783336
185,19,-0.839152,-0.723738
185,20,-0.795073,-0.486323
185,21,-0.583110,-0.575231
185,22,-0.230975,-0.277241
185,23,0.134764,0.198567
185,24,-0.001100,0.138969
185,25,-0.103230,-0.159022
185,26,-0.007948,-0.099424
185,27,-0.019516,0.287475
185,28,-0.505037,-0.039826
185,29,-0.567512,-0.396437
185,30,-0.563192,-0.396437
185,31,-0.478123,-0.128734
185,32,-0.187558,0.109658
185,33,0.255938,0.525868
185,34,0.208356,0.496557
185,35,0.121494,0.585466
185,36,-0.057667,0.645064
185,37,-0.282536,0.317763
185,38,-0.458483,-0.069136
185,39,-0.580308,-0.515633
185,40,-0.665327,-0.544944
185,41,-0.680753,-1.021729
185,42,-0.735826,-1.378340
185,43,-0.758836,-0.813624
185,44,-0.649462,-1.051039
185,45,-0.378106,-0.486323
185,46,0.098299,-0.367127
185,47,0.390929,-0.307528
185,48,0.131668,-0.754026
185,49,0.020359,-1.021729
185,50,0.168827,-0.009538
185,51,0.174517,0.169256
185,52,-0.398880,-0.544944
185,53,-0.509909,-0.931843
185,54,-0.510238,-0.515633
185,55,-0.400337,-0.694427
185,56,-0.084667,-0.217643
185,57,0.432142,0.496557
185,58,0.364324,0.258165
185,59,0.238174,0.258165
185,60,0.060548,-0.277241
185,61,-0.166571,-0.426725
185,62,-0.373206,-0.277241
185,63,-0.517657,-0.336839
186,0,-0.526477,-0.367127
186,1,-0.659131,-0.367127
186,2,-0.784134,-0.634830
186,3,-0.779665,-0.873222
186,4,-0.681432,-0.783336
186,5,-0.426953,-0.188332
186,6,-0.064748,-0.217643
186,7,0.178848,0.050060
186,8,-0.093167,-0.634830
186,9,-0.180951,-0.664140
186,10,0.030811,-0.604542
186,11,0.105104,-0.396437
186,12,-0.470540,-0.842934
186,13,-0.585646,-0.664140
186,14,-0.590191,-0.783336
186,15,-0.472067,-0.664140
186,16,-0.150875,-0.307528
186,17,0.439924,0.555178
186,18,0.372281,0.496557
186,19,0.271924,0.138969
186,20,0.126077,0.406672
186,21,-0.083047,-0.009538
186,22,-0.259747,-0.694427
186,23,-0.422974,-0.575231
186,24,-0.607762,-0.188332
186,25,-0.721454,-0.367127
186,26,-0.819423,-0.694427
186,27,-0.794126,-0.873222
186,28,-0.673550,-1.051039
186,29,-0.404895,-0.604542
186,30,-0.016599,-0.426725
186,31,0.216509,0.198567
186,32,-0.044673,0.079371
186,33,-0.138657,-0.009538
186,34,0.107349,-0.009538
186,35,0.185933,0.169256
186,36,-0.415490,-0.367127
186,37,-0.560004,-0.396437
186,38,-0.564225,-0.159022
186,39,-0.461727,-0.099424
186,40,-0.173642,0.109658
186,41,0.443212,0.436959
186,42,0.379177,0.347074
186,43,0.238527,-0.099424
186,44,0.082362,0.227877
186,45,-0.113336,0.138969
186,46,-0.299811,-0.188332
186,47,-0.460322,-0.456035
186,48,-0.635278,-0.783336
186,49,-0.735746,-0.634830
186,50,-0.837910,-0.575231
186,51,-0.825110,-0.426725
186,52,-0.684801,-0.694427
186,53,-0.431095,-0.099424
186,54,-0.056153,-0.128734
186,55,0.204038,0.614776
186,56,-0.073986,0.614776
186,57,-0.168311,0.050060
186,58,0.069814,0.287475
186,59,0.138800,0.674374
186,60,-0.429390,-0.128734
186,61,-0.553849,-0.277241
186,62,-0.546582,-0.159022
186,63,-0.429086,0.079371
187,0,0.280781,0.079371
187,1,0.750777,0.466270
187,2,0.543527,0.317763
187,3,0.399977,0.079371
187,4,0.338769,0.079371
187,5,0.070690,0.347074
187,6,-0.233678,0.169256
187,7,-0.402371,-0.128734
187,8,-0.522096,-0.188332
187,9,-0.571074,-0.217643
187,10,-0.660240,-0.634830
187,11,-0.645568,-0.396437
187,12,-0.544142,-0.456035
187,13,-0.301877,-0.128734
187,14,0.019400,0.079371
187,15,0.465761,0.258165
187,16,0.249140,0.406672
187,17,0.102459,0.227877
187,18,0.242113,0.436959
187,19,0.381387,0.645064
187,20,-0.248091,-0.159022
187,21,-0.353409,-0.486323
187,22,-0.311846,-0.307528
187,23,-0.189079,-0.188332
187,24,0.100100,0.109658
187,25,0.627207,0.555178
187,26,0.489773,0.377361
187,27,0.335581,0.227877
187,28,0.289574,0.227877
187,29,0.023307,0.466270
187,30,-0.263023,-0.009538
187,31,-0.405131,-0.247930
187,32,-0.495994,-0.367127
187,33,-0.571316,-0.336839
187,34,-0.660694,-0.396437
187,35,-0.644786,-0.515633
187,36,-0.562468,-0.515633
187,37,-0.344935,-0.575231
187,38,-0.062219,-0.247930
187,39,0.357427,0.138969
187,40,0.140029,0.109658
187,41,0.029635,0.347074
187,42,0.190621,0.496557
187,43,0.323872,0.645064
187,44,-0.259321,0.050060
187,45,-0.360300,0.169256
187,46,-0.336727,-0.039826
187,47,-0.241440,0.436959
187,48,0.038367,0.347074
187,49,0.630033,0.733973
187,50,0.583540,0.525868
187,51,0.463029,0.347074
187,52,0.458112,0.674374
187,53,0.130561,0.406672
187,54,-0.179158,0.287475
187,55,-0.365098,-0.486323
187,56,-0.527543,-0.247930
187,57,-0.638383,-0.515633
187,58,-0.724454,-0.456035
187,59,-0.706501,-0.486323
187,60,-0.629877,-0.367127
187,61,-0.453829,-0.426725
187,62,-0.217619,-0.009538
187,63,0.116837,0.258165
188,0,0.156596,-0.009538
188,1,0.092578,0.109658
188,2,0.294061,0.436959
188,3,0.378213,0.436959
188,4,-0.173940,-0.069136
188,5,-0.362532,-0.069136
188,6,-0.385825,-0.277241
188,7,-0.266277,0.079371
188,8,0.061615,0.079371
188,9,0.528459,0.793571
188,10,0.472595,0.883457
188,11,0.342016,1.151159
188,12,0.303677,1.299666
188,13,0.153494,0.585466
188,14,-0.111166,0.050060
188,15,-0.305675,-0.128734
188,16,-0.411327,-0.426725
188,17,-0.497805,-0.813624
188,18,-0.591651,-0.931843
188,19,-0.626756,-0.694427
188,20,-0.544104,-0.694427
188,21,-0.300591,-0.515633
188,22,-0.038227,-0.159022
188,23,0.231723,0.317763
188,24,0.056699,0.198567
188,25,-0.021776,-0.247930
188,26,0.132297,0.019773
188,27,0.210388,0.258165
188,28,-0.242648,-0.247930
188,29,-0.358001,0.287475
188,30,-0.342524,0.050060
188,31,-0.216072,-0.069136
188,32,0.114410,0.287475
188,33,0.572824,0.883457
188,34,0.492933,0.466270
188,35,0.378906,0.406672
188,36,0.313984,0.287475
188,37,0.169688,-0.099424
188,38,-0.054454,-0.575231
188,39,-0.247283,-0.723738
188,40,-0.381232,-0.783336
188,41,-0.500452,-0.842934
188,42,-0.610933,-0.604542
188,43,-0.649542,-0.247930
188,44,-0.572551,-0.247930
188,45,-0.350036,0.050060
188,46,-0.079996,0.793571
188,47,0.146042,0.227877
188,48,-0.076632,0.050060
188,49,-0.163245,0.227877
188,50,-0.047634,0.436959
188,51,0.024644,0.555178
188,52,-0.412400,0.258165
188,53,-0.553685,0.227877
188,54,-0.570566,-0.277241
188,55,-0.465036,-0.069136
188,56,-0.128246,0.227877
188,57,0.403304,0.853169
188,58,0.364793,0.258165
188,59,0.214036,0.258165
188,60,0.152369,0.674374
188,61,0.018563,-0.336839
188,62,-0.212478,-0.634830
188,63,-0.414422,0.019773
189,0,-0.345837,-0.188332
189,1,-0.467905,-0.307528
189,2,-0.519786,-0.456035
189,3,-0.471496,-0.367127
189,4,-0.406692,-0.277241
189,5,-0.144308,0.079371
189,6,0.224879,-0.009538
189,7,0.389428,0.525868
189,8,0.234661,0.198567
189,9,0.191253,0.109658
189,10,0.360363,0.227877
189,11,0.414328,0.377361
189,12,-0.042647,-0.367127
189,13,-0.128006,-0.217643
189,14,-0.135610,-0.159022
189,15,-0.025618,-0.217643
189,16,0.229136,0.138969
189,17,0.696394,0.585466
189,18,0.524274,0.525868
189,19,0.410727,0.109658
189,20,0.386379,-0.069136
189,21,0.109804,-0.188332
189,22,-0.214831,-0.336839
189,23,-0.308051,-0.575231
189,24,-0.449044,-0.694427
189,25,-0.542001,-0.783336
189,26,-0.577037,-0.694427
189,27,-0.499018,-0.723738
189,28,-0.403318,-0.604542
189,29,-0.134598,-0.159022
189,30,0.253405,-0.099424
189,31,0.410379,0.585466
189,32,0.271472,0.793571
189,33,0.224995,0.198567
189,34,0.437977,0.019773
189,35,0.490068,0.258165
189,36,-0.025691,-0.396437
189,37,-0.156075,-0.247930
189,38,-0.171146,-0.396437
189,39,-0.071804,0.079371
189,40,0.170078,0.287475
189,41,0.685196,0.674374
189,42,0.497541,0.645064
189,43,0.359164,0.733973
189,44,0.311902,0.496557
189,45,0.063358,0.466270
189,46,-0.234864,0.555178
189,47,-0.340381,0.050060
189,48,-0.467253,-0.367127
189,49,-0.537958,-0.426725
189,50,-0.592167,-0.099424
189,51,-0.539858,-0.069136
189,52,-0.446396,-0.159022
189,53,-0.204395,-0.307528
189,54,0.153606,0.287475
189,55,0.392876,0.555178
189,56,0.271428,0.942078
189,57,0.199934,0.972365
189,58,0.393130,0.674374
189,59,0.437283,1.180470
189,60,-0.049518,0.138969
189,61,-0.168485,-0.128734
189,62,-0.177322,-0.604542
189,63,-0.067796,-0.486323
190,0,0.089456,-0.039826
190,1,0.626880,0.674374
190,2,0.514668,0.614776
190,3,0.430986,0.555178
190,4,0.332637,0.585466
190,5,0.153843,0.555178
190,6,-0.070642,0.109658
190,7,-0.268457,-0.277241
190,8,-0.422675,-0.247930
190,9,-0.520621,-0.456035
190,10,-0.573334,-0.247930
190,11,-0.521212,-0.486323
190,12,-0.459432,-0.456035
190,13,-0.289348,-0.039826
190,14,-0.024741,0.466270
190,15,0.358370,1.001675
190,16,0.342221,1.001675
190,17,0.286631,0.138969
190,18,0.392170,0.138969
190,19,0.446423,0.347074
190,20,-0.061956,0.019773
190,21,-0.201656,-0.128734
190,22,-0.262228,-0.188332
190,23,-0.144183,-0.159022
190,24,0.172517,0.198567
190,25,0.691269,1.061274
190,26,0.622915,1.328977
190,27,0.560930,1.240068
190,28,0.499524,0.853169
190,29,0.323509,0.853169
190,30,0.069589,0.555178
190,31,-0.193756,-0.426725
190,32,-0.376570,0.019773
190,33,-0.488935,-0.069136
190,34,-0.543939,-0.217643
190,35,-0.492345,-0.217643
190,36,-0.454617,-0.336839
190,37,-0.292458,-0.307528
190,38,-0.047257,0.317763
190,39,0.266734,0.942078
190,40,0.211533,0.972365
190,41,0.175898,0.645064
190,42,0.275556,0.674374
190,43,0.330934,1.031963
190,44,-0.137431,-0.128734
190,45,-0.275082,-0.367127
190,46,-0.321784,-0.277241
190,47,-0.210063,-0.277241
190,48,0.096576,0.138969
190,49,0.604867,0.912767
190,50,0.557632,1.626967
190,51,0.499859,1.597656
190,52,0.453702,0.883457
190,53,0.199028,0.555178
190,54,-0.110299,0.258165
190,55,-0.356661,0.019773
190,56,-0.526513,-0.099424
190,57,-0.657626,-0.099424
190,58,-0.722682,-0.277241
190,59,-0.647223,-0.396437
190,60,-0.563877,-0.277241
190,61,-0.387791,0.138969
190,62,-0.123047,0.019773
190,63,0.162977,0.585466
191,0,0.444589,0.377361
191,1,0.321710,-0.069136
191,2,0.427229,0.377361
191,3,0.472076,0.138969
191,4,-0.035842,-0.456035
191,5,-0.169685,-1.795527
191,6,-0.197458,-1.676331
191,7,-0.065817,-2.242024
191,8,0.323747,-1.437938
191,9,0.976165,0.436959
191,10,0.999905,0.645064
191,11,0.845972,0.645064
191,12,0.676194,0.764260
191,13,0.366699,0.674374
191,14,0.074573,0.555178
191,15,-0.113846,0.406672
191,16,-0.211375,0.050060
191,17,-0.278930,-0.069136
191,18,-0.288489,-0.217643
191,19,-0.253120,-0.247930
191,20,-0.171767,-0.396437
191,21,0.083836,-0.039826
191,22,0.356141,0.079371
191,23,0.603520,0.883457
191,24,0.463493,0.764260
191,25,0.330392,0.169256
191,26,0.426673,0.198567
191,27,0.444759,0.466270
191,28,-0.063273,-0.277241
191,29,-0.215330,-0.159022
191,30,-0.279092,-0.456035
191,31,-0.190005,-0.426725
191,32,0.230764,0.585466
191,33,0.867289,1.091561
191,34,0.825586,0.972365
191,35,0.735791,0.585466
191,36,0.561879,1.001675
191,37,0.278431,0.733973
191,38,-0.019763,0.347074
191,39,-0.210929,0.377361
191,40,-0.266331,0.019773
191,41,-0.317193,-0.099424
191,42,-0.337766,-0.188332
191,43,-0.332376,-0.159022
191,44,-0.273325,0.050060
191,45,-0.021148,0.377361
191,46,0.275613,0.287475
191,47,0.658259,0.733973
191,48,0.554532,0.793571
191,49,0.363128,0.050060
191,50,0.394033,0.050060
191,51,0.447631,0.287475
191,52,-0.039951,-0.515633
191,53,-0.177490,-0.128734
191,54,-0.188199,-0.396437
191,55,-0.069852,-0.336839
191,56,0.303671,-0.128734
191,57,0.896793,0.823858
191,58,0.876919,0.883457
191,59,0.720243,0.912767
191,60,0.568429,1.151159
191,61,0.363588,0.614776
191,62,0.074681,-0.009538
191,63,-0.201341,0.258165
192,0,-0.179253,0.169256
192,1,-0.274484,-0.009538
192,2,-0.309809,0.138969
192,3,-0.269781,0.198567
192,4,-0.191374,0.169256
192,5,0.076248,0.496557
192,6,0.321630,0.555178
192,7,0.812538,1.001675
192,8,0.742618,0.317763
192,9,0.418251,0.317763
192,10,0.429490,0.079371
192,11,0.470599,0.436959
192,12,-0.081782,-0.217643
192,13,-0.210995,0.198567
192,14,-0.288394,-0.515633
192,15,-0.201755,-0.099424
192,16,0.249166,0.377361
192,17,0.893198,0.585466
192,18,0.912182,0.496557
192,19,0.812698,0.525868
192,20,0.860320,0.436959
192,21,0.593933,0.645064
192,22,0.153873,0.496557
192,23,-0.057352,-0.307528
192,24,-0.192996,-0.128734
192,25,-0.283446,-0.456035
192,26,-0.313178,-0.217643
192,27,-0.260504,-0.159022
192,28,-0.174467,-0.336839
192,29,0.108943,0.377361
192,30,0.351747,0.645064
192,31,0.847846,1.120872
192,32,0.833122,0.555178
192,33,0.490078,0.050060
192,34,0.489229,0.169256
192,35,0.519230,0.227877
192,36,-0.022880,-0.515633
192,37,-0.185935,-0.634830
192,38,-0.270796,-0.128734
192,39,-0.187346,0.258165
192,40,0.180721,0.555178
192,41,0.890515,0.883457
192,42,0.967350,0.733973
192,43,0.834416,0.169256
192,44,0.863521,0.347074
192,45,0.631964,-0.128734
192,46,0.187280,0.138969
192,47,-0.071066,0.050060
192,48,-0.211098,-0.188332
192,49,-0.284298,-0.217643
192,50,-0.305164,-0.159022
192,51,-0.271273,-0.396437
192,52,-0.193027,-0.069136
192,53,0.059727,-0.456035
192,54,0.315135,0.227877
192,55,0.862907,0.704662
192,56,0.858292,0.614776
192,57,0.505545,0.347074
192,58,0.502297,0.466270
192,59,0.548162,0.496557
192,60,0.008630,-0.128734
192,61,-0.163017,-0.099424
192,62,-0.260154,-0.159022
192,63,-0.181689,-0.217643
193,0,0.290068,0.227877
193,1,0.910581,0.674374
193,2,0.793502,0.614776
193,3,0.754294,0.347074
193,4,0.682407,0.198567
193,5,0.450494,0.050060
193,6,0.173061,-0.069136
193,7,-0.065302,-0.277241
193,8,-0.201522,-0.575231
193,9,-0.309415,-0.604542
193,10,-0.369972,-0.396437
193,11,-0.362068,-0.396437
193,12,-0.314602,-0.396437
193,13,-0.125531,-0.069136
193,14,0.134803,0.198567
193,15,0.586270,0.614776
193,16,0.454390,0.169256
193,17,0.270359,0.227877
193,18,0.388222,0.496557
193,19,0.486329,0.704662
193,20,-0.035676,-0.009538
193,21,-0.169419,-0.307528
193,22,-0.212548,-0.069136
193,23,-0.133057,-0.336839
193,24,0.211259,-0.069136
193,25,0.913167,0.525868
193,26,0.943838,0.109658
193,27,0.961754,0.287475
193,28,0.843843,0.109658
193,29,0.541183,-0.009538
193,30,0.214663,-0.159022
193,31,-0.086551,0.050060
193,32,-0.270534,-0.396437
193,33,-0.415682,-0.367127
193,34,-0.495992,-0.159022
193,35,-0.474428,-0.544944
193,36,-0.407497,-0.426725
193,37,-0.208601,-0.217643
193,38,0.025324,0.227877
193,39,0.390099,0.317763
193,40,0.257340,0.704662
193,41,0.069518,0.198567
193,42,0.152375,0.347074
193,43,0.240227,0.645064
193,44,-0.205513,-0.039826
193,45,-0.317965,-0.099424
193,46,-0.373913,-0.217643
193,47,-0.305970,-0.039826
193,48,0.034738,0.377361
193,49,0.704187,0.704662
193,50,0.648791,0.585466
193,51,0.610317,0.496557
193,52,0.464930,0.525868
193,53,0.235389,0.198567
193,54,0.001401,-0.039826
193,55,-0.193942,-0.009538
193,56,-0.308014,-0.159022
193,57,-0.402916,0.050060
193,58,-0.440143,-0.247930
193,59,-0.405900,-0.456035
193,60,-0.322553,-0.664140
193,61,-0.068967,-0.634830
193,62,0.159019,-0.128734
193,63,0.491869,0.585466
194,0,0.100969,0.227877
194,1,-0.057186,0.317763
194,2,-0.003167,0.793571
194,3,0.074748,0.972365
194,4,-0.345574,0.198567
194,5,-0.434959,0.198567
194,6,-0.440178,-0.247930
194,7,-0.313824,-0.188332
194,8,0.033817,0.169256
194,9,0.555648,1.031963
194,10,0.462313,0.793571
194,11,0.403959,0.942078
194,12,0.370617,0.733973
194,13,0.157354,-0.515633
194,14,-0.072611,0.227877
194,15,-0.191689,0.227877
194,16,-0.280002,-0.396437
194,17,-0.348694,-0.515633
194,18,-0.375322,-0.456035
194,19,-0.425844,-0.128734
194,20,-0.434843,-0.367127
194,21,-0.235989,0.198567
194,22,0.033390,-0.128734
194,23,0.428198,0.972365
194,24,0.260028,0.942078
194,25,0.069795,0.823858
194,26,0.104445,-1.051039
194,27,0.196929,-0.367127
194,28,-0.257232,0.079371
194,29,-0.337939,0.079371
194,30,-0.334010,0.079371
194,31,-0.199681,0.169256
194,32,0.152099,0.674374
194,33,0.596154,1.151159
194,34,0.491210,1.001675
194,35,0.406223,0.972365
194,36,0.346148,0.912767
194,37,0.180313,0.525868
194,38,-0.047931,0.406672
194,39,-0.211609,0.169256
194,40,-0.334040,-0.396437
194,41,-0.400597,-0.456035
194,42,-0.390643,-0.307528
194,43,-0.398929,-0.336839
194,44,-0.363205,-0.456035
194,45,-0.136956,-0.069136
194,46,0.177357,0.585466
194,47,0.580389,0.912767
194,48,0.418430,0.496557
194,49,0.184635,0.496557
194,50,0.208277,0.169256
194,51,0.330565,0.466270
194,52,-0.163732,-0.159022
194,53,-0.269815,-0.217643
194,54,-0.259543,-0.217643
194,55,-0.125114,-0.159022
194,56,0.189262,0.347074
194,57,0.638651,0.645064
194,58,0.534739,1.120872
194,59,0.441692,1.656278
194,60,0.361971,0.496557
194,61,0.243328,0.317763
194,62,0.038803,0.406672
194,63,-0.141817,-0.188332
195,0,-0.412601,-0.188332
195,1,-0.477421,-0.456035
195,2,-0.394310,-0.694427
195,3,-0.384280,-0.604542
195,4,-0.335882,-0.515633
195,5,-0.057417,-0.099424
195,6,0.366781,-0.247930
195,7,0.870280,0.227877
195,8,0.702409,0.614776
195,9,0.462163,0.347074
195,10,0.416512,0.079371
195,11,0.516140,0.972365
195,12,0.037962,-0.159022
195,13,-0.079870,-0.456035
195,14,-0.154684,0.079371
195,15,-0.059459,-0.128734
195,16,0.425218,0.258165
195,17,0.886100,0.883457
195,18,0.965792,1.031963
195,19,0.910441,1.031963
195,20,0.669206,1.001675
195,21,0.446987,0.317763
195,22,0.210140,0.287475
195,23,-0.129780,-0.188332
195,24,-0.332314,-0.396437
195,25,-0.432274,-0.426725
195,26,-0.379691,-0.336839
195,27,-0.373942,-0.426725
195,28,-0.326701,-0.188332
195,29,-0.055093,-0.217643
195,30,0.371038,-0.009538
195,31,0.854100,0.317763
195,32,0.724663,0.525868
195,33,0.474847,0.198567
195,34,0.442797,0.347074
195,35,0.546820,0.614776
195,36,0.083387,-0.128734
195,37,-0.048254,-0.336839
195,38,-0.117569,-0.307528
195,39,-0.035010,-0.217643
195,40,0.344891,0.614776
195,41,0.872204,0.972365
195,42,0.963245,1.418862
195,43,0.868921,1.240068
195,44,0.660954,0.674374
195,45,0.421928,-0.069136
195,46,0.169050,-0.336839
195,47,-0.177331,-0.307528
195,48,-0.368668,-0.099424
195,49,-0.453567,-0.277241
195,50,-0.422473,-0.277241
195,51,-0.428811,-0.307528
195,52,-0.383166,-0.128734
195,53,-0.150159,0.109658
195,54,0.237413,0.496557
195,55,0.792584,0.853169
195,56,0.703319,0.496557
195,57,0.463800,0.317763
195,58,0.485062,0.198567
195,59,0.576846,0.347074
195,60,0.069619,-0.336839
195,61,-0.092319,-0.486323
195,62,-0.184138,-0.664140
195,63,-0.105626,-0.486323
196,0,0.285902,-0.069136
196,1,0.854624,0.793571
196,2,0.895911,1.151159
196,3,0.948999,1.091561
196,4,0.745559,0.496557
196,5,0.253312,0.377361
196,6,-0.011579,0.377361
196,7,-0.231315,0.169256
196,8,-0.394532,-0.159022
196,9,-0.451057,-0.217643
196,10,-0.443252,0.019773
196,11,-0.437948,-0.217643
196,12,-0.359207,0.019773
196,13,-0.116999,0.347074
196,14,0.183298,0.525868
196,15,0.673899,1.091561
196,16,0.558853,0.793571
196,17,0.324857,0.050060
196,18,0.291131,0.109658
196,19,0.477462,0.496557
196,20,-0.061776,-0.277241
196,21,-0.206481,0.198567
196,22,-0.282493,-0.039826
196,23,-0.222449,-0.099424
196,24,0.253493,0.585466
196,25,0.821260,1.299666
196,26,0.850382,1.775474
196,27,0.885943,1.478460
196,28,0.643374,0.853169
196,29,0.243054,0.614776
196,30,0.000315,0.377361
196,31,-0.217832,-0.159022
196,32,-0.360553,-0.188332
196,33,-0.412931,-0.277241
196,34,-0.401874,-0.486323
196,35,-0.402834,0.079371
196,36,-0.349954,-0.486323
196,37,-0.116196,0.138969
196,38,0.208195,0.287475
196,39,0.683095,0.764260
196,40,0.619683,0.704662
196,41,0.389504,0.466270
196,42,0.399379,0.793571
196,43,0.556527,0.525868
196,44,0.004353,0.019773
196,45,-0.135847,0.109658
196,46,-0.214325,0.227877
196,47,-0.158968,-0.009538
196,48,0.318901,0.525868
196,49,0.864539,1.359264
196,50,0.853521,1.120872
196,51,0.897344,0.853169
196,52,0.645288,1.031963
196,53,0.211679,0.258165
196,54,-0.031996,-0.188332
196,55,-0.218582,-0.307528
196,56,-0.363487,-0.099424
196,57,-0.418805,-0.039826
196,58,-0.378026,-0.217643
196,59,-0.329186,-0.128734
196,60,-0.236650,-0.009538
196,61,0.002330,-0.099424
196,62,0.318252,0.496557
196,63,0.740834,1.270355
197,0,0.904768,1.061274
197,1,0.598414,0.614776
197,2,0.504448,0.377361
197,3,0.480413,0.198567
197,4,0.043380,-0.039826
197,5,-0.065423,-0.099424
197,6,-0.103466,2.133063
197,7,-0.050155,2.370478
197,8,0.488311,2.579560
197,9,1.079070,0.704662
197,10,1.269417,0.793571
197,11,1.148496,1.180470
197,12,0.825550,0.733973
197,13,0.470928,0.942078
197,14,0.179493,0.733973
197,15,-0.102403,0.555178
197,16,-0.254632,2.549272
197,17,-0.320865,2.370478
197,18,-0.315811,2.608870
197,19,-0.304603,2.757377
197,20,-0.204057,2.876573
197,21,0.122377,2.341167
197,22,0.423108,2.579560
197,23,0.889603,3.293760
197,24,0.771418,1.270355
197,25,0.525831,0.614776
197,26,0.451190,0.496557
197,27,0.484399,0.704662
197,28,-0.002654,-0.009538
197,29,-0.110693,0.287475
197,30,-0.139915,0.258165
197,31,-0.087130,0.347074
197,32,0.468520,0.377361
197,33,1.010913,1.299666
197,34,1.161255,1.359264
197,35,1.100030,1.388575
197,36,0.766000,1.120872
197,37,0.431906,0.585466
197,38,0.171424,0.883457
197,39,-0.110969,0.347074
197,40,-0.262997,0.079371
197,41,-0.339522,-0.069136
197,42,-0.318844,0.050060
197,43,-0.312566,-0.009538
197,44,-0.206508,0.169256
197,45,0.108566,0.169256
197,46,0.402512,0.317763
197,47,0.858653,0.883457
197,48,0.724680,1.061274
197,49,0.499278,0.555178
197,50,0.432387,0.555178
197,51,0.519224,0.496557
197,52,0.015176,-0.128734
197,53,-0.111039,0.079371
197,54,-0.124691,0.674374
197,55,-0.064123,0.227877
197,56,0.388471,0.645064
197,57,0.978525,1.478460
197,58,1.167079,0.704662
197,59,1.063252,1.210757
197,60,0.743613,1.091561
197,61,0.410631,1.031963
197,62,0.146057,0.853169
197,63,-0.136544,0.585466
198,0,0.263199,2.757377
198,1,0.188632,2.192661
198,2,0.221916,2.430076
198,3,0.232649,2.311857
198,4,0.283265,2.639158
198,5,0.448875,2.192661
198,6,0.719561,2.936171
198,7,1.189321,3.561463
198,8,1.012359,1.240068
198,9,0.809972,0.406672
198,10,0.751771,0.466270
198,11,0.778157,0.555178
198,12,0.324515,-0.217643
198,13,0.259771,-0.188332
198,14,0.268023,0.138969
198,15,0.308177,0.079371
198,16,0.638628,0.496557
198,17,1.197821,1.151159
198,18,1.256706,1.061274
198,19,1.251764,0.555178
198,20,1.015385,0.287475
198,21,0.734871,-0.069136
198,22,0.493865,-0.486323
198,23,0.223983,-0.456035
198,24,0.046238,2.043177
198,25,-0.024929,1.715876
198,26,0.011648,1.597656
198,27,0.033362,1.567369
198,28,0.105171,1.567369
198,29,0.288040,2.013866
198,30,0.570021,2.519962
198,31,1.021467,2.966459
198,32,0.911724,0.853169
198,33,0.757312,-0.128734
198,34,0.700520,0.050060
198,35,0.718811,0.436959
198,36,0.273660,-0.069136
198,37,0.211309,-0.009538
198,38,0.251346,0.138969
198,39,0.310722,0.227877
198,40,0.624307,0.406672
198,41,1.210804,1.120872
198,42,1.238421,0.912767
198,43,1.233587,0.883457
198,44,0.973204,0.377361
198,45,0.724462,0.138969
198,46,0.514603,-0.307528
198,47,0.261003,-0.307528
198,48,0.099947,-0.247930
198,49,0.032503,-0.664140
198,50,0.054494,-0.873222
198,51,0.070407,-0.902532
198,52,0.158754,-0.634830
198,53,0.345880,-0.426725
198,54,0.619046,0.169256
198,55,1.101685,0.645064
198,56,0.990181,0.585466
198,57,0.747044,0.853169
198,58,0.677825,0.704662
198,59,0.732137,1.240068
198,60,0.253208,0.287475
198,61,0.162067,0.317763
198,62,0.164424,0.614776
198,63,0.186217,0.287475
199,0,0.628830,0.317763
199,1,1.027153,0.793571
199,2,1.008483,1.091561
199,3,0.931225,0.972365
199,4,0.722275,0.525868
199,5,0.372366,-0.009538
199,6,0.118779,-0.367127
199,7,-0.021832,-0.426725
199,8,-0.029766,1.686565
199,9,-0.119370,1.656278
199,10,-0.182756,1.775474
199,11,-0.168621,1.715876
199,12,-0.072588,1.656278
199,13,0.127885,1.894670
199,14,0.463665,2.252259
199,15,1.002969,2.995769
199,16,0.726352,1.240068
199,17,0.499092,0.525868
199,18,0.464264,0.853169
199,19,0.537960,1.240068
199,20,0.178943,0.317763
199,21,0.134546,0.496557
199,22,0.233758,0.227877
199,23,0.276712,0.496557
199,24,0.575889,0.912767
199,25,0.983078,1.328977
199,26,0.997972,1.091561
199,27,0.921976,0.496557
199,28,0.731782,0.258165
199,29,0.401481,-0.188332
199,30,0.163485,-0.456035
199,31,0.029495,-0.544944
199,32,0.084332,-0.486323
199,33,0.036224,-0.544944
199,34,-0.003140,-0.426725
199,35,0.064267,-0.396437
199,36,0.165366,-0.277241
199,37,0.346769,-0.039826
199,38,0.647888,0.317763
199,39,1.181706,0.496557
199,40,0.782405,0.972365
199,41,0.476665,0.674374
199,42,0.449464,0.764260
199,43,0.481993,1.151159
199,44,0.124180,0.793571
199,45,0.053539,0.764260
199,46,0.126384,0.793571
199,47,0.171743,0.466270
199,48,0.480236,0.942078
199,49,0.959020,0.972365
199,50,0.954138,1.388575
199,51,0.894232,0.912767
199,52,0.704538,0.436959
199,53,0.359548,0.138969
199,54,0.108943,-0.336839
199,55,-0.018371,-0.396437
199,56,0.013623,-0.336839
199,57,-0.041393,-0.396437
199,58,-0.080104,-0.396437
199,59,-0.036891,-0.336839
199,60,0.088493,-0.128734
199,61,0.292266,0.079371
199,62,0.601500,0.496557
199,63,1.045803,0.942078
200,0,0.648857,1.507771
200,1,0.451325,1.031963
200,2,0.523654,1.061274
200,3,0.700173,1.061274
200,4,0.289134,0.317763
200,5,0.193214,0.733973
200,6,0.229179,0.377361
200,7,0.227061,0.585466
200,8,0.580818,0.555178
200,9,1.058086,1.031963
200,10,1.124852,1.359264
200,11,0.884302,1.151159
200,12,0.499432,0.912767
200,13,0.070415,0.733973
200,14,-0.151787,0.079371
200,15,-0.269521,-0.099424
200,16,-0.253375,2.133063
200,17,-0.326859,1.894670
200,18,-0.342296,1.894670
200,19,-0.320143,1.805762
200,20,-0.207217,1.954268
200,21,0.036085,2.489674
200,22,0.387358,2.668468
200,23,0.840066,3.590773
200,24,0.613393,1.388575
200,25,0.357635,0.972365
200,26,0.410032,0.645064
200,27,0.682378,0.645064
200,28,0.171199,0.138969
200,29,0.081664,0.466270
200,30,0.134515,0.614776
200,31,0.131222,0.347074
200,32,0.508250,0.406672
200,33,0.949135,1.091561
200,34,1.012745,1.418862
200,35,0.851748,1.448173
200,36,0.459150,1.091561
200,37,0.049349,0.883457
200,38,-0.165063,0.496557
200,39,-0.284044,0.050060
200,40,-0.199575,-0.099424
200,41,-0.258506,-0.188332
200,42,-0.227208,-0.336839
200,43,-0.207099,0.138969
200,44,-0.107624,0.050060
200,45,0.106386,0.496557
200,46,0.521115,0.466270
200,47,0.951720,1.091561
200,48,0.602228,1.151159
200,49,0.312214,0.614776
200,50,0.343201,0.466270
200,51,0.594334,1.031963
200,52,0.090789,0.109658
200,53,-0.021739,0.138969
200,54,0.035624,0.050060
200,55,0.061373,0.406672
200,56,0.434409,0.704662
200,57,0.962667,1.626967
200,58,1.009603,1.418862
200,59,0.796228,1.686565
200,60,0.432133,1.626967
200,61,0.038350,1.240068
200,62,-0.170998,1.091561
200,63,-0.286680,0.555178
201,0,0.904013,0.614776
201,1,0.788425,0.050060
201,2,0.811334,-0.069136
201,3,0.940335,-0.247930
201,4,1.097344,0.050060
201,5,1.343961,0.079371
201,6,1.671037,0.585466
201,7,2.117492,0.972365
201,8,1.335878,1.388575
201,9,0.821471,0.645064
201,10,0.773360,0.377361
201,11,0.710286,1.240068
201,12,0.390700,0.377361
201,13,0.335240,0.169256
201,14,0.360824,-0.039826
201,15,0.400228,-0.039826
201,16,0.751491,0.704662
201,17,1.239067,1.180470
201,18,1.353121,1.894670
201,19,1.276842,1.478460
201,20,0.982895,1.478460
201,21,0.629619,1.001675
201,22,0.332274,0.912767
201,23,0.132072,0.793571
201,24,0.194413,2.281569
201,25,0.119997,2.341167
201,26,0.153510,2.281569
201,27,0.282161,2.073464
201,28,0.467273,2.430076
201,29,0.761930,2.430076
201,30,1.112817,2.906861
201,31,1.511530,3.174564
201,32,1.037621,1.031963
201,33,0.682829,0.645064
201,34,0.679984,0.287475
201,35,0.624445,0.466270
201,36,0.326117,-0.426725
201,37,0.288286,-0.515633
201,38,0.349121,-1.260121
201,39,0.398772,-0.188332
201,40,0.760562,-1.229833
201,41,1.321078,0.377361
201,42,1.361133,0.733973
201,43,1.243961,1.091561
201,44,0.925706,1.091561
201,45,0.607125,0.733973
201,46,0.351939,0.674374
201,47,0.215859,0.138969
201,48,0.342891,0.287475
201,49,0.301378,0.109658
201,50,0.327563,0.377361
201,51,0.446780,-0.009538
201,52,0.652105,-0.217643
201,53,0.914186,-0.336839
201,54,1.276143,0.585466
201,55,1.641881,1.001675
201,56,1.148843,1.091561
201,57,0.742343,0.793571
201,58,0.745474,0.466270
201,59,0.742186,0.466270
201,60,0.404996,-0.336839
201,61,0.350250,-0.217643
201,62,0.383339,-0.159022
201,63,0.395179,0.019773
202,0,0.326671,0.406672
202,1,0.872044,1.031963
202,2,0.999057,1.240068
202,3,0.977121,1.328977
202,4,0.752676,1.359264
202,5,0.399025,0.525868
202,6,0.105143,0.287475
202,7,-0.071571,0.258165
202,8,0.239250,-0.307528
202,9,0.163795,-0.247930
202,10,0.115792,-0.456035
202,11,0.153253,-0.396437
202,12,0.269094,-0.099424
202,13,0.490368,-0.069136
202,14,0.846380,0.614776
202,15,1.401375,1.835072
202,16,1.018793,1.031963
202,17,0.665146,0.674374
202,18,0.550214,0.287475
202,19,0.587674,0.258165
202,20,0.161537,-0.336839
202,21,0.091942,-0.486323
202,22,0.168348,-0.515633
202,23,0.245745,-0.486323
202,24,0.491073,-0.099424
202,25,0.959369,0.733973
202,26,1.080342,0.883457
202,27,1.047296,0.614776
202,28,0.800643,0.555178
202,29,0.459462,0.169256
202,30,0.172822,-0.336839
202,31,-0.018455,-0.188332
202,32,0.334074,-0.426725
202,33,0.274451,-0.247930
202,34,0.236080,-0.396437
202,35,0.278455,-0.307528
202,36,0.378886,-0.188332
202,37,0.580684,-0.069136
202,38,0.919339,0.258165
202,39,1.477220,0.764260
202,40,1.062326,1.120872
202,41,0.686270,0.674374
202,42,0.606626,0.704662
202,43,0.643920,1.180470
202,44,0.215901,0.436959
202,45,0.114205,0.585466
202,46,0.152513,0.109658
202,47,0.225188,0.138969
202,48,0.491613,-0.009538
202,49,1.023350,1.001675
202,50,1.150339,1.091561
202,51,1.151966,0.793571
202,52,0.896466,0.555178
202,53,0.526830,0.198567
202,54,0.238680,-0.128734
202,55,0.078485,-0.128734
202,56,0.472645,-0.396437
202,57,0.419755,-0.486323
202,58,0.376225,-0.604542
202,59,0.399695,-0.544944
202,60,0.530571,-0.426725
202,61,0.767192,-0.307528
202,62,1.131093,0.050060
202,63,1.595786,0.198567
203,0,0.532821,0.793571
203,1,0.333183,0.377361
203,2,0.294287,0.972365
203,3,0.415009,1.538058
203,4,-0.144321,0.614776
203,5,-0.263603,0.317763
203,6,-0.234944,-0.128734
203,7,-0.225695,0.050060
203,8,0.107606,0.258165
203,9,0.779125,1.061274
203,10,0.997849,0.883457
203,11,0.855517,0.764260
203,12,0.559776,0.436959
203,13,0.171946,0.019773
203,14,-0.138532,0.138969
203,15,-0.285131,-0.069136
203,16,-0.314136,1.984556
203,17,-0.365497,1.954268
203,18,-0.375408,2.013866
203,19,-0.347681,2.192661
203,20,-0.205301,1.865360
203,21,0.036565,2.073464
203,22,0.379870,2.668468
203,23,0.749288,3.293760
203,24,0.765688,0.050060
203,25,0.469100,0.258165
203,26,0.394145,-0.128734
203,27,0.557864,-0.217643
203,28,-0.042685,0.436959
203,29,-0.170227,0.347074
203,30,-0.180701,0.227877
203,31,-0.149717,0.287475
203,32,0.224182,0.287475
203,33,0.904665,0.853169
203,34,1.084816,0.853169
203,35,0.990904,0.853169
203,36,0.666094,0.585466
203,37,0.227417,0.050060
203,38,-0.063120,-0.188332
203,39,-0.189386,-0.217643
203,40,-0.136638,-0.128734
203,41,-0.226167,-0.604542
203,42,-0.198847,-0.664140
203,43,-0.162410,-0.247930
203,44,0.027071,-0.217643
203,45,0.246870,-0.069136
203,46,0.687833,0.466270
203,47,1.078939,0.823858
203,48,0.901231,1.120872
203,49,0.496091,0.555178
203,50,0.362541,0.645064
203,51,0.517851,0.823858
203,52,-0.094883,-0.307528
203,53,-0.239719,-0.009538
203,54,-0.261810,0.227877
203,55,-0.228402,0.198567
203,56,0.130788,0.793571
203,57,0.891437,1.240068
203,58,1.136469,1.061274
203,59,1.024942,0.555178
203,60,0.751957,0.525868
203,61,0.334020,0.109658
203,62,0.050551,-0.159022
203,63,-0.131475,-0.396437
204,0,-0.224647,2.192661
204,1,-0.309198,1.984556
204,2,-0.349868,1.924958
204,3,-0.270259,1.865360
204,4,-0.173567,1.954268
204,5,0.019952,2.192661
204,6,0.436114,2.460364
204,7,0.899582,3.026057
204,8,0.856969,3.621061
204,9,0.602296,0.764260
204,10,0.568197,0.793571
204,11,0.608087,1.328977
204,12,0.115159,0.169256
204,13,0.064614,0.227877
204,14,0.065507,0.377361
204,15,0.103384,0.674374
204,16,0.416094,1.359264
204,17,0.988025,1.478460
204,18,1.142753,1.299666
204,19,0.867258,0.912767
204,20,0.571001,0.496557
204,21,0.210047,0.079371
204,22,-0.091195,-0.456035
204,23,-0.228404,-0.544944
204,24,-0.227581,-0.664140
204,25,-0.303334,-0.842934
204,26,-0.347308,-0.426725
204,27,-0.254229,-0.456035
204,28,-0.141015,-0.336839
204,29,0.062833,0.050060
204,30,0.493899,0.169256
204,31,0.928680,0.525868
204,32,0.869843,1.270355
204,33,0.585423,1.001675
204,34,0.549162,1.448173
204,35,0.599795,1.715876
204,36,0.094451,0.853169
204,37,0.022899,0.764260
204,38,0.031782,0.704662
204,39,0.070420,0.585466
204,40,0.364315,0.883457
204,41,0.934788,1.270355
204,42,1.013736,1.120872
204,43,0.779859,1.001675
204,44,0.506712,0.555178
204,45,0.165112,0.169256
204,46,-0.134757,-0.128734
204,47,-0.284742,-0.367127
204,48,-0.276277,-0.277241
204,49,-0.314831,-0.575231
204,50,-0.342260,-0.634830
204,51,-0.269466,-0.694427
204,52,-0.148286,-0.515633
204,53,0.027996,-0.336839
204,54,0.466596,0.169256
204,55,0.915499,1.031963
204,56,0.801573,1.031963
204,57,0.590426,0.972365
204,58,0.590150,1.061274
204,59,0.729782,0.942078
204,60,0.234892,0.496557
204,61,0.141186,0.377361
204,62,0.112816,0.466270
204,63,0.121032,0.138969
205,0,0.409814,0.555178
205,1,0.863901,1.151159
205,2,0.946690,1.388575
205,3,0.807195,0.733973
205,4,0.598391,0.496557
205,5,0.196273,-0.039826
205,6,-0.166952,-0.307528
205,7,-0.299845,-0.486323
205,8,-0.210838,-0.694427
205,9,-0.283971,-0.873222
205,10,-0.331318,-0.783336
205,11,-0.266022,-0.783336
205,12,-0.109700,-0.634830
205,13,0.150853,-0.099424
205,14,0.589166,-0.159022
205,15,1.238514,0.169256
205,16,1.106975,1.031963
205,17,0.916858,0.525868
205,18,0.943347,0.466270
205,19,1.061808,0.942078
205,20,0.542816,0.317763
205,21,0.438053,0.436959
205,22,0.391530,0.347074
205,23,0.357965,0.347074
205,24,0.568644,0.704662
205,25,0.940022,1.210757
205,26,1.016631,1.091561
205,27,0.850794,1.091561
205,28,0.639466,0.614776
205,29,0.267239,0.109658
205,30,-0.080463,-0.307528
205,31,-0.152566,-0.456035
205,32,0.360334,1.775474
205,33,0.340723,1.775474
205,34,0.218829,1.775474
205,35,0.296790,1.775474
205,36,0.414933,1.775474
205,37,0.590061,1.775474
205,38,1.015521,1.775474
205,39,1.541012,1.775474
205,40,1.168149,1.775474
205,41,0.781206,1.775474
205,42,0.764039,1.775474
205,43,0.773540,1.775474
205,44,0.377825,1.775474
205,45,0.284797,1.775474
205,46,0.255757,1.775474
205,47,0.287090,1.775474
205,48,0.519613,1.775474
205,49,0.989608,1.775474
205,50,1.091035,1.775474
205,51,0.939755,1.775474
205,52,0.728083,1.775474
205,53,0.339117,1.775474
205,54,0.011260,1.775474
205,55,-0.074512,1.775474
205,56,0.297348,1.775474
205,57,0.179692,1.538058
205,58,0.136112,1.507771
205,59,0.234861,1.538058
205,60,0.393388,1.507771
205,61,0.603573,1.924958
205,62,0.975824,-0.099424
205,63,1.477753,0.377361
206,0,0.723094,0.972365
206,1,0.689078,0.614776
206,2,0.701095,0.525868
206,3,0.733864,0.853169
206,4,0.557012,0.050060
206,5,0.538477,0.019773
206,6,0.545315,-0.039826
206,7,0.629518,0.436959
206,8,0.859329,0.436959
206,9,1.168617,1.031963
206,10,1.312985,0.912767
206,11,1.230607,0.674374
206,12,1.047748,0.377361
206,13,0.746943,-0.069136
206,14,0.448875,-0.426725
206,15,0.294677,-0.634830
206,16,0.512246,1.567369
206,17,0.463299,1.507771
206,18,0.426393,1.478460
206,19,0.463437,1.359264
206,20,0.540121,1.567369
206,21,0.650614,1.924958
206,22,0.784627,2.013866
206,23,1.024204,2.816975
206,24,1.040869,0.436959
206,25,0.889598,0.258165
206,26,0.819187,0.674374
206,27,0.816731,0.645064
206,28,0.586783,-0.039826
206,29,0.540310,0.198567
206,30,0.540590,-0.069136
206,31,0.638258,0.079371
206,32,0.899199,0.347074
206,33,1.273175,1.001675
206,34,1.366140,0.674374
206,35,1.245760,0.525868
206,36,1.034104,0.287475
206,37,0.717719,-0.277241
206,38,0.458705,-0.544944
206,39,0.398904,-0.544944
206,40,0.917857,-0.783336
206,41,0.955250,-0.931843
206,42,0.996433,-1.051039
206,43,1.002638,-0.931843
206,44,1.100086,-1.081327
206,45,1.285098,-0.783336
206,46,1.387748,-0.396437
206,47,1.812083,0.109658
206,48,1.514786,0.883457
206,49,1.204037,0.645064
206,50,1.051233,0.764260
206,51,1.067068,1.001675
206,52,0.730400,0.258165
206,53,0.622373,0.347074
206,54,0.605740,0.227877
206,55,0.697142,0.377361
206,56,0.906722,0.793571
206,57,1.230023,1.299666
206,58,1.330818,1.061274
206,59,1.242539,0.823858
206,60,1.022029,0.555178
206,61,0.671824,0.198567
206,62,0.385132,-0.188332
206,63,0.227285,-0.188332
207,0,-0.235354,-0.426725
207,1,-0.282656,-0.515633
207,2,-0.255416,-0.486323
207,3,-0.192754,-0.664140
207,4,-0.066503,-0.515633
207,5,0.200950,-0.426725
207,6,0.577105,-0.217643
207,7,1.130051,0.317763
207,8,1.094529,1.091561
207,9,0.840517,0.972365
207,10,0.848111,1.210757
207,11,0.874984,1.359264
207,12,0.442639,0.823858
207,13,0.314706,1.091561
207,14,0.264396,0.912767
207,15,0.343592,1.328977
207,16,0.664332,1.418862
207,17,1.158416,1.775474
207,18,1.188914,1.715876
207,19,0.972543,1.448173
207,20,0.680287,0.972365
207,21,0.225955,0.347074
207,22,-0.212952,0.019773
207,23,-0.402458,-0.188332
207,24,-0.458794,-0.515633
207,25,-0.545531,-0.664140
207,26,-0.491464,-0.664140
207,27,-0.406410,-0.664140
207,28,-0.276857,-0.694427
207,29,-0.030168,-0.544944
207,30,0.312621,-0.277241
207,31,0.830155,0.050060
207,32,0.958735,1.091561
207,33,0.845761,1.270355
207,34,0.871129,1.120872
207,35,0.911960,1.507771
207,36,0.460109,0.883457
207,37,0.318476,1.120872
207,38,0.261493,1.001675
207,39,0.311901,1.061274
207,40,0.607478,1.507771
207,41,1.072300,1.924958
207,42,1.067201,1.894670
207,43,0.852277,1.240068
207,44,0.564586,0.942078
207,45,0.124526,0.525868
207,46,-0.261385,-0.069136
207,47,-0.381240,-0.099424
207,48,-0.135372,-0.396437
207,49,-0.181920,-0.544944
207,50,-0.191144,-0.604542
207,51,-0.156148,-0.604542
207,52,-0.006230,-0.575231
207,53,0.242316,-0.336839
207,54,0.580473,-0.188332
207,55,1.068674,0.555178
207,56,1.029127,1.328977
207,57,0.790213,1.448173
207,58,0.784177,1.151159
207,59,0.841001,1.686565
207,60,0.409630,1.151159
207,61,0.277434,1.597656
207,62,0.203917,1.151159
207,63,0.250068,1.686565
208,0,1.672476,2.013866
208,1,1.959972,2.221971
208,2,1.935667,2.043177
208,3,1.599553,1.507771
208,4,1.251427,1.061274
208,5,0.723633,0.555178
208,6,0.227723,0.050060
208,7,-0.053281,0.109658
208,8,-0.216500,-0.217643
208,9,-0.398162,-0.396437
208,10,-0.435506,-0.544944
208,11,-0.423468,-0.575231
208,12,-0.352470,-0.486323
208,13,-0.150080,-0.159022
208,14,0.122221,0.079371
208,15,0.654174,0.436959
208,16,1.007524,1.299666
208,17,1.017388,1.656278
208,18,1.047051,1.418862
208,19,1.251933,2.162373
208,20,0.891923,1.151159
208,21,0.819511,1.775474
208,22,0.736745,1.418862
208,23,0.864130,1.715876
208,24,1.115468,2.043177
208,25,1.419993,2.252259
208,26,1.412229,2.073464
208,27,1.117701,1.715876
208,28,0.810296,1.567369
208,29,0.343257,0.853169
208,30,-0.090924,0.436959
208,31,-0.208364,0.169256
208,32,0.093435,-0.247930
208,33,0.104995,-0.217643
208,34,0.091327,-0.664140
208,35,0.097882,-0.544944
208,36,0.164365,-0.604542
208,37,0.336032,-0.544944
208,38,0.524361,-0.128734
208,39,1.052059,0.466270
208,40,1.179648,1.001675
208,41,1.017872,0.942078
208,42,1.013706,0.942078
208,43,1.065799,1.091561
208,44,0.767768,0.614776
208,45,0.698819,0.764260
208,46,0.626400,0.942078
208,47,0.782819,1.061274
208,48,1.021044,1.448173
208,49,1.333145,1.924958
208,50,1.328048,2.102775
208,51,1.075169,2.133063
208,52,0.761313,1.656278
208,53,0.284544,1.001675
208,54,-0.131597,0.764260
208,55,-0.297576,0.317763
208,56,-0.318207,2.519962
208,57,-0.406845,2.370478
208,58,-0.390577,2.252259
208,59,-0.312609,2.162373
208,60,-0.204373,2.133063
208,61,-0.008554,2.252259
208,62,0.246850,2.668468
208,63,0.719212,3.323071
209,0,2.880821,3.680659
209,1,2.300375,0.972365
209,2,2.044783,0.853169
209,3,1.987258,0.972365
209,4,1.474669,0.079371
209,5,1.356569,0.525868
209,6,1.307843,0.138969
209,7,1.343061,0.169256
209,8,1.457441,0.525868
209,9,1.700222,1.567369
209,10,1.764308,1.626967
209,11,1.686037,1.805762
209,12,1.448347,1.418862
209,13,1.070774,0.733973
209,14,0.763797,0.377361
209,15,0.716819,-0.099424
209,16,1.174049,-0.396437
209,17,1.219358,-0.426725
209,18,1.189430,-0.486323
209,19,1.227467,-0.515633
209,20,1.269785,-0.544944
209,21,1.352743,-0.188332
209,22,1.488930,0.169256
209,23,1.734483,0.883457
209,24,1.715169,1.180470
209,25,1.501527,0.793571
209,26,1.393860,0.645064
209,27,1.283888,1.120872
209,28,1.025201,0.436959
209,29,1.016801,0.317763
209,30,1.015288,0.198567
209,31,1.122750,0.169256
209,32,1.312827,0.823858
209,33,1.574610,1.715876
209,34,1.630729,1.894670
209,35,1.526284,1.805762
209,36,1.264890,1.597656
209,37,0.931518,1.001675
209,38,0.634017,0.496557
209,39,0.571999,0.019773
209,40,0.969788,2.281569
209,41,1.037496,2.073464
209,42,1.014354,2.013866
209,43,1.022912,2.013866
209,44,1.085186,2.073464
209,45,1.181252,2.668468
209,46,1.322025,3.323071
209,47,1.584075,4.067558
209,48,1.608564,1.984556
209,49,1.445530,1.448173
209,50,1.375460,1.151159
209,51,1.302773,1.299666
209,52,1.058988,0.704662
209,53,1.013271,0.377361
209,54,0.996560,0.317763
209,55,1.080304,0.555178
209,56,1.243310,0.733973
209,57,1.471705,1.775474
209,58,1.496993,2.013866
209,59,1.366974,1.865360
209,60,1.084727,2.013866
209,61,0.720320,1.805762
209,62,0.408302,0.942078
209,63,0.312513,1.031963
210,0,1.245989,0.287475
210,1,1.000753,-0.336839
210,2,0.809638,-0.664140
210,3,0.772571,-0.634830
210,4,0.848373,-0.694427
210,5,1.159921,-0.396437
210,6,1.411771,0.169256
210,7,2.116258,0.793571
210,8,1.768207,1.091561
210,9,1.293530,0.764260
210,10,1.151682,0.496557
210,11,1.149095,0.942078
210,12,0.785871,0.169256
210,13,0.692502,0.436959
210,14,0.650644,0.198567
210,15,0.760942,0.555178
210,16,1.160124,0.764260
210,17,1.761897,-2.717832
210,18,1.877830,-2.003632
210,19,1.722916,-0.544944
210,20,1.510444,0.614776
210,21,1.043377,0.317763
210,22,0.503198,-0.039826
210,23,0.379253,-0.159022
210,24,0.701555,-0.307528
210,25,0.753152,-0.515633
210,26,0.627249,-0.544944
210,27,0.680015,-0.604542
210,28,0.869035,-0.575231
210,29,1.307181,-0.277241
210,30,1.600070,0.138969
210,31,2.229814,0.614776
210,32,2.022332,1.359264
210,33,1.579682,1.061274
210,34,1.453683,0.704662
210,35,1.382876,1.270355
210,36,0.987306,0.614776
210,37,0.845410,0.883457
210,38,0.796098,0.823858
210,39,0.888903,0.585466
210,40,1.253355,1.270355
210,41,1.899814,1.715876
210,42,1.931730,2.489674
210,43,1.746399,1.894670
210,44,1.488313,1.805762
210,45,0.996454,1.180470
210,46,0.504945,0.793571
210,47,0.313942,0.377361
210,48,0.408374,2.430076
210,49,0.388109,2.579560
210,50,0.306823,2.252259
210,51,0.310949,2.311857
210,52,0.438047,2.341167
210,53,0.682618,2.311857
210,54,0.978199,3.055367
210,55,1.468983,3.203874
210,56,1.440650,1.507771
210,57,1.276750,1.240068
210,58,1.232150,0.912767
210,59,1.316592,1.418862
210,60,0.927835,0.883457
210,61,0.813135,0.496557
210,62,0.736121,0.555178
210,63,0.801492,0.555178
211,0,1.016402,1.001675
211,1,1.387280,1.507771
211,2,1.585810,1.626967
211,3,1.559464,1.865360
211,4,1.356889,1.507771
211,5,0.938167,0.823858
211,6,0.464583,0.466270
211,7,0.331001,0.169256
211,8,0.997998,0.019773
211,9,0.946629,-0.217643
211,10,0.900069,-0.277241
211,11,1.007838,-0.128734
211,12,1.125343,-0.128734
211,13,1.401806,-0.069136
211,14,1.707227,0.258165
211,15,2.168424,0.942078
211,16,1.595035,1.031963
211,17,1.200694,0.733973
211,18,1.107328,0.972365
211,19,1.135116,1.120872
211,20,0.872229,0.317763
211,21,0.776884,0.138969
211,22,0.753424,0.258165
211,23,0.826054,-0.009538
211,24,1.130301,0.050060
211,25,1.575656,1.091561
211,26,1.788832,1.091561
211,27,1.694947,1.180470
211,28,1.480383,0.912767
211,29,1.053403,0.614776
211,30,0.569680,0.169256
211,31,0.417148,-0.009538
211,32,1.270043,-0.217643
211,33,1.264084,-0.426725
211,34,1.125490,-0.159022
211,35,1.196977,-0.069136
211,36,1.293419,-0.307528
211,37,1.564160,-0.217643
211,38,1.955499,0.169256
211,39,2.485510,0.406672
211,40,1.748637,1.299666
211,41,1.263139,0.525868
211,42,1.136830,0.585466
211,43,1.199699,1.001675
211,44,0.839072,0.258165
211,45,0.716213,0.525868
211,46,0.675427,0.793571
211,47,0.734058,0.733973
211,48,0.985940,0.883457
211,49,1.455493,1.626967
211,50,1.606412,1.478460
211,51,1.586079,1.328977
211,52,1.308120,1.299666
211,53,0.850405,0.704662
211,54,0.356317,0.347074
211,55,0.150627,0.258165
211,56,0.748729,2.370478
211,57,0.715284,2.221971
211,58,0.660220,2.073464
211,59,0.716649,2.043177
211,60,0.811428,2.073464
211,61,1.071499,2.311857
211,62,1.430073,2.579560
211,63,1.902855,2.995769
212,0,2.366428,1.151159
212,1,1.398358,0.585466
212,2,1.164812,0.496557
212,3,1.232840,1.031963
212,4,0.625507,0.436959
212,5,0.488076,0.525868
212,6,0.508902,0.585466
212,7,0.590586,0.496557
212,8,0.898113,1.151159
212,9,1.487709,1.656278
212,10,1.693691,1.151159
212,11,1.643836,1.270355
212,12,1.379413,1.151159
212,13,0.872189,0.585466
212,14,0.412795,0.614776
212,15,0.244589,0.377361
212,16,0.682620,0.050060
212,17,0.543368,-0.217643
212,18,0.398779,-0.307528
212,19,0.441912,-0.336839
212,20,0.529638,-0.396437
212,21,0.747122,-0.039826
212,22,1.076396,0.198567
212,23,1.485567,0.466270
212,24,1.448366,0.972365
212,25,1.101853,0.614776
212,26,1.025110,0.585466
212,27,0.971043,1.240068
212,28,0.627657,0.733973
212,29,0.535998,1.001675
212,30,0.517321,0.585466
212,31,0.593927,0.972365
212,32,0.863537,1.091561
212,33,1.319497,1.299666
212,34,1.515064,1.478460
212,35,1.453870,1.180470
212,36,1.183023,1.031963
212,37,0.711869,0.525868
212,38,0.288343,0.050060
212,39,0.106821,2.400765
212,40,0.397171,2.102775
212,41,0.267231,1.746163
212,42,0.161958,1.924958
212,43,0.159125,1.954268
212,44,0.246317,1.775474
212,45,0.530239,2.043177
212,46,0.875989,2.102775
212,47,1.406781,2.995769
212,48,1.441000,3.382668
212,49,1.174884,0.942078
212,50,1.131517,0.942078
212,51,1.161094,1.328977
212,52,0.775671,0.377361
212,53,0.655479,1.061274
212,54,0.644760,0.674374
212,55,0.726515,0.793571
212,56,0.978910,1.001675
212,57,1.486748,1.597656
212,58,1.620663,1.359264
212,59,1.532762,1.270355
212,60,1.282363,0.733973
212,61,0.726723,0.198567
212,62,0.315871,0.525868
212,63,0.129295,0.109658
213,0,-0.086207,2.133063
213,1,-0.156325,1.954268
213,2,-0.196739,1.626967
213,3,-0.188257,1.715876
213,4,-0.150776,1.894670
213,5,0.097226,1.954268
213,6,0.440075,2.370478
213,7,1.049184,2.995769
213,8,1.243230,1.270355
213,9,0.884142,0.823858
213,10,0.866929,0.733973
213,11,1.091629,1.091561
213,12,0.718845,0.377361
213,13,0.677976,0.674374
213,14,0.648892,0.614776
213,15,0.736773,0.525868
213,16,0.997601,0.883457
213,17,1.288386,1.656278
213,18,1.368372,1.626967
213,19,1.243588,1.448173
213,20,0.966743,1.180470
213,21,0.493355,0.823858
213,22,0.236746,0.377361
213,23,0.215898,-0.009538
213,24,0.530355,0.019773
213,25,0.478657,-0.307528
213,26,0.449059,-0.575231
213,27,0.582878,-0.604542
213,28,0.558568,-0.456035
213,29,0.903059,0.138969
213,30,1.248711,0.406672
213,31,1.720974,0.942078
213,32,1.633400,1.270355
213,33,1.205878,0.645064
213,34,1.135469,1.001675
213,35,1.144336,1.299666
213,36,0.868720,0.823858
213,37,0.814461,1.478460
213,38,0.797534,1.328977
213,39,0.870000,1.151159
213,40,1.113171,1.328977
213,41,1.561705,1.775474
213,42,1.570127,2.162373
213,43,1.440468,1.538058
213,44,1.166271,1.151159
213,45,0.686670,0.496557
213,46,0.373538,0.198567
213,47,0.195080,-0.009538
213,48,0.183795,-0.396437
213,49,0.109901,-0.396437
213,50,0.042831,-0.544944
213,51,0.039989,-0.723738
213,52,0.104077,-0.634830
213,53,0.334019,-0.039826
213,54,0.651642,0.436959
213,55,1.163171,1.388575
213,56,1.274914,1.805762
213,57,0.956544,1.240068
213,58,0.929027,1.418862
213,59,1.133440,1.775474
213,60,0.757601,0.972365
213,61,0.688186,1.120872
213,62,0.644840,1.031963
213,63,0.732925,0.674374
214,0,1.223068,0.764260
214,1,1.619939,1.091561
214,2,1.663263,1.359264
214,3,1.409641,1.388575
214,4,1.149599,1.180470
214,5,0.526769,0.733973
214,6,0.082905,0.198567
214,7,-0.158557,0.019773
214,8,-0.211134,-0.069136
214,9,-0.308401,-0.396437
214,10,-0.366063,-0.426725
214,11,-0.358765,-0.456035
214,12,-0.252603,-0.188332
214,13,0.149873,-0.009538
214,14,0.584018,0.377361
214,15,1.319977,1.091561
214,16,1.401547,1.746163
214,17,1.033972,0.972365
214,18,0.972901,1.924958
214,19,1.210772,1.805762
214,20,0.799020,1.299666
214,21,0.842719,1.359264
214,22,0.773058,1.091561
214,23,0.779286,1.210757
214,24,1.081915,1.478460
214,25,1.592569,2.133063
214,26,1.690381,2.221971
214,27,1.425676,2.281569
214,28,1.127933,1.538058
214,29,0.578425,1.120872
214,30,0.196424,0.525868
214,31,0.058317,0.555178
214,32,0.375963,2.460364
214,33,0.323263,2.608870
214,34,0.169184,2.489674
214,35,0.284424,2.400765
214,36,0.315984,2.341167
214,37,0.728984,2.341167
214,38,1.191947,2.757377
214,39,1.935112,3.650372
214,40,1.804919,1.924958
214,41,1.282513,1.656278
214,42,1.218885,1.210757
214,43,1.366523,2.013866
214,44,0.926658,1.686565
214,45,0.906130,1.686565
214,46,0.860414,1.746163
214,47,0.864375,1.805762
214,48,1.158207,2.043177
214,49,1.667976,2.549272
214,50,1.665347,2.966459
214,51,1.451934,2.876573
214,52,1.125316,2.460364
214,53,0.535663,1.924958
214,54,0.158046,1.686565
214,55,0.047091,1.120872
214,56,0.345583,3.026057
214,57,0.207329,2.757377
214,58,0.119705,2.311857
214,59,0.215643,2.281569
214,60,0.294594,2.162373
214,61,0.629321,2.281569
214,62,1.065349,2.489674
214,63,1.717973,2.816975
215,0,2.167838,1.805762
215,1,1.590113,1.686565
215,2,1.558590,1.954268
215,3,1.691435,2.192661
215,4,1.440185,1.746163
215,5,1.391070,1.805762
215,6,1.401706,1.835072
215,7,1.408419,1.954268
215,8,1.672801,2.192661
215,9,2.134049,2.579560
215,10,2.298737,2.787665
215,11,2.260321,2.192661
215,12,1.993840,1.746163
215,13,1.599739,1.091561
215,14,1.247010,0.555178
215,15,1.181798,0.258165
215,16,2.030193,-0.039826
215,17,1.872015,-0.247930
215,18,1.690121,-0.336839
215,19,1.669585,-0.367127
215,20,1.691295,-0.426725
215,21,1.888587,-0.277241
215,22,2.170435,-0.069136
215,23,2.589820,0.287475
215,24,2.091042,1.061274
215,25,1.610791,1.091561
215,26,1.551175,1.210757
215,27,1.612319,1.656278
215,28,1.403337,1.180470
215,29,1.369838,1.388575
215,30,1.373956,1.388575
215,31,1.391950,1.567369
215,32,1.644349,1.538058
215,33,2.048728,2.400765
215,34,2.187594,2.281569
215,35,2.080303,2.370478
215,36,1.764567,1.865360
215,37,1.380550,1.359264
215,38,1.073595,0.704662
215,39,1.038512,0.169256
215,40,2.115315,-0.128734
215,41,2.027258,-0.396437
215,42,1.821562,-0.486323
215,43,1.818131,-0.544944
215,44,1.835954,-0.634830
215,45,2.044172,-0.515633
215,46,2.330998,-0.247930
215,47,2.847200,0.198567
215,48,2.106823,0.972365
215,49,1.553663,1.240068
215,50,1.477786,1.715876
215,51,1.507318,2.102775
215,52,1.265951,1.656278
215,53,1.166237,1.686565
215,54,1.174408,1.656278
215,55,1.177276,1.656278
215,56,1.428071,1.924958
215,57,1.884049,2.430076
215,58,2.041501,2.370478
215,59,1.960081,2.192661
215,60,1.649749,1.746163
215,61,1.270343,1.210757
215,62,0.910837,0.555178
215,63,0.765288,0.109658
216,0,-0.265089,-0.217643
216,1,-0.374192,-0.456035
216,2,-0.390637,-0.575231
216,3,-0.422841,-0.575231
216,4,-0.344056,-0.604542
216,5,-0.004941,-0.486323
216,6,0.436196,-0.426725
216,7,1.127069,0.079371
216,8,1.485030,0.883457
216,9,1.399160,1.061274
216,10,1.695134,1.240068
216,11,1.990762,1.865360
216,12,1.536228,1.388575
216,13,1.473714,1.448173
216,14,1.451468,1.507771
216,15,1.452760,1.478460
216,16,1.673932,1.715876
216,17,2.150111,2.192661
216,18,2.267240,2.341167
216,19,2.238553,2.400765
216,20,1.823591,1.954268
216,21,1.257501,1.328977
216,22,0.544724,0.764260
216,23,0.205424,0.198567
216,24,0.259084,-0.159022
216,25,0.107360,-0.336839
216,26,0.010973,-0.486323
216,27,-0.015061,-0.486323
216,28,0.104244,-0.486323
216,29,0.439685,-0.396437
216,30,0.917527,-0.188332
216,31,1.621765,0.377361
216,32,1.717448,1.151159
216,33,1.536210,1.210757
216,34,1.635946,1.240068
216,35,1.843611,2.102775
216,36,1.470252,1.328977
216,37,1.362563,1.448173
216,38,1.356799,1.359264
216,39,1.361699,1.418862
216,40,1.577290,1.835072
216,41,2.109247,2.311857
216,42,2.212498,2.430076
216,43,2.193984,2.728066
216,44,1.772971,2.400765
216,45,1.215811,1.538058
216,46,0.622255,1.031963
216,47,0.341992,0.525868
216,48,0.849690,0.169256
216,49,0.711277,-0.159022
216,50,0.485320,-0.277241
216,51,0.533706,-0.396437
216,52,0.555098,-0.307528
216,53,0.960024,-0.217643
216,54,1.458839,-0.069136
216,55,2.050106,0.614776
216,56,1.853228,1.359264
216,57,1.497244,1.418862
216,58,1.536635,1.359264
216,59,1.814321,1.746163
216,60,1.420854,1.001675
216,61,1.309880,0.912767
216,62,1.310944,0.704662
216,63,1.360401,0.764260
217,0,1.241934,1.507771
217,1,1.748194,2.102775
217,2,1.877205,2.549272
217,3,1.929189,2.995769
217,4,1.747758,2.698756
217,5,1.130392,2.102775
217,6,0.530799,1.180470
217,7,0.140014,0.555178
217,8,-0.003345,0.258165
217,9,-0.171727,0.258165
217,10,-0.294443,0.258165
217,11,-0.324900,0.258165
217,12,-0.267276,0.258165
217,13,-0.027515,0.258165
217,14,0.313043,0.258165
217,15,0.965042,0.258165
217,16,1.246279,0.258165
217,17,1.112536,0.258165
217,18,1.220635,0.258165
217,19,1.534846,0.258165
217,20,1.103786,0.258165
217,21,1.023570,0.258165
217,22,0.967615,0.258165
217,23,1.030265,0.258165
217,24,1.372784,0.258165
217,25,1.914685,0.258165
217,26,2.074694,0.258165
217,27,2.038858,0.258165
217,28,1.729393,0.258165
217,29,1.165763,0.258165
217,30,0.580351,0.258165
217,31,0.252704,0.258165
217,32,0.250325,0.704662
217,33,0.076873,0.496557
217,34,-0.085719,0.347074
217,35,-0.068812,0.227877
217,36,-0.025057,0.169256
217,37,0.229854,0.198567
217,38,0.560058,0.377361
217,39,1.232187,1.120872
217,40,1.477252,1.686565
217,41,1.229486,1.418862
217,42,1.337734,0.793571
217,43,1.599940,1.507771
217,44,1.223166,0.823858
217,45,1.174955,1.299666
217,46,1.142925,0.793571
217,47,1.199349,1.151159
217,48,1.503929,1.299666
217,49,2.004677,1.894670
217,50,2.141733,2.400765
217,51,2.101379,2.906861
217,52,1.821824,2.698756
217,53,1.209462,2.281569
217,54,0.641525,1.507771
217,55,0.273145,0.883457
217,56,0.081206,0.525868
217,57,-0.129609,0.079371
217,58,-0.245489,-0.128734
217,59,-0.230519,-0.009538
217,60,-0.175590,0.377361
217,61,-0.017532,0.287475
217,62,0.252106,0.585466
217,63,0.779142,1.180470
218,0,1.687955,1.715876
218,1,1.591293,1.210757
218,2,1.596326,0.704662
218,3,1.785818,1.180470
218,4,1.487677,0.614776
218,5,1.405277,1.061274
218,6,1.338900,0.645064
218,7,1.389395,0.793571
218,8,1.700290,1.478460
218,9,2.261897,1.924958
218,10,2.601722,2.489674
218,11,2.658786,2.579560
218,12,2.268903,2.341167
218,13,1.658162,1.686565
218,14,0.977840,1.120872
218,15,0.403670,0.585466
218,16,0.136753,0.525868
218,17,-0.059682,0.258165
218,18,-0.163094,-0.128734
218,19,-0.191867,-0.188332
218,20,-0.131147,-0.099424
218,21,0.068559,0.436959
218,22,0.381281,0.823858
218,23,1.006968,1.299666
218,24,1.482361,1.775474
218,25,1.414713,1.359264
218,26,1.512271,1.031963
218,27,1.783160,1.478460
218,28,1.477483,1.031963
218,29,1.404893,0.972365
218,30,1.339686,1.120872
218,31,1.377028,1.359264
218,32,1.681991,1.775474
218,33,2.235482,2.281569
218,34,2.499860,2.579560
218,35,2.528251,3.085655
218,36,2.079074,2.876573
218,37,1.501954,2.311857
218,38,0.873152,1.538058
218,39,0.375942,0.912767
218,40,0.163505,0.555178
218,41,-0.040247,0.109658
218,42,-0.106176,0.198567
218,43,-0.104117,0.198567
218,44,-0.048101,0.347074
218,45,0.103339,0.377361
218,46,0.398800,0.614776
218,47,1.055730,1.328977
218,48,1.545793,1.894670
218,49,1.479028,1.270355
218,50,1.586814,1.031963
218,51,1.870601,1.270355
218,52,1.505072,0.733973
218,53,1.398371,0.614776
218,54,1.345132,0.645064
218,55,1.392603,0.764260
218,56,1.684013,1.538058
218,57,2.179808,2.370478
218,58,2.485632,2.549272
218,59,2.516134,3.114965
218,60,2.115332,3.026057
218,61,1.525413,2.489674
218,62,0.893422,1.656278
218,63,0.380088,1.001675
219,0,0.695764,0.466270
219,1,0.418349,0.079371
219,2,0.257294,0.377361
219,3,0.244026,0.317763
219,4,0.320807,0.436959
219,5,0.467244,0.109658
219,6,0.765478,0.377361
219,7,1.338566,1.091561
219,8,1.792458,1.894670
219,9,1.523115,1.091561
219,10,1.441718,1.120872
219,11,1.555568,1.478460
219,12,1.269183,0.585466
219,13,1.202239,0.912767
219,14,1.155818,0.853169
219,15,1.275609,0.733973
219,16,1.796054,1.120872
219,17,2.389798,1.656278
219,18,2.735432,2.192661
219,19,3.005708,2.876573
219,20,2.781763,3.263473
219,21,2.264309,2.728066
219,22,1.525445,1.805762
219,23,0.961331,1.151159
219,24,0.623216,0.614776
219,25,0.350199,0.227877
219,26,0.212631,-0.128734
219,27,0.206794,-0.099424
219,28,0.311798,-0.039826
219,29,0.460454,0.109658
219,30,0.728551,0.347074
219,31,1.272568,0.912767
219,32,1.673875,1.715876
219,33,1.435435,1.328977
219,34,1.395045,0.972365
219,35,1.547650,1.507771
219,36,1.231624,1.120872
219,37,1.151172,0.764260
219,38,1.101638,0.674374
219,39,1.181878,0.466270
219,40,1.605828,0.853169
219,41,2.235259,1.805762
219,42,2.556396,2.162373
219,43,2.750500,2.876573
219,44,2.482866,2.698756
219,45,1.951518,2.133063
219,46,1.294855,1.507771
219,47,0.781329,0.942078
219,48,0.513102,0.198567
219,49,0.311363,0.079371
219,50,0.189202,0.050060
219,51,0.173394,-0.039826
219,52,0.262541,0.169256
219,53,0.424230,0.198567
219,54,0.649895,0.525868
219,55,1.188344,1.359264
219,56,1.481777,1.775474
219,57,1.228437,1.299666
219,58,1.209392,1.299666
219,59,1.366247,1.388575
219,60,1.074131,0.972365
219,61,1.004390,0.614776
219,62,0.949619,0.525868
219,63,1.036011,0.585466
220,0,1.311059,1.091561
220,1,1.832782,1.478460
220,2,2.133790,1.775474
220,3,2.495984,2.460364
220,4,2.486749,2.430076
220,5,1.885573,2.252259
220,6,1.243644,1.359264
220,7,0.724595,0.614776
220,8,0.359208,0.109658
220,9,0.124045,-0.128734
220,10,-0.000878,-0.277241
220,11,0.013309,-0.188332
220,12,0.099851,-0.128734
220,13,0.253286,-0.128734
220,14,0.540742,0.258165
220,15,1.284036,0.942078
220,16,1.634844,1.746163
220,17,1.272275,1.120872
220,18,1.110204,0.704662
220,19,1.335497,1.210757
220,20,0.949331,0.645064
220,21,0.863045,0.287475
220,22,0.814791,0.050060
220,23,0.927839,0.138969
220,24,1.374640,0.377361
220,25,1.955002,1.328977
220,26,2.318410,1.478460
220,27,2.676386,2.221971
220,28,2.567753,2.281569
220,29,1.993721,1.835072
220,30,1.330668,1.448173
220,31,0.798549,0.614776
220,32,0.424419,0.050060
220,33,0.155831,-0.307528
220,34,0.011881,-0.396437
220,35,0.053942,-0.544944
220,36,0.165982,-0.515633
220,37,0.329641,-0.396437
220,38,0.600781,-0.039826
220,39,1.298616,0.733973
220,40,1.690238,1.328977
220,41,1.260115,1.061274
220,42,1.124329,0.793571
220,43,1.297477,1.091561
220,44,0.920653,0.466270
220,45,0.853007,0.109658
220,46,0.822310,0.169256
220,47,0.931888,0.317763
220,48,1.361623,0.614776
220,49,1.927908,1.418862
220,50,2.287409,1.507771
220,51,2.634140,2.430076
220,52,2.548404,2.281569
220,53,1.928833,1.478460
220,54,1.276542,0.764260
220,55,0.767356,0.169256
220,56,0.401888,-0.247930
220,57,0.144046,-0.544944
220,58,0.019995,-0.634830
220,59,0.058352,-0.664140
220,60,0.157442,-0.634830
220,61,0.305389,-0.426725
220,62,0.558753,-0.159022
220,63,1.188760,0.674374
221,0,1.132613,0.823858
221,1,0.831916,0.942078
221,2,0.726064,0.733973
221,3,0.993955,1.328977
221,4,0.508436,0.704662
221,5,0.295532,0.614776
221,6,0.214286,0.525868
221,7,0.288389,0.287475
221,8,0.691148,0.555178
221,9,1.385697,1.328977
221,10,1.816383,1.478460
221,11,2.249123,2.162373
221,12,2.102378,2.549272
221,13,1.556225,2.252259
221,14,0.888165,1.328977
221,15,0.269890,0.525868
221,16,-0.207572,0.109658
221,17,-0.422212,-0.217643
221,18,-0.530068,-0.396437
221,19,-0.559393,-0.515633
221,20,-0.505205,-0.396437
221,21,-0.378406,-0.188332
221,22,-0.112725,0.198567
221,23,0.615737,1.061274
221,24,1.180811,0.942078
221,25,0.835646,0.317763
221,26,0.732619,0.169256
221,27,1.032522,0.317763
221,28,0.494556,-0.099424
221,29,0.303044,-0.367127
221,30,0.239441,-0.456035
221,31,0.318613,-0.396437
221,32,0.719772,0.169256
221,33,1.408989,0.733973
221,34,1.807264,0.942078
221,35,2.296901,1.865360
221,36,2.220141,2.073464
221,37,1.660925,1.775474
221,38,1.017239,1.001675
221,39,0.395990,0.287475
221,40,-0.109372,-0.188332
221,41,-0.380524,-0.544944
221,42,-0.483183,-0.604542
221,43,-0.474476,-0.694427
221,44,-0.389812,-0.634830
221,45,-0.249197,-0.336839
221,46,-0.001876,-0.336839
221,47,0.747806,0.823858
221,48,1.323231,0.853169
221,49,0.940289,0.258165
221,50,0.821480,0.169256
221,51,1.117395,0.733973
221,52,0.619191,0.138969
221,53,0.429036,-0.159022
221,54,0.348316,-0.307528
221,55,0.391381,-0.217643
221,56,0.788430,-0.009538
221,57,1.457451,0.823858
221,58,1.905815,1.031963
221,59,2.365580,1.805762
221,60,2.241679,2.102775
221,61,1.710340,1.954268
221,62,1.086712,1.151159
221,63,0.477568,0.466270
222,0,-0.082653,-0.099424
222,1,-0.360856,-0.486323
222,2,-0.479631,-0.664140
222,3,-0.509060,-0.783336
222,4,-0.470791,-0.813624
222,5,-0.357211,-0.694427
222,6,-0.126304,-0.426725
222,7,0.792398,0.585466
222,8,1.127617,0.764260
222,9,0.650674,0.079371
222,10,0.504432,-0.277241
222,11,0.790269,0.258165
222,12,0.294107,-0.277241
222,13,0.068385,-0.575231
222,14,-0.060955,-0.664140
222,15,-0.018248,-0.664140
222,16,0.336371,-0.426725
222,17,1.062384,0.377361
222,18,1.358778,0.733973
222,19,1.912295,1.567369
222,20,2.015003,1.775474
222,21,1.654998,1.567369
222,22,1.007294,1.031963
222,23,0.379728,0.227877
222,24,-0.140227,-0.336839
222,25,-0.411831,-0.634830
222,26,-0.517392,-0.813624
222,27,-0.539429,-0.873222
222,28,-0.481143,-0.902532
222,29,-0.327760,-0.754026
222,30,-0.071257,-0.456035
222,31,0.857823,0.466270
222,32,1.208112,0.555178
222,33,0.748393,0.109658
222,34,0.600487,-0.247930
222,35,0.904733,0.406672
222,36,0.412947,-0.217643
222,37,0.157865,-0.515633
222,38,0.014747,-0.277241
222,39,0.036524,-0.128734
222,40,0.363624,0.406672
222,41,1.011211,1.061274
222,42,1.380713,1.031963
222,43,1.884441,1.507771
222,44,2.041364,1.478460
222,45,1.670843,1.240068
222,46,1.026889,0.585466
222,47,0.398274,0.079371
222,48,-0.109602,-0.456035
222,49,-0.376375,-0.813624
222,50,-0.475535,-0.873222
222,51,-0.488079,-0.931843
222,52,-0.424234,-0.962130
222,53,-0.288450,-0.931843
222,54,-0.062614,-0.634830
222,55,0.856012,0.466270
222,56,1.237922,1.328977
222,57,0.740788,0.883457
222,58,0.558630,0.912767
222,59,0.875749,1.180470
222,60,0.353028,1.359264
222,61,0.104425,1.359264
222,62,-0.007618,1.448173
222,63,0.063372,1.626967
223,0,1.845536,1.656278
223,1,2.192554,1.746163
223,2,2.336971,2.013866
223,3,2.518032,2.608870
223,4,2.313054,2.639158
223,5,1.778231,2.608870
223,6,1.149989,2.073464
223,7,0.631240,1.567369
223,8,0.177553,0.912767
223,9,-0.141454,0.138969
223,10,-0.323653,-0.159022
223,11,-0.347389,-0.396437
223,12,-0.302417,-0.396437
223,13,-0.173830,-0.336839
223,14,0.100083,-0.009538
223,15,0.840233,0.853169
223,16,1.385635,1.418862
223,17,1.188202,0.883457
223,18,1.149824,0.496557
223,19,1.555285,0.793571
223,20,1.139783,0.614776
223,21,1.015001,0.377361
223,22,0.982579,0.436959
223,23,1.098432,0.585466
223,24,1.425692,0.585466
223,25,1.863117,1.180470
223,26,2.119894,1.388575
223,27,2.427537,2.073464
223,28,2.305753,2.162373
223,29,1.789656,2.013866
223,30,1.152520,1.478460
223,31,0.592393,0.853169
223,32,0.162753,0.169256
223,33,-0.137948,-0.336839
223,34,-0.292120,-0.544944
223,35,-0.300511,-0.694427
223,36,-0.246081,-0.694427
223,37,-0.092355,-0.694427
223,38,0.166862,-0.426725
223,39,0.925829,0.912767
223,40,1.467937,1.567369
223,41,1.169250,0.733973
223,42,1.118510,-0.039826
223,43,1.490608,-0.039826
223,44,1.040762,-0.247930
223,45,0.891975,-0.575231
223,46,0.855652,-0.544944
223,47,0.955162,-0.396437
223,48,1.284720,-0.367127
223,49,1.734141,0.227877
223,50,2.023097,0.704662
223,51,2.401332,1.567369
223,52,2.383483,1.894670
223,53,1.833452,1.805762
223,54,1.186643,1.240068
223,55,0.612793,0.555178
223,56,0.124443,0.109658
223,57,-0.198185,-0.456035
223,58,-0.316529,-0.664140
223,59,-0.302199,-0.842934
223,60,-0.233454,-0.842934
223,61,-0.099840,-0.842934
223,62,0.141058,-0.604542
223,63,0.871300,0.227877
224,0,0.657239,1.091561
224,1,0.222912,0.674374
224,2,-0.021962,0.079371
224,3,0.165900,0.555178
224,4,-0.163481,0.466270
224,5,-0.414191,0.525868
224,6,-0.458415,0.793571
224,7,-0.381976,0.912767
224,8,-0.093639,1.001675
224,9,0.510801,1.656278
224,10,0.970698,2.013866
224,11,1.732344,2.370478
224,12,1.917726,2.489674
224,13,1.695830,2.013866
224,14,1.119293,1.418862
224,15,0.492702,0.645064
224,16,-0.158748,-0.009538
224,17,-0.535817,-0.336839
224,18,-0.751558,-0.544944
224,19,-0.816454,-0.664140
224,20,-0.801911,-0.694427
224,21,-0.733082,-0.694427
224,22,-0.499271,-0.544944
224,23,0.378212,0.138969
224,24,0.869324,1.001675
224,25,0.350959,1.151159
224,26,0.097014,0.853169
224,27,0.325629,1.240068
224,28,-0.028471,1.061274
224,29,-0.277238,1.031963
224,30,-0.332836,1.031963
224,31,-0.282623,1.120872
224,32,-0.023036,1.270355
224,33,0.549576,1.775474
224,34,1.001772,1.746163
224,35,1.726317,2.370478
224,36,1.938643,2.370478
224,37,1.749818,2.162373
224,38,1.187243,1.656278
224,39,0.585010,0.823858
224,40,-0.083341,0.169256
224,41,-0.503101,-0.336839
224,42,-0.705398,-0.575231
224,43,-0.764784,-0.604542
224,44,-0.739489,-0.694427
224,45,-0.664938,-0.664140
224,46,-0.463780,-0.456035
224,47,0.426655,0.377361
224,48,0.889249,1.061274
224,49,0.335616,0.912767
224,50,0.069447,0.823858
224,51,0.334333,1.299666
224,52,-0.019150,1.240068
224,53,-0.274774,1.180470
224,54,-0.355608,1.091561
224,55,-0.323612,1.240068
224,56,-0.039113,1.538058
224,57,0.614066,1.805762
224,58,1.004239,1.924958
224,59,1.735673,2.519962
224,60,1.852935,2.698756
224,61,1.629667,2.400765
224,62,1.099931,1.865360
224,63,0.534288,1.180470
225,0,0.769190,0.246807
225,1,0.832594,0.053229
225,2,0.782837,0.246807
225,3,0.754684,0.295995
225,4,0.715369,0.343596
225,5,0.742581,0.199206
225,6,0.614107,0.440385
225,7,0.544295,0.440385
225,8,0.533617,0.537174
225,9,0.506127,0.681564
225,10,0.467174,0.730752
225,11,0.430145,0.440385
225,12,0.400764,0.537174
225,13,0.397430,0.489573
225,14,0.394433,0.489573
225,15,0.423200,0.584775
225,16,0.445179,0.584775
225,17,0.342519,0.584775
225,18,0.310276,0.633963
225,19,0.504760,0.440385
225,20,0.705076,0.827541
225,21,0.754408,0.730752
225,22,0.725633,0.681564
225,23,0.656497,0.440385
225,24,0.651301,0.343596
225,25,0.659163,0.489573
225,26,0.614595,0.343596
225,27,0.561418,0.584775
225,28,0.532027,0.778354
225,29,0.578194,0.778354
225,30,0.469709,0.489573
225,31,0.417617,0.924330
225,32,0.393177,1.116322
225,33,0.378305,0.971932
225,34,0.349044,0.681564
225,35,0.321986,0.730752
225,36,0.314178,0.730752
225,37,0.309612,0.633963
225,38,0.321357,0.681564
225,39,0.351992,0.681564
225,40,0.390033,0.778354
225,41,0.315004,0.440385
225,42,0.314862,0.537174
225,43,0.477513,0.295995
225,44,0.690337,0.681564
225,45,0.734086,0.584775
225,46,0.673656,0.489573
225,47,0.635349,0.295995
225,48,0.668612,0.150018
225,49,0.719722,0.005628
225,50,0.624552,0.199206
225,51,0.589123,-0.043560
225,52,0.544331,-0.187950
225,53,0.585639,0.150018
225,54,0.485821,0.150018
225,55,0.419300,0.343596
225,56,0.383942,0.537174
225,57,0.352300,0.489573
225,58,0.305919,0.681564
225,59,0.274696,0.875143
225,60,0.237353,0.584775
225,61,0.249756,0.584775
225,62,0.275479,0.827541
225,63,0.310128,0.730752
226,0,0.695032,0.730752
226,1,0.581481,0.778354
226,2,0.537642,0.392784
226,3,0.541930,0.681564
226,4,0.567348,0.778354
226,5,0.575747,0.875143
226,6,0.529696,0.681564
226,7,0.456301,0.295995
226,8,0.402286,0.537174
226,9,0.361753,0.295995
226,10,0.333465,0.246807
226,11,0.353841,-0.091161
226,12,0.400763,0.053229
226,13,0.433892,0.537174
226,14,0.489690,1.165510
226,15,0.609425,0.778354
226,16,0.823292,0.778354
226,17,0.820489,0.730752
226,18,0.786873,1.021119
226,19,0.740409,0.730752
226,20,0.707288,0.633963
226,21,0.709348,0.681564
226,22,0.722035,0.827541
226,23,0.717606,0.971932
226,24,0.687003,0.681564
226,25,0.559592,0.778354
226,26,0.536724,0.295995
226,27,0.581055,0.150018
226,28,0.656871,0.246807
226,29,0.678987,0.199206
226,30,0.630463,0.537174
226,31,0.580072,0.246807
226,32,0.570486,0.102417
226,33,0.571207,0.392784
226,34,0.545258,0.295995
226,35,0.542028,0.537174
226,36,0.564655,0.440385
226,37,0.582051,0.489573
226,38,0.604523,0.489573
226,39,0.671887,0.440385
226,40,0.819775,0.295995
226,41,0.800573,0.489573
226,42,0.731588,0.633963
226,43,0.649000,0.295995
226,44,0.609685,0.246807
226,45,0.628099,0.246807
226,46,0.662201,0.440385
226,47,0.679993,0.246807
226,48,0.665717,0.537174
226,49,0.566450,0.730752
226,50,0.553460,0.440385
226,51,0.606618,0.778354
226,52,0.696538,0.827541
226,53,0.703025,0.971932
226,54,0.640062,0.778354
226,55,0.579107,0.246807
226,56,0.552403,0.489573
226,57,0.531841,0.392784
226,58,0.506765,0.295995
226,59,0.508037,0.440385
226,60,0.538912,0.537174
226,61,0.567342,0.537174
226,62,0.587422,0.295995
226,63,0.652931,0.778354
227,0,0.711471,1.165510
227,1,0.703602,1.262299
227,2,0.672738,1.116322
227,3,0.594612,0.971932
227,4,0.557744,0.681564
227,5,0.580617,0.584775
227,6,0.616177,0.440385
227,7,0.619811,0.246807
227,8,0.636831,0.584775
227,9,0.569017,0.440385
227,10,0.517771,0.489573
227,11,0.579116,0.295995
227,12,0.647439,0.392784
227,13,0.650037,0.392784
227,14,0.563745,0.343596
227,15,0.446841,0.392784
227,16,0.407926,0.537174
227,17,0.375391,0.440385
227,18,0.353452,0.489573
227,19,0.366567,0.295995
227,20,0.382852,0.246807
227,21,0.404899,0.392784
227,22,0.432845,0.102417
227,23,0.509208,0.343596
227,24,0.582391,0.730752
227,25,0.584900,0.681564
227,26,0.551424,0.971932
227,27,0.472373,0.875143
227,28,0.423369,1.021119
227,29,0.435837,0.827541
227,30,0.469124,0.778354
227,31,0.484162,0.681564
227,32,0.508378,0.440385
227,33,0.449401,0.730752
227,34,0.413870,0.392784
227,35,0.483390,0.440385
227,36,0.557782,0.489573
227,37,0.552591,0.971932
227,38,0.489433,0.875143
227,39,0.399462,0.102417
227,40,0.370888,0.489573
227,41,0.351089,0.489573
227,42,0.332840,0.489573
227,43,0.340552,0.489573
227,44,0.365893,0.489573
227,45,0.408686,0.489573
227,46,0.445564,0.489573
227,47,0.533882,0.489573
227,48,0.634956,0.489573
227,49,0.636365,0.489573
227,50,0.597264,0.489573
227,51,0.521512,0.489573
227,52,0.483119,0.489573
227,53,0.501388,0.489573
227,54,0.528277,0.489573
227,55,0.535152,0.489573
227,56,0.547677,0.489573
227,57,0.475327,0.489573
227,58,0.438990,0.489573
227,59,0.507749,0.489573
227,60,0.598541,0.489573
227,61,0.607963,0.489573
227,62,0.544779,0.489573
227,63,0.446923,0.489573
228,0,0.462236,0.440385
228,1,0.454657,0.633963
228,2,0.448630,0.730752
228,3,0.443125,0.537174
228,4,0.443028,0.584775
228,5,0.455897,0.537174
228,6,0.475393,0.440385
228,7,0.505701,0.730752
228,8,0.545739,0.875143
228,9,0.561207,0.875143
228,10,0.547179,0.778354
228,11,0.520342,0.440385
228,12,0.513699,0.778354
228,13,0.515844,0.681564
228,14,0.512291,0.681564
228,15,0.501895,0.875143
228,16,0.502911,0.827541
228,17,0.481207,0.343596
228,18,0.468643,0.343596
228,19,0.496120,0.053229
228,20,0.525712,0.633963
228,21,0.534785,0.246807
228,22,0.510174,0.295995
228,23,0.470708,0.440385
228,24,0.445479,0.295995
228,25,0.434100,0.246807
228,26,0.427973,0.199206
228,27,0.431931,0.343596
228,28,0.443508,0.730752
228,29,0.467336,0.150018
228,30,0.489837,0.246807
228,31,0.536299,0.440385
228,32,0.593068,1.021119
228,33,0.610758,0.537174
228,34,0.590439,0.778354
228,35,0.545835,0.489573
228,36,0.524088,0.489573
228,37,0.518463,0.343596
228,38,0.513513,0.827541
228,39,0.497196,0.681564
228,40,0.484707,0.392784
228,41,0.447179,0.053229
228,42,0.424685,0.102417
228,43,0.440585,0.053229
228,44,0.458773,0.392784
228,45,0.468085,0.392784
228,46,0.452217,0.343596
228,47,0.425143,0.440385
228,48,0.401764,-0.091161
228,49,0.388917,0.295995
228,50,0.382338,0.730752
228,51,0.382766,0.489573
228,52,0.391166,0.440385
228,53,0.411972,0.199206
228,54,0.445968,0.295995
228,55,0.502511,0.584775
228,56,0.565097,1.068721
228,57,0.598454,1.213111
228,58,0.586833,1.021119
228,59,0.548951,0.827541
228,60,0.530773,0.778354
228,61,0.530750,1.116322
228,62,0.522998,0.924330
228,63,0.501826,1.021119
229,0,0.797420,0.827541
229,1,0.572372,0.778354
229,2,0.491645,0.633963
229,3,0.502317,0.584775
229,4,0.600653,0.440385
229,5,0.610577,1.116322
229,6,0.550757,0.827541
229,7,0.479345,0.246807
229,8,0.440340,0.343596
229,9,0.438402,0.246807
229,10,0.438397,0.392784
229,11,0.457615,0.392784
229,12,0.469261,0.489573
229,13,0.471898,0.681564
229,14,0.519159,0.633963
229,15,0.655909,0.633963
229,16,0.836451,0.827541
229,17,0.824937,1.021119
229,18,0.774054,0.875143
229,19,0.693887,0.778354
229,20,0.659218,1.213111
229,21,0.650650,0.827541
229,22,0.652927,0.924330
229,23,0.632224,0.778354
229,24,0.572528,0.827541
229,25,0.459906,0.440385
229,26,0.412598,0.343596
229,27,0.445209,-0.043560
229,28,0.525697,0.102417
229,29,0.544487,0.102417
229,30,0.505824,0.102417
229,31,0.452492,0.343596
229,32,0.426075,0.392784
229,33,0.434385,0.489573
229,34,0.445023,0.343596
229,35,0.458393,0.827541
229,36,0.464513,0.681564
229,37,0.474235,0.392784
229,38,0.536009,0.584775
229,39,0.665368,0.633963
229,40,0.860596,0.875143
229,41,0.864251,1.068721
229,42,0.811458,0.924330
229,43,0.724400,0.489573
229,44,0.693549,0.392784
229,45,0.694386,0.489573
229,46,0.693661,0.924330
229,47,0.673868,1.068721
229,48,0.651974,0.875143
229,49,0.541949,1.165510
229,50,0.492950,0.730752
229,51,0.518036,0.681564
229,52,0.593798,0.875143
229,53,0.591170,0.827541
229,54,0.543918,0.633963
229,55,0.482691,0.681564
229,56,0.452888,0.537174
229,57,0.445642,0.440385
229,58,0.436709,0.150018
229,59,0.438574,0.053229
229,60,0.431903,0.392784
229,61,0.433625,0.295995
229,62,0.472690,0.150018
229,63,0.579197,0.440385
230,0,0.650566,0.875143
230,1,0.684318,1.165510
230,2,0.658279,0.924330
230,3,0.583056,0.924330
230,4,0.556839,0.730752
230,5,0.559311,0.778354
230,6,0.586274,0.537174
230,7,0.585617,0.633963
230,8,0.547574,0.584775
230,9,0.440742,0.875143
230,10,0.355826,0.875143
230,11,0.357603,0.924330
230,12,0.410469,1.068721
230,13,0.441917,0.584775
230,14,0.418874,0.730752
230,15,0.356589,0.489573
230,16,0.325983,0.199206
230,17,0.327371,0.150018
230,18,0.335621,0.392784
230,19,0.352397,0.246807
230,20,0.365960,0.246807
230,21,0.384843,0.199206
230,22,0.437896,0.295995
230,23,0.575222,0.392784
230,24,0.760133,0.392784
230,25,0.822565,0.295995
230,26,0.778509,0.246807
230,27,0.692530,0.537174
230,28,0.666997,0.681564
230,29,0.672342,0.778354
230,30,0.714816,0.924330
230,31,0.712914,1.309900
230,32,0.686994,1.213111
230,33,0.580368,0.730752
230,34,0.504726,0.392784
230,35,0.513866,0.778354
230,36,0.574234,0.924330
230,37,0.613310,0.924330
230,38,0.545635,0.681564
230,39,0.460767,0.440385
230,40,0.413735,0.295995
230,41,0.393086,-0.187950
230,42,0.378406,-0.332341
230,43,0.383642,-0.043560
230,44,0.408539,-0.091161
230,45,0.437598,0.053229
230,46,0.478562,-0.091161
230,47,0.600272,-0.091161
230,48,0.764418,0.053229
230,49,0.763871,0.199206
230,50,0.702440,0.681564
230,51,0.605426,0.537174
230,52,0.566856,0.392784
230,53,0.565434,0.343596
230,54,0.583583,0.489573
230,55,0.574046,0.440385
230,56,0.518021,0.633963
230,57,0.409026,0.537174
230,58,0.326419,0.199206
230,59,0.327774,0.295995
230,60,0.385682,0.053229
230,61,0.428777,0.150018
230,62,0.399971,0.246807
230,63,0.347373,0.199206
231,0,0.147912,0.489573
231,1,0.131067,0.778354
231,2,0.126436,0.440385
231,3,0.137412,0.295995
231,4,0.159652,0.295995
231,5,0.184175,0.489573
231,6,0.229804,0.343596
231,7,0.340646,0.295995
231,8,0.493279,0.584775
231,9,0.558125,0.489573
231,10,0.583335,0.440385
231,11,0.561655,0.343596
231,12,0.552282,0.440385
231,13,0.549373,0.584775
231,14,0.571971,0.537174
231,15,0.615846,0.827541
231,16,0.609834,0.633963
231,17,0.526042,0.730752
231,18,0.458301,0.440385
231,19,0.440492,0.295995
231,20,0.451094,0.875143
231,21,0.493152,0.295995
231,22,0.440819,0.343596
231,23,0.369909,0.295995
231,24,0.305028,0.584775
231,25,0.242643,0.778354
231,26,0.209162,0.440385
231,27,0.216656,0.199206
231,28,0.244835,0.053229
231,29,0.279172,0.102417
231,30,0.315659,0.102417
231,31,0.423837,0.537174
231,32,0.595319,0.681564
231,33,0.637589,0.440385
231,34,0.644131,0.730752
231,35,0.614732,0.681564
231,36,0.588679,0.681564
231,37,0.570576,0.633963
231,38,0.586074,0.730752
231,39,0.591292,0.827541
231,40,0.572620,1.165510
231,41,0.503159,0.730752
231,42,0.433948,0.343596
231,43,0.402793,0.150018
231,44,0.404586,0.489573
231,45,0.422694,0.584775
231,46,0.406787,0.392784
231,47,0.352676,0.343596
231,48,0.295880,0.343596
231,49,0.251772,0.295995
231,50,0.229580,0.440385
231,51,0.232625,0.537174
231,52,0.252488,0.392784
231,53,0.276505,0.584775
231,54,0.318292,0.295995
231,55,0.422257,0.584775
231,56,0.579484,1.116322
231,57,0.632155,0.971932
231,58,0.646743,1.021119
231,59,0.618466,0.778354
231,60,0.589578,0.924330
231,61,0.582911,1.021119
231,62,0.618268,0.924330
231,63,0.645792,1.021119
232,0,0.954232,0.875143
232,1,0.829056,0.681564
232,2,0.648016,0.537174
232,3,0.579551,0.440385
232,4,0.638486,0.489573
232,5,0.635892,1.068721
232,6,0.524467,0.730752
232,7,0.431468,0.681564
232,8,0.383501,0.681564
232,9,0.349627,1.068721
232,10,0.341421,0.392784
232,11,0.357229,0.440385
232,12,0.379279,0.633963
232,13,0.400073,0.537174
232,14,0.439964,0.440385
232,15,0.600669,0.392784
232,16,0.827927,1.068721
232,17,0.840766,0.875143
232,18,0.829754,1.068721
232,19,0.795691,0.971932
232,20,0.787634,0.875143
232,21,0.774718,0.584775
232,22,0.778002,0.584775
232,23,0.785260,0.778354
232,24,0.781904,0.730752
232,25,0.685310,0.489573
232,26,0.557672,0.392784
232,27,0.513466,0.343596
232,28,0.559407,0.343596
232,29,0.555877,0.875143
232,30,0.478621,0.584775
232,31,0.401109,0.489573
232,32,0.371834,0.584775
232,33,0.359044,0.681564
232,34,0.363350,0.392784
232,35,0.377290,0.392784
232,36,0.393420,0.730752
232,37,0.407403,0.102417
232,38,0.451665,0.295995
232,39,0.577426,0.392784
232,40,0.790055,0.584775
232,41,0.818578,0.971932
232,42,0.810512,0.971932
232,43,0.765198,0.875143
232,44,0.764751,0.827541
232,45,0.767765,0.681564
232,46,0.785338,0.827541
232,47,0.807976,0.924330
232,48,0.823848,0.730752
232,49,0.751818,0.584775
232,50,0.651001,0.489573
232,51,0.619198,0.681564
232,52,0.662934,0.875143
232,53,0.647017,0.778354
232,54,0.556078,0.537174
232,55,0.467917,0.633963
232,56,0.422391,0.295995
232,57,0.385153,0.440385
232,58,0.364876,0.440385
232,59,0.364538,0.537174
232,60,0.371042,0.343596
232,61,0.377026,0.343596
232,62,0.407417,0.489573
232,63,0.533274,0.489573
233,0,0.723141,0.730752
233,1,0.797725,0.924330
233,2,0.785806,0.971932
233,3,0.746598,0.827541
233,4,0.719519,0.875143
233,5,0.686904,1.262299
233,6,0.680073,0.875143
233,7,0.699898,1.068721
233,8,0.674568,1.021119
233,9,0.579227,0.730752
233,10,0.497832,0.681564
233,11,0.463523,1.455877
233,12,0.504169,0.827541
233,13,0.539357,1.262299
233,14,0.476554,0.584775
233,15,0.397796,0.924330
233,16,0.352339,0.730752
233,17,0.321176,0.295995
233,18,0.292907,0.489573
233,19,0.294246,0.584775
233,20,0.314606,1.021119
233,21,0.322529,0.584775
233,22,0.363145,0.489573
233,23,0.498254,0.392784
233,24,0.710058,0.971932
233,25,0.782643,0.875143
233,26,0.775811,0.875143
233,27,0.742618,0.730752
233,28,0.735560,0.827541
233,29,0.736618,1.165510
233,30,0.750168,1.165510
233,31,0.770326,1.165510
233,32,0.747311,0.875143
233,33,0.642081,0.778354
233,34,0.558768,0.730752
233,35,0.527563,0.489573
233,36,0.573931,0.489573
233,37,0.600266,0.489573
233,38,0.516858,0.295995
233,39,0.442933,0.199206
233,40,0.394786,0.295995
233,41,0.352348,0.295995
233,42,0.309344,0.392784
233,43,0.296201,0.440385
233,44,0.321261,0.392784
233,45,0.345427,0.440385
233,46,0.404412,0.778354
233,47,0.541610,0.343596
233,48,0.758705,0.537174
233,49,0.813795,0.681564
233,50,0.793119,0.875143
233,51,0.744177,0.730752
233,52,0.708055,0.440385
233,53,0.670661,0.875143
233,54,0.663524,0.537174
233,55,0.677149,0.875143
233,56,0.654408,0.537174
233,57,0.551279,0.633963
233,58,0.456279,0.246807
233,59,0.419320,0.343596
233,60,0.471161,0.440385
233,61,0.514485,0.343596
233,62,0.437792,0.199206
233,63,0.369506,0.537174
234,0,0.374850,0.730752
234,1,0.389780,0.537174
234,2,0.400023,0.392784
234,3,0.431048,0.681564
234,4,0.425833,0.730752
234,5,0.405083,1.116322
234,6,0.428982,0.537174
234,7,0.537279,0.827541
234,8,0.818281,0.778354
234,9,0.870409,0.778354
234,10,0.869318,0.681564
234,11,0.808663,0.489573
234,12,0.804151,0.295995
234,13,0.811935,0.584775
234,14,0.831826,0.730752
234,15,0.907986,0.537174
234,16,0.849133,0.343596
234,17,0.681878,0.295995
234,18,0.542766,0.199206
234,19,0.494356,0.102417
234,20,0.546850,0.246807
234,21,0.587960,0.295995
234,22,0.485475,0.343596
234,23,0.410292,0.295995
234,24,0.394831,0.295995
234,25,0.396156,0.246807
234,26,0.395199,0.295995
234,27,0.406373,0.343596
234,28,0.419207,0.343596
234,29,0.410714,0.537174
234,30,0.431375,0.392784
234,31,0.544149,0.584775
234,32,0.815142,1.165510
234,33,0.869914,0.778354
234,34,0.881811,0.681564
234,35,0.813734,0.489573
234,36,0.784665,0.343596
234,37,0.768704,0.584775
234,38,0.784823,0.584775
234,39,0.843572,0.875143
234,40,0.802053,0.827541
234,41,0.637652,0.343596
234,42,0.496681,0.295995
234,43,0.439101,0.392784
234,44,0.474045,0.584775
234,45,0.523540,0.827541
234,46,0.461248,0.730752
234,47,0.409876,0.633963
234,48,0.406125,0.343596
234,49,0.420402,0.392784
234,50,0.419723,0.730752
234,51,0.431537,0.730752
234,52,0.441201,0.730752
234,53,0.418597,0.730752
234,54,0.426442,0.440385
234,55,0.531442,0.584775
234,56,0.805358,1.021119
234,57,0.855480,1.021119
234,58,0.863371,0.971932
234,59,0.788098,1.406689
234,60,0.765065,0.875143
234,61,0.768199,0.778354
234,62,0.799354,0.827541
234,63,0.855753,0.537174
235,0,0.717471,0.392784
235,1,0.575124,0.343596
235,2,0.478862,0.102417
235,3,0.454022,0.199206
235,4,0.510816,0.440385
235,5,0.636524,0.537174
235,6,0.537026,0.730752
235,7,0.464555,0.875143
235,8,0.429190,0.778354
235,9,0.416479,0.584775
235,10,0.413735,0.392784
235,11,0.431912,0.440385
235,12,0.466162,0.489573
235,13,0.441527,0.730752
235,14,0.442323,0.730752
235,15,0.550034,0.537174
235,16,0.870753,1.116322
235,17,0.909667,0.584775
235,18,0.886147,0.584775
235,19,0.808484,0.681564
235,20,0.779921,0.827541
235,21,0.775032,0.827541
235,22,0.787507,0.827541
235,23,0.817195,0.827541
235,24,0.770831,1.213111
235,25,0.631521,0.681564
235,26,0.533133,0.537174
235,27,0.518620,0.681564
235,28,0.593344,0.924330
235,29,0.709399,0.875143
235,30,0.603796,1.213111
235,31,0.530848,0.537174
235,32,0.484166,0.730752
235,33,0.469629,0.827541
235,34,0.477802,0.730752
235,35,0.500874,0.778354
235,36,0.524328,0.584775
235,37,0.486152,0.537174
235,38,0.477371,0.681564
235,39,0.568750,0.875143
235,40,0.849684,1.359088
235,41,0.878447,1.116322
235,42,0.861810,1.068721
235,43,0.805896,1.021119
235,44,0.794832,0.778354
235,45,0.811774,0.489573
235,46,0.831280,0.730752
235,47,0.860334,0.489573
235,48,0.829233,0.489573
235,49,0.661189,0.489573
235,50,0.553168,0.924330
235,51,0.525111,1.165510
235,52,0.566744,0.730752
235,53,0.638056,0.681564
235,54,0.529947,0.537174
235,55,0.460543,0.584775
235,56,0.416540,0.584775
235,57,0.392140,0.584775
235,58,0.387956,0.343596
235,59,0.401925,0.633963
235,60,0.415841,0.440385
235,61,0.391004,0.730752
235,62,0.380638,0.102417
235,63,0.455229,0.295995
236,0,0.585518,0.537174
236,1,0.661444,0.730752
236,2,0.678015,0.584775
236,3,0.652338,0.537174
236,4,0.669013,0.295995
236,5,0.706520,-0.478317
236,6,0.749938,-0.575107
236,7,0.792266,-0.960676
236,8,0.755322,-0.525919
236,9,0.629927,-0.091161
236,10,0.535763,0.392784
236,11,0.495140,0.440385
236,12,0.496121,0.827541
236,13,0.490577,0.971932
236,14,0.475224,1.021119
236,15,0.500100,0.875143
236,16,0.529306,0.778354
236,17,0.558078,0.778354
236,18,0.564519,0.584775
236,19,0.599461,0.440385
236,20,0.587743,0.343596
236,21,0.569846,0.489573
236,22,0.556859,0.295995
236,23,0.607559,0.537174
236,24,0.750174,0.875143
236,25,0.753401,0.971932
236,26,0.728889,1.068721
236,27,0.686658,0.924330
236,28,0.680024,0.827541
236,29,0.703627,0.971932
236,30,0.759159,0.778354
236,31,0.749410,0.730752
236,32,0.649382,0.827541
236,33,0.504790,0.730752
236,34,0.397584,0.584775
236,35,0.372338,0.392784
236,36,0.416657,1.165510
236,37,0.437016,0.730752
236,38,0.408042,1.165510
236,39,0.405993,0.730752
236,40,0.399744,0.924330
236,41,0.380661,0.875143
236,42,0.358848,0.537174
236,43,0.356081,0.778354
236,44,0.365652,1.021119
236,45,0.377480,0.778354
236,46,0.386504,0.875143
236,47,0.495049,0.681564
236,48,0.693804,1.068721
236,49,0.711528,0.875143
236,50,0.670790,0.924330
236,51,0.605556,0.875143
236,52,0.604876,0.584775
236,53,0.626839,0.827541
236,54,0.656425,1.213111
236,55,0.730322,0.584775
236,56,0.684378,1.697056
236,57,0.515528,0.730752
236,58,0.395711,0.681564
236,59,0.369568,1.021119
236,60,0.478547,0.827541
236,61,0.569182,0.778354
236,62,0.485816,0.681564
236,63,0.457746,0.681564
237,0,0.597576,0.924330
237,1,0.579931,0.924330
237,2,0.566289,1.309900
237,3,0.624737,0.971932
237,4,0.653900,0.875143
237,5,0.609859,1.165510
237,6,0.620815,1.068721
237,7,0.690415,0.924330
237,8,0.989328,1.021119
237,9,0.981268,0.971932
237,10,0.944482,0.827541
237,11,0.886784,0.440385
237,12,0.862973,0.681564
237,13,0.866936,0.778354
237,14,0.877928,0.584775
237,15,0.925604,0.778354
237,16,0.907747,0.730752
237,17,0.691834,0.584775
237,18,0.603687,0.489573
237,19,0.594115,0.343596
237,20,0.664663,0.633963
237,21,0.724840,0.778354
237,22,0.664054,0.924330
237,23,0.608697,0.584775
237,24,0.592887,0.827541
237,25,0.571270,0.584775
237,26,0.543491,0.633963
237,27,0.560033,0.827541
237,28,0.611218,0.489573
237,29,0.587868,1.068721
237,30,0.596219,1.116322
237,31,0.675580,0.971932
237,32,0.971771,0.924330
237,33,0.968155,1.021119
237,34,0.955092,0.827541
237,35,0.886443,0.489573
237,36,0.840087,0.537174
237,37,0.808770,0.537174
237,38,0.824958,0.924330
237,39,0.864793,1.116322
237,40,0.865937,1.021119
237,41,0.674626,0.778354
237,42,0.601056,0.440385
237,43,0.598028,0.199206
237,44,0.680871,0.489573
237,45,0.746829,0.489573
237,46,0.705841,0.827541
237,47,0.654065,0.730752
237,48,0.625515,0.537174
237,49,0.590192,0.875143
237,50,0.545627,0.537174
237,51,0.550014,0.681564
237,52,0.566730,0.584775
237,53,0.553627,0.246807
237,54,0.556781,0.537174
237,55,0.628145,0.730752
237,56,0.901767,1.068721
237,57,0.901757,1.309900
237,58,0.903645,0.971932
237,59,0.851368,1.021119
237,60,0.822314,0.827541
237,61,0.806339,1.021119
237,62,0.822011,0.924330
237,63,0.866332,0.875143
238,0,0.930762,0.778354
238,1,0.792346,0.681564
238,2,0.662481,0.537174
238,3,0.673152,0.440385
238,4,0.750147,0.584775
238,5,0.796962,0.584775
238,6,0.753570,0.489573
238,7,0.656931,0.440385
238,8,0.614094,0.246807
238,9,0.576184,0.295995
238,10,0.556546,0.343596
238,11,0.559484,0.489573
238,12,0.573002,0.730752
238,13,0.579081,0.681564
238,14,0.598316,0.584775
238,15,0.695412,0.681564
238,16,0.951535,0.827541
238,17,0.965429,0.924330
238,18,0.921042,0.924330
238,19,0.875612,0.827541
238,20,0.867197,0.730752
238,21,0.895847,0.537174
238,22,0.904331,0.827541
238,23,0.892107,0.730752
238,24,0.854203,0.730752
238,25,0.752332,0.440385
238,26,0.684535,-0.043560
238,27,0.754534,0.102417
238,28,0.756227,0.199206
238,29,0.728355,0.392784
238,30,0.684575,0.778354
238,31,0.630276,0.778354
238,32,0.591621,0.537174
238,33,0.554286,0.827541
238,34,0.544843,0.584775
238,35,0.564907,0.681564
238,36,0.579894,0.633963
238,37,0.550916,0.730752
238,38,0.537118,0.489573
238,39,0.603055,0.246807
238,40,0.824073,0.971932
238,41,0.844807,0.827541
238,42,0.830961,0.681564
238,43,0.793199,0.778354
238,44,0.791353,0.633963
238,45,0.824612,0.778354
238,46,0.822743,0.440385
238,47,0.805041,0.584775
238,48,0.762961,0.537174
238,49,0.676448,0.343596
238,50,0.581850,0.392784
238,51,0.543868,0.343596
238,52,0.534804,0.584775
238,53,0.525936,0.584775
238,54,0.513539,0.875143
238,55,0.514326,0.681564
238,56,0.527121,0.827541
238,57,0.516814,0.633963
238,58,0.505552,0.537174
238,59,0.524127,0.343596
238,60,0.526062,-0.043560
238,61,0.521776,0.102417
238,62,0.527986,0.295995
238,63,0.573457,0.489573
239,0,0.643769,0.537174
239,1,0.688018,0.537174
239,2,0.695295,0.440385
239,3,0.619212,0.730752
239,4,0.578972,0.730752
239,5,0.595819,1.021119
239,6,0.613388,0.489573
239,7,0.643823,0.489573
239,8,0.655475,0.730752
239,9,0.497776,0.343596
239,10,0.385856,0.295995
239,11,0.382012,0.584775
239,12,0.492108,0.730752
239,13,0.521767,0.343596
239,14,0.511768,0.875143
239,15,0.546043,0.875143
239,16,0.585795,0.489573
239,17,0.580459,0.489573
239,18,0.527986,0.489573
239,19,0.531523,0.730752
239,20,0.518131,0.681564
239,21,0.544106,0.633963
239,22,0.541490,0.295995
239,23,0.608574,0.971932
239,24,0.792015,0.924330
239,25,0.784614,1.406689
239,26,0.718692,-0.091161
239,27,0.649037,-0.138762
239,28,0.610287,0.778354
239,29,0.640776,0.924330
239,30,0.652254,0.924330
239,31,0.668852,0.875143
239,32,0.693792,0.875143
239,33,0.509913,0.537174
239,34,0.389922,0.584775
239,35,0.389346,0.343596
239,36,0.491647,0.730752
239,37,0.562176,0.778354
239,38,0.551243,0.681564
239,39,0.545698,0.924330
239,40,0.547611,0.778354
239,41,0.524064,0.730752
239,42,0.502673,0.924330
239,43,0.524272,1.021119
239,44,0.545716,0.827541
239,45,0.600975,1.021119
239,46,0.621168,1.068721
239,47,0.712013,0.875143
239,48,0.921625,0.924330
239,49,0.906523,0.924330
239,50,0.838386,0.730752
239,51,0.743591,0.681564
239,52,0.706133,0.537174
239,53,0.730266,0.440385
239,54,0.760599,0.584775
239,55,0.806370,0.440385
239,56,0.819506,0.537174
239,57,0.624661,0.295995
239,58,0.479935,0.392784
239,59,0.465574,0.778354
239,60,0.560526,0.730752
239,61,0.659284,0.681564
239,62,0.668379,0.295995
239,63,0.621147,0.199206
240,0,0.361533,0.150018
240,1,0.424968,0.246807
240,2,0.451407,0.778354
240,3,0.524407,0.295995
240,4,0.552666,0.199206
240,5,0.549047,0.295995
240,6,0.571291,0.295995
240,7,0.636168,0.150018
240,8,0.861122,0.778354
240,9,0.855274,0.827541
240,10,0.793849,0.584775
240,11,0.746351,0.681564
240,12,0.703996,1.165510
240,13,0.695093,0.440385
240,14,0.691671,0.875143
240,15,0.700185,1.116322
240,16,0.657512,0.343596
240,17,0.472975,0.681564
240,18,0.403417,0.584775
240,19,0.413357,0.681564
240,20,0.511864,0.778354
240,21,0.591151,0.489573
240,22,0.591594,0.489573
240,23,0.586127,0.246807
240,24,0.600058,-0.138762
240,25,0.586460,0.440385
240,26,0.573780,0.440385
240,27,0.604438,0.681564
240,28,0.611031,0.489573
240,29,0.617637,0.537174
240,30,0.632512,0.295995
240,31,0.705575,0.246807
240,32,0.925698,0.875143
240,33,0.912030,1.165510
240,34,0.849781,0.827541
240,35,0.805501,0.827541
240,36,0.775641,0.537174
240,37,0.762577,0.392784
240,38,0.777729,0.392784
240,39,0.786187,0.584775
240,40,0.752119,0.827541
240,41,0.571587,0.537174
240,42,0.509302,0.489573
240,43,0.519147,0.440385
240,44,0.585791,0.633963
240,45,0.654547,0.102417
240,46,0.658897,0.053229
240,47,0.639396,0.102417
240,48,0.641308,0.440385
240,49,0.637925,0.246807
240,50,0.614445,0.440385
240,51,0.649432,0.246807
240,52,0.636425,0.440385
240,53,0.631887,0.440385
240,54,0.639132,0.730752
240,55,0.708731,0.584775
240,56,0.920128,0.778354
240,57,0.917435,0.875143
240,58,0.878701,0.827541
240,59,0.838692,0.537174
240,60,0.797660,0.730752
240,61,0.766234,0.584775
240,62,0.763161,0.246807
240,63,0.753073,0.150018
241,0,0.317254,-0.043560
241,1,0.358039,0.005628
241,2,0.378928,0.295995
241,3,0.416665,0.005628
241,4,0.507901,0.053229
241,5,0.503077,0.150018
241,6,0.525479,0.440385
241,7,0.527688,0.392784
241,8,0.524454,0.392784
241,9,0.519547,0.343596
241,10,0.520455,0.246807
241,11,0.535793,0.150018
241,12,0.535926,0.392784
241,13,0.529803,0.392784
241,14,0.519504,0.489573
241,15,0.569889,0.392784
241,16,0.723616,0.633963
241,17,0.742864,0.730752
241,18,0.739471,0.295995
241,19,0.711203,0.343596
241,20,0.663659,0.053229
241,21,0.639177,0.778354
241,22,0.626332,0.489573
241,23,0.603508,0.489573
241,24,0.549948,0.489573
241,25,0.471313,0.392784
241,26,0.426254,0.489573
241,27,0.447386,0.584775
241,28,0.520356,-0.091161
241,29,0.531300,0.246807
241,30,0.558820,0.102417
241,31,0.554643,0.005628
241,32,0.556675,0.005628
241,33,0.550325,0.053229
241,34,0.548950,-0.235551
241,35,0.558527,0.053229
241,36,0.553774,-0.091161
241,37,0.547328,0.295995
241,38,0.554147,0.295995
241,39,0.604667,0.199206
241,40,0.745870,0.489573
241,41,0.754732,0.633963
241,42,0.745666,0.778354
241,43,0.712209,0.392784
241,44,0.675839,0.102417
241,45,0.673477,0.392784
241,46,0.665597,0.584775
241,47,0.644339,0.392784
241,48,0.584427,0.343596
241,49,0.493651,0.489573
241,50,0.424267,0.199206
241,51,0.432826,0.053229
241,52,0.487491,0.440385
241,53,0.532767,0.053229
241,54,0.567090,0.150018
241,55,0.590554,-0.043560
241,56,0.596354,0.102417
241,57,0.598822,0.150018
241,58,0.611459,0.005628
241,59,0.651688,0.102417
241,60,0.642806,0.150018
241,61,0.643074,-0.091161
241,62,0.652628,0.440385
241,63,0.691680,0.392784
242,0,0.538162,0.681564
242,1,0.595235,0.778354
242,2,0.522257,0.827541
242,3,0.465353,0.150018
242,4,0.438143,0.440385
242,5,0.433735,0.584775
242,6,0.435924,0.971932
242,7,0.420508,0.971932
242,8,0.399011,1.262299
242,9,0.312371,-0.284739
242,10,0.285772,-0.235551
242,11,0.288544,-0.091161
242,12,0.293753,0.246807
242,13,0.278762,0.681564
242,14,0.278112,0.681564
242,15,0.263088,0.681564
242,16,0.255049,1.359088
242,17,0.241931,0.924330
242,18,0.249651,1.021119
242,19,0.274926,1.116322
242,20,0.275441,1.068721
242,21,0.328324,0.924330
242,22,0.379611,0.827541
242,23,0.428096,1.068721
242,24,0.580439,0.681564
242,25,0.610966,0.584775
242,26,0.536613,0.730752
242,27,0.470654,0.730752
242,28,0.441213,0.150018
242,29,0.434581,0.489573
242,30,0.436257,0.924330
242,31,0.417778,0.633963
242,32,0.404334,0.489573
242,33,0.307861,0.102417
242,34,0.279899,0.392784
242,35,0.283733,0.730752
242,36,0.301476,0.584775
242,37,0.300750,0.537174
242,38,0.310232,0.489573
242,39,0.302428,0.392784
242,40,0.289154,0.102417
242,41,0.273538,0.537174
242,42,0.281837,0.537174
242,43,0.298779,0.489573
242,44,0.315148,0.392784
242,45,0.375594,0.440385
242,46,0.442894,0.440385
242,47,0.497021,0.440385
242,48,0.669768,0.778354
242,49,0.687614,0.778354
242,50,0.614245,0.681564
242,51,0.533565,0.343596
242,52,0.508334,0.343596
242,53,0.511527,0.827541
242,54,0.521919,1.068721
242,55,0.514077,1.021119
242,56,0.515898,0.875143
242,57,0.406874,0.584775
242,58,0.372827,0.005628
242,59,0.381385,0.295995
242,60,0.386104,0.199206
242,61,0.374333,0.827541
242,62,0.378501,0.875143
242,63,0.369485,0.392784
243,0,0.386307,1.455877
243,1,0.426866,1.021119
243,2,0.464276,1.116322
243,3,0.485550,0.924330
243,4,0.491267,0.971932
243,5,0.504845,0.778354
243,6,0.544274,1.165510
243,7,0.603500,1.213111
243,8,0.815858,0.778354
243,9,0.840304,0.681564
243,10,0.763336,0.875143
243,11,0.701170,0.343596
243,12,0.658955,0.392784
243,13,0.661255,0.489573
243,14,0.712746,0.681564
243,15,0.709858,0.537174
243,16,0.624307,0.295995
243,17,0.491777,0.053229
243,18,0.434850,0.150018
243,19,0.439202,-0.138762
243,20,0.473230,-0.381528
243,21,0.499616,-0.235551
243,22,0.513036,-0.381528
243,23,0.485071,-0.332341
243,24,0.478614,1.406689
243,25,0.482499,0.827541
243,26,0.487591,0.295995
243,27,0.502594,0.392784
243,28,0.531038,0.295995
243,29,0.556906,0.778354
243,30,0.596165,0.584775
243,31,0.657845,0.584775
243,32,0.858716,0.633963
243,33,0.867112,0.440385
243,34,0.813410,0.489573
243,35,0.742644,0.440385
243,36,0.692943,0.681564
243,37,0.690924,0.730752
243,38,0.725692,0.778354
243,39,0.720636,0.681564
243,40,0.664277,0.537174
243,41,0.536046,0.392784
243,42,0.476912,0.440385
243,43,0.473626,0.199206
243,44,0.501950,0.005628
243,45,0.537600,0.053229
243,46,0.562054,0.633963
243,47,0.546084,0.246807
243,48,0.549706,0.246807
243,49,0.553561,0.343596
243,50,0.539933,-0.091161
243,51,0.536399,-0.235551
243,52,0.549979,0.053229
243,53,0.564504,0.295995
243,54,0.587849,0.343596
243,55,0.635961,0.440385
243,56,0.804935,0.875143
243,57,0.814856,1.309900
243,58,0.765685,0.681564
243,59,0.702352,0.875143
243,60,0.649863,0.537174
243,61,0.635138,0.875143
243,62,0.646761,0.924330
243,63,0.638664,0.875143
244,0,0.740142,0.246807
244,1,0.514115,-0.187950
244,2,0.438124,0.150018
244,3,0.409095,0.343596
244,4,0.402874,0.343596
244,5,0.433015,0.102417
244,6,0.495969,-0.091161
244,7,0.460211,0.102417
244,8,0.485431,0.537174
244,9,0.456993,0.633963
244,10,0.431788,0.924330
244,11,0.434288,0.875143
244,12,0.444663,0.633963
244,13,0.487531,0.778354
244,14,0.570963,0.827541
244,15,0.632364,1.068721
244,16,0.831295,0.730752
244,17,0.854704,0.875143
244,18,0.777435,0.730752
244,19,0.704537,0.537174
244,20,0.672930,0.295995
244,21,0.744389,0.489573
244,22,0.772683,0.489573
244,23,0.760158,0.730752
244,24,0.714817,0.827541
244,25,0.535770,0.343596
244,26,0.460049,0.102417
244,27,0.442036,-0.284739
244,28,0.451434,-0.187950
244,29,0.488378,-0.187950
244,30,0.553302,-0.187950
244,31,0.531942,-0.091161
244,32,0.572588,0.053229
244,33,0.536325,0.102417
244,34,0.523875,0.199206
244,35,0.527340,0.199206
244,36,0.533108,0.199206
244,37,0.570217,0.343596
244,38,0.645695,0.392784
244,39,0.704437,0.246807
244,40,0.880284,0.584775
244,41,0.904301,0.584775
244,42,0.825405,0.584775
244,43,0.741387,0.295995
244,44,0.703893,0.489573
244,45,0.775877,0.584775
244,46,0.804176,0.730752
244,47,0.777728,0.537174
244,48,0.743700,0.392784
244,49,0.563881,0.199206
244,50,0.478663,0.295995
244,51,0.453388,0.053229
244,52,0.463303,0.005628
244,53,0.487122,0.053229
244,54,0.521353,-0.138762
244,55,0.526291,-0.091161
244,56,0.568905,0.005628
244,57,0.559702,0.053229
244,58,0.559394,0.102417
244,59,0.573481,0.150018
244,60,0.571635,0.199206
244,61,0.593254,0.343596
244,62,0.647255,0.537174
244,63,0.703233,0.537174
245,0,0.585270,0.924330
245,1,0.632221,0.827541
245,2,0.574845,0.875143
245,3,0.486998,0.343596
245,4,0.473969,0.246807
245,5,0.533404,0.778354
245,6,0.573832,0.489573
245,7,0.534809,0.584775
245,8,0.458374,0.199206
245,9,0.285641,-0.043560
245,10,0.186977,0.102417
245,11,0.120999,-0.187950
245,12,0.088311,0.343596
245,13,0.089417,0.150018
245,14,0.115192,0.053229
245,15,0.148633,0.199206
245,16,0.215574,0.924330
245,17,0.267183,0.730752
245,18,0.287832,1.068721
245,19,0.339001,0.537174
245,20,0.359064,0.681564
245,21,0.469546,1.021119
245,22,0.533532,0.971932
245,23,0.566711,1.213111
245,24,0.679274,0.778354
245,25,0.712395,1.021119
245,26,0.631737,1.309900
245,27,0.537286,0.730752
245,28,0.522519,0.633963
245,29,0.577837,0.633963
245,30,0.625817,0.827541
245,31,0.596384,0.343596
245,32,0.516958,0.199206
245,33,0.339364,0.343596
245,34,0.249418,0.102417
245,35,0.195179,0.102417
245,36,0.168244,0.053229
245,37,0.159481,0.150018
245,38,0.178583,0.246807
245,39,0.208250,0.102417
245,40,0.308744,0.053229
245,41,0.339094,0.102417
245,42,0.360238,0.102417
245,43,0.406763,0.440385
245,44,0.424812,0.489573
245,45,0.509740,0.681564
245,46,0.579946,0.537174
245,47,0.620066,0.343596
245,48,0.748131,0.730752
245,49,0.782272,0.827541
245,50,0.682311,0.730752
245,51,0.571592,0.827541
245,52,0.553070,0.392784
245,53,0.596945,0.875143
245,54,0.634952,0.778354
245,55,0.618697,0.827541
245,56,0.568080,0.778354
245,57,0.388981,0.295995
245,58,0.296215,0.199206
245,59,0.232104,0.102417
245,60,0.200869,0.584775
245,61,0.199793,0.681564
245,62,0.218747,0.681564
245,63,0.247953,0.440385
246,0,0.490993,0.246807
246,1,0.516990,0.392784
246,2,0.512677,0.730752
246,3,0.514879,0.102417
246,4,0.538873,0.295995
246,5,0.595123,0.295995
246,6,0.649194,0.295995
246,7,0.703322,-0.138762
246,8,0.813256,0.778354
246,9,0.866134,0.778354
246,10,0.824830,0.971932
246,11,0.737075,0.971932
246,12,0.701306,0.584775
246,13,0.747989,0.730752
246,14,0.792976,0.875143
246,15,0.748117,0.440385
246,16,0.614954,0.053229
246,17,0.440005,0.199206
246,18,0.359821,0.681564
246,19,0.329453,0.584775
246,20,0.354734,0.295995
246,21,0.389331,0.440385
246,22,0.387128,0.971932
246,23,0.393912,0.199206
246,24,0.458785,0.971932
246,25,0.484101,0.971932
246,26,0.500475,0.633963
246,27,0.506193,0.778354
246,28,0.536158,0.971932
246,29,0.585353,1.068721
246,30,0.627552,1.116322
246,31,0.677560,1.068721
246,32,0.787268,0.584775
246,33,0.846043,0.681564
246,34,0.804896,0.489573
246,35,0.715853,0.295995
246,36,0.667593,-0.138762
246,37,0.695736,0.005628
246,38,0.727259,-0.332341
246,39,0.682121,0.150018
246,40,0.570482,-0.622708
246,41,0.419932,-0.381528
246,42,0.337056,-0.284739
246,43,0.284014,-0.091161
246,44,0.300435,0.102417
246,45,0.336139,0.199206
246,46,0.349611,0.150018
246,47,0.360648,0.392784
246,48,0.445168,0.681564
246,49,0.466392,0.343596
246,50,0.464063,0.150018
246,51,0.457659,0.343596
246,52,0.477799,0.102417
246,53,0.521934,-0.043560
246,54,0.573651,0.392784
246,55,0.633612,0.199206
246,56,0.737380,0.827541
246,57,0.796449,0.827541
246,58,0.760143,0.584775
246,59,0.678939,0.343596
246,60,0.636821,0.199206
246,61,0.675308,0.440385
246,62,0.705503,0.584775
246,63,0.665141,0.489573
247,0,0.386694,0.246807
247,1,0.194516,0.150018
247,2,0.098932,0.295995
247,3,0.049300,0.246807
247,4,0.077602,0.537174
247,5,0.117638,0.246807
247,6,0.156373,0.392784
247,7,0.170841,0.392784
247,8,0.273776,0.005628
247,9,0.309584,0.150018
247,10,0.336520,0.053229
247,11,0.391015,0.150018
247,12,0.426393,0.343596
247,13,0.473663,0.440385
247,14,0.500703,0.489573
247,15,0.539174,0.924330
247,16,0.697536,0.827541
247,17,0.784859,0.875143
247,18,0.708214,0.730752
247,19,0.581490,0.343596
247,20,0.526890,0.295995
247,21,0.615701,0.392784
247,22,0.630419,0.392784
247,23,0.581337,0.246807
247,24,0.453112,0.102417
247,25,0.262435,0.102417
247,26,0.166833,-0.091161
247,27,0.126779,-0.187950
247,28,0.148186,0.005628
247,29,0.190279,-0.138762
247,30,0.215460,-0.187950
247,31,0.241702,0.005628
247,32,0.366316,0.246807
247,33,0.397016,0.246807
247,34,0.408844,0.199206
247,35,0.447399,0.343596
247,36,0.478451,0.489573
247,37,0.514932,0.440385
247,38,0.558530,0.489573
247,39,0.611001,0.489573
247,40,0.738942,0.730752
247,41,0.818639,0.827541
247,42,0.751160,0.971932
247,43,0.631372,0.730752
247,44,0.579577,0.489573
247,45,0.623290,0.827541
247,46,0.643605,0.584775
247,47,0.615471,0.489573
247,48,0.486182,-0.138762
247,49,0.317036,0.343596
247,50,0.216604,0.246807
247,51,0.165010,-0.187950
247,52,0.166153,-0.043560
247,53,0.188548,0.005628
247,54,0.219700,0.053229
247,55,0.260144,0.295995
247,56,0.390714,0.102417
247,57,0.414776,0.102417
247,58,0.434769,0.053229
247,59,0.465397,0.005628
247,60,0.487012,0.053229
247,61,0.519026,0.102417
247,62,0.564387,0.102417
247,63,0.599952,-0.043560
248,0,0.345228,0.343596
248,1,0.448090,0.246807
248,2,0.409078,0.924330
248,3,0.318532,0.584775
248,4,0.290910,0.971932
248,5,0.394682,0.730752
248,6,0.450910,0.584775
248,7,0.349831,0.489573
248,8,0.205725,0.343596
248,9,0.123226,0.199206
248,10,0.068749,0.440385
248,11,0.027020,0.102417
248,12,0.019278,-0.091161
248,13,0.055762,-0.138762
248,14,0.093279,0.681564
248,15,0.131337,0.199206
248,16,0.201142,0.778354
248,17,0.208982,0.971932
248,18,0.208731,0.827541
248,19,0.228707,1.068721
248,20,0.290793,0.875143
248,21,0.357509,0.778354
248,22,0.359542,1.021119
248,23,0.390383,0.971932
248,24,0.578558,0.681564
248,25,0.642575,0.827541
248,26,0.577630,0.440385
248,27,0.463363,0.392784
248,28,0.416330,0.681564
248,29,0.501072,0.875143
248,30,0.537499,1.021119
248,31,0.431647,0.924330
248,32,0.298652,0.633963
248,33,0.215120,0.440385
248,34,0.165635,0.102417
248,35,0.132348,0.150018
248,36,0.121092,0.199206
248,37,0.140147,-0.187950
248,38,0.165868,-0.091161
248,39,0.207970,0.053229
248,40,0.300862,0.343596
248,41,0.308337,-0.091161
248,42,0.303854,0.005628
248,43,0.319753,0.246807
248,44,0.363316,0.295995
248,45,0.413207,0.343596
248,46,0.440904,0.392784
248,47,0.467222,0.199206
248,48,0.644138,0.875143
248,49,0.678961,0.730752
248,50,0.593706,1.021119
248,51,0.490383,1.021119
248,52,0.442413,0.392784
248,53,0.478574,0.730752
248,54,0.508842,0.633963
248,55,0.418902,0.730752
248,56,0.303391,0.778354
248,57,0.212550,0.392784
248,58,0.157374,0.392784
248,59,0.119556,-0.091161
248,60,0.106180,-0.043560
248,61,0.129970,0.053229
248,62,0.168578,0.102417
248,63,0.216161,-0.091161
249,0,0.137348,0.924330
249,1,0.166082,0.875143
249,2,0.157860,0.875143
249,3,0.200770,0.778354
249,4,0.265355,0.827541
249,5,0.344457,0.924330
249,6,0.437554,0.730752
249,7,0.494143,0.827541
249,8,0.681847,1.649455
249,9,0.760135,1.068721
249,10,0.695908,0.875143
249,11,0.534328,0.827541
249,12,0.478187,0.537174
249,13,0.584448,0.778354
249,14,0.621073,0.730752
249,15,0.540193,0.681564
249,16,0.370627,1.068721
249,17,0.241251,0.778354
249,18,0.172157,0.392784
249,19,0.095358,-0.043560
249,20,0.068856,0.053229
249,21,0.075616,-0.187950
249,22,0.082973,-0.332341
249,23,0.096565,-0.235551
249,24,0.184795,-0.284739
249,25,0.196761,-0.381528
249,26,0.193602,-0.187950
249,27,0.231661,0.053229
249,28,0.295945,0.295995
249,29,0.373033,0.343596
249,30,0.444946,0.102417
249,31,0.495961,0.295995
249,32,0.650250,0.875143
249,33,0.741102,0.924330
249,34,0.692755,0.924330
249,35,0.529780,0.971932
249,36,0.462115,0.681564
249,37,0.544687,1.116322
249,38,0.587336,0.778354
249,39,0.518702,0.584775
249,40,0.370226,0.489573
249,41,0.235408,0.440385
249,42,0.147046,0.343596
249,43,0.062046,0.392784
249,44,0.045284,0.295995
249,45,0.057350,0.102417
249,46,0.069689,0.053229
249,47,0.086354,-0.091161
249,48,0.194000,0.005628
249,49,0.208879,-0.043560
249,50,0.185026,-0.043560
249,51,0.206942,-0.043560
249,52,0.266375,0.053229
249,53,0.340335,0.102417
249,54,0.414749,0.005628
249,55,0.480451,0.295995
249,56,0.605440,0.778354
249,57,0.702344,0.633963
249,58,0.654220,0.971932
249,59,0.497023,0.489573
249,60,0.444770,0.537174
249,61,0.536019,0.730752
249,62,0.576765,0.489573
249,63,0.515728,0.343596
250,0,0.283459,0.440385
250,1,0.147831,0.150018
250,2,0.059313,0.489573
250,3,-0.014722,-0.138762
250,4,-0.027392,-0.138762
250,5,-0.036007,-0.091161
250,6,-0.029911,-0.043560
250,7,-0.011523,-0.091161
250,8,0.119193,-0.332341
250,9,0.117069,-0.381528
250,10,0.151656,-0.284739
250,11,0.215526,-0.284739
250,12,0.299189,-0.187950
250,13,0.379337,0.102417
250,14,0.411380,-0.187950
250,15,0.474017,-0.091161
250,16,0.677518,0.730752
250,17,0.742858,0.295995
250,18,0.740966,0.537174
250,19,0.601893,0.681564
250,20,0.542138,-0.043560
250,21,0.683420,0.295995
250,22,0.672176,0.246807
250,23,0.555087,0.150018
250,24,0.381159,0.053229
250,25,0.226477,0.199206
250,26,0.130314,-0.138762
250,27,0.063657,-0.187950
250,28,0.074104,-0.235551
250,29,0.089220,-0.429130
250,30,0.128865,-0.478317
250,31,0.170037,-0.478317
250,32,0.415895,0.150018
250,33,0.412573,0.150018
250,34,0.387378,0.150018
250,35,0.419505,0.150018
250,36,0.477576,0.150018
250,37,0.533782,0.150018
250,38,0.548180,0.150018
250,39,0.595442,0.150018
250,40,0.768521,0.150018
250,41,0.794101,0.150018
250,42,0.784576,0.150018
250,43,0.655550,0.150018
250,44,0.599818,0.150018
250,45,0.739203,0.150018
250,46,0.734029,0.150018
250,47,0.634361,0.150018
250,48,0.433179,0.150018
250,49,0.269397,0.150018
250,50,0.156179,0.150018
250,51,0.070455,0.150018
250,52,0.051655,0.150018
250,53,0.059629,0.150018
250,54,0.105814,0.150018
250,55,0.139444,0.150018
250,56,0.390855,0.246807
250,57,0.386021,0.199206
250,58,0.368838,0.295995
250,59,0.395260,0.150018
250,60,0.459555,0.246807
250,61,0.504910,0.392784
250,62,0.526412,-0.332341
250,63,0.573581,-0.235551
251,0,-0.019389,0.392784
251,1,0.020676,0.392784
251,2,0.046458,0.392784
251,3,0.051725,0.633963
251,4,0.070531,0.295995
251,5,0.121164,0.392784
251,6,0.132233,0.343596
251,7,0.117572,0.489573
251,8,0.083530,0.343596
251,9,0.036251,0.150018
251,10,-0.005826,0.199206
251,11,-0.046653,-0.284739
251,12,-0.054949,-0.284739
251,13,-0.053397,-0.235551
251,14,-0.031638,-0.284739
251,15,0.002422,-0.429130
251,16,0.100937,0.295995
251,17,0.114243,1.649455
251,18,0.124982,1.697056
251,19,0.139765,1.600267
251,20,0.177559,1.649455
251,21,0.239361,1.841446
251,22,0.217907,1.649455
251,23,0.258047,1.890634
251,24,0.370181,0.343596
251,25,0.412267,0.392784
251,26,0.405841,0.633963
251,27,0.353704,0.295995
251,28,0.334875,-0.043560
251,29,0.385720,0.343596
251,30,0.353923,0.053229
251,31,0.305728,0.053229
251,32,0.239252,0.102417
251,33,0.169678,0.053229
251,34,0.108691,-0.284739
251,35,0.047365,-0.429130
251,36,0.018974,-0.332341
251,37,-0.001908,-0.478317
251,38,0.020136,-0.525919
251,39,0.054648,-0.429130
251,40,0.155911,-0.525919
251,41,0.161895,-0.525919
251,42,0.184302,-0.525919
251,43,0.212358,-0.575107
251,44,0.265480,-0.429130
251,45,0.326711,-0.429130
251,46,0.328317,-0.381528
251,47,0.373416,-0.332341
251,48,0.519373,0.102417
251,49,0.545645,0.102417
251,50,0.509744,0.295995
251,51,0.427189,-0.091161
251,52,0.388571,-0.138762
251,53,0.414032,0.053229
251,54,0.393242,0.150018
251,55,0.352424,-0.091161
251,56,0.285891,-0.138762
251,57,0.206082,-0.235551
251,58,0.126614,-0.284739
251,59,0.059228,0.053229
251,60,0.033676,-0.284739
251,61,0.008419,-0.332341
251,62,0.018090,-0.235551
251,63,0.045467,-0.235551
252,0,-0.234018,-0.235551
252,1,-0.190734,-0.381528
252,2,-0.170588,-0.284739
252,3,-0.144922,-0.429130
252,4,-0.087618,-0.429130
252,5,-0.039730,-0.429130
252,6,-0.015678,-0.478317
252,7,0.055323,-0.235551
252,8,0.220126,-0.043560
252,9,0.276453,0.102417
252,10,0.270399,0.150018
252,11,0.193094,0.005628
252,12,0.148435,-0.091161
252,13,0.182972,0.102417
252,14,0.162862,-0.043560
252,15,0.094889,-0.043560
252,16,-0.008008,0.199206
252,17,-0.093295,0.102417
252,18,-0.162704,0.102417
252,19,-0.232725,0.053229
252,20,-0.269648,-0.091161
252,21,-0.299748,-0.235551
252,22,-0.298028,-0.284739
252,23,-0.276220,-0.284739
252,24,-0.212725,-0.381528
252,25,-0.180091,-0.525919
252,26,-0.167416,-0.429130
252,27,-0.138511,-0.478317
252,28,-0.065708,-0.478317
252,29,-0.013532,-0.429130
252,30,-0.006786,-0.381528
252,31,0.056533,-0.381528
252,32,0.228558,0.053229
252,33,0.313523,0.537174
252,34,0.304650,0.053229
252,35,0.231378,0.102417
252,36,0.179550,0.440385
252,37,0.211753,0.343596
252,38,0.189231,0.778354
252,39,0.129711,0.343596
252,40,0.033443,0.392784
252,41,-0.054242,0.150018
252,42,-0.126898,0.246807
252,43,-0.198725,-0.332341
252,44,-0.233117,-0.235551
252,45,-0.259466,-0.138762
252,46,-0.258473,-0.235551
252,47,-0.225597,-0.235551
252,48,-0.071158,-0.332341
252,49,-0.043376,-0.381528
252,50,-0.064556,-0.381528
252,51,-0.057374,-0.381528
252,52,0.003429,-0.381528
252,53,0.047545,-0.332341
252,54,0.060508,-0.138762
252,55,0.122370,0.005628
252,56,0.265313,0.102417
252,57,0.347788,0.440385
252,58,0.332725,0.537174
252,59,0.228984,0.778354
252,60,0.174597,0.440385
252,61,0.211869,0.343596
252,62,0.202101,0.584775
252,63,0.148406,0.489573
253,0,0.299838,0.584775
253,1,0.237500,0.102417
253,2,0.159185,0.102417
253,3,-0.008498,-0.284739
253,4,-0.082280,-0.187950
253,5,-0.147569,-0.138762
253,6,-0.175945,-0.284739
253,7,-0.203510,-0.284739
253,8,-0.212925,-0.284739
253,9,-0.245236,-0.284739
253,10,-0.232059,-0.381528
253,11,-0.227213,-0.429130
253,12,-0.190801,-0.381528
253,13,-0.131769,-0.235551
253,14,-0.081786,-0.043560
253,15,0.032027,0.199206
253,16,0.274428,0.102417
253,17,0.411166,0.681564
253,18,0.457173,0.681564
253,19,0.416644,0.681564
253,20,0.351861,0.440385
253,21,0.407089,0.584775
253,22,0.379501,0.924330
253,23,0.317507,0.778354
253,24,0.251334,0.537174
253,25,0.167640,0.392784
253,26,0.087691,0.053229
253,27,-0.031977,-0.091161
253,28,-0.091967,0.053229
253,29,-0.140299,-0.091161
253,30,-0.171524,-0.091161
253,31,-0.178519,-0.187950
253,32,-0.149688,-0.381528
253,33,-0.193139,-0.284739
253,34,-0.177132,-0.478317
253,35,-0.160622,-0.478317
253,36,-0.139769,-0.429130
253,37,-0.089814,-0.525919
253,38,-0.031466,-0.332341
253,39,0.094128,-0.284739
253,40,0.317275,0.102417
253,41,0.382866,0.537174
253,42,0.414204,0.053229
253,43,0.368682,0.150018
253,44,0.303031,0.343596
253,45,0.327412,0.827541
253,46,0.321718,0.584775
253,47,0.288952,0.778354
253,48,0.225281,0.489573
253,49,0.148782,0.150018
253,50,0.066324,0.053229
253,51,-0.075082,-0.187950
253,52,-0.134372,-0.138762
253,53,-0.180922,-0.235551
253,54,-0.196588,-0.235551
253,55,-0.210062,-0.332341
253,56,-0.162463,0.246807
253,57,-0.233208,0.489573
253,58,-0.234229,0.489573
253,59,-0.186453,0.343596
253,60,-0.159740,0.440385
253,61,-0.151126,0.778354
253,62,-0.120684,0.392784
253,63,-0.008157,0.875143
254,0,0.766416,1.068721
254,1,0.810517,0.827541
254,2,0.754976,0.295995
254,3,0.667089,0.343596
254,4,0.600980,0.053229
254,5,0.628337,0.584775
254,6,0.585182,0.295995
254,7,0.514687,0.246807
254,8,0.416656,0.199206
254,9,0.281243,0.199206
254,10,0.137420,-0.138762
254,11,0.023745,-0.091161
254,12,-0.038494,-0.138762
254,13,-0.088529,-0.187950
254,14,-0.089322,-0.187950
254,15,-0.071525,-0.429130
254,16,0.028460,-0.429130
254,17,0.064580,-0.478317
254,18,0.065773,-0.429130
254,19,0.099611,-0.429130
254,20,0.145526,-0.478317
254,21,0.194106,-0.284739
254,22,0.232744,-0.235551
254,23,0.346995,-0.187950
254,24,0.527971,0.199206
254,25,0.586313,0.778354
254,26,0.568433,0.343596
254,27,0.496235,0.681564
254,28,0.447840,0.343596
254,29,0.482222,0.875143
254,30,0.462559,0.681564
254,31,0.398672,0.295995
254,32,0.315407,0.489573
254,33,0.206567,0.295995
254,34,0.085311,0.150018
254,35,-0.021276,-0.043560
254,36,-0.080371,0.053229
254,37,-0.133340,0.150018
254,38,-0.141788,0.053229
254,39,-0.127335,-0.235551
254,40,-0.077260,0.392784
254,41,-0.063744,0.392784
254,42,-0.057685,0.199206
254,43,-0.044583,0.537174
254,44,0.000066,0.440385
254,45,0.048325,0.827541
254,46,0.099795,1.068721
254,47,0.213622,1.455877
254,48,0.421020,0.924330
254,49,0.516477,1.068721
254,50,0.499523,0.875143
254,51,0.439360,0.827541
254,52,0.405501,0.778354
254,53,0.452835,0.827541
254,54,0.445337,0.537174
254,55,0.392601,0.730752
254,56,0.316642,0.584775
254,57,0.215859,0.343596
254,58,0.105007,0.730752
254,59,0.005721,0.343596
254,60,-0.043412,0.440385
254,61,-0.094860,0.924330
254,62,-0.112679,0.246807
254,63,-0.111166,0.295995
255,0,0.240524,0.102417
255,1,0.223007,-0.381528
255,2,0.210934,-0.478317
255,3,0.237453,-0.478317
255,4,0.289562,-0.525919
255,5,0.360401,-0.284739
255,6,0.426246,-0.235551
255,7,0.544129,-0.091161
255,8,0.761646,0.199206
255,9,0.834863,0.343596
255,10,0.797950,0.440385
255,11,0.726288,0.343596
255,12,0.673144,0.005628
255,13,0.712963,0.343596
255,14,0.697315,0.295995
255,15,0.635459,0.681564
255,16,0.552126,0.295995
255,17,0.443253,-1.492222
255,18,0.333146,-1.106653
255,19,0.221129,-1.251043
255,20,0.167645,-0.478317
255,21,0.124265,-0.381528
255,22,0.064125,-0.429130
255,23,0.041789,-0.429130
255,24,0.051462,-0.429130
255,25,0.042860,-0.478317
255,26,0.035311,-0.478317
255,27,0.073055,-0.429130
255,28,0.146377,-0.478317
255,29,0.213913,-0.381528
255,30,0.270240,-0.235551
255,31,0.394348,-0.284739
255,32,0.636949,0.343596
255,33,0.774281,0.489573
255,34,0.748921,0.730752
255,35,0.681368,0.053229
255,36,0.627241,0.053229
255,37,0.670749,0.489573
255,38,0.648260,0.827541
255,39,0.583891,0.343596
255,40,0.496858,0.730752
255,41,0.392394,0.343596
255,42,0.285494,0.730752
255,43,0.162666,0.392784
255,44,0.105378,0.584775
255,45,0.059282,0.295995
255,46,0.006673,0.343596
255,47,-0.012241,-0.043560
255,48,0.050448,0.730752
255,49,0.039929,0.489573
255,50,0.026785,0.778354
255,51,0.050384,0.730752
255,52,0.097721,0.778354
255,53,0.150698,0.730752
255,54,0.208654,1.068721
255,55,0.331811,0.778354
255,56,0.560682,0.584775
255,57,0.688596,0.343596
255,58,0.668321,0.633963
255,59,0.616379,0.584775
255,60,0.573906,0.440385
255,61,0.621327,0.440385
255,62,0.609086,0.924330
255,63,0.556285,0.924330
256,0,0.854319,0.681564
256,1,0.596514,0.343596
256,2,0.408308,0.537174
256,3,0.245408,0.584775
256,4,0.166269,0.633963
256,5,0.120934,0.295995
256,6,0.117642,0.102417
256,7,0.125073,0.199206
256,8,0.217806,0.199206
256,9,0.245306,0.102417
256,10,0.300422,-0.043560
256,11,0.382856,0.102417
256,12,0.452980,0.537174
256,13,0.507012,0.053229
256,14,0.521333,0.343596
256,15,0.601210,0.295995
256,16,0.742577,0.440385
256,17,0.799298,0.924330
256,18,0.801556,1.021119
256,19,0.773059,1.165510
256,20,0.751630,0.681564
256,21,0.807695,0.489573
256,22,0.819919,0.681564
256,23,0.817741,0.440385
256,24,0.766616,0.681564
256,25,0.599753,0.053229
256,26,0.451965,0.246807
256,27,0.304275,0.343596
256,28,0.240332,0.246807
256,29,0.188314,0.295995
256,30,0.165620,-0.187950
256,31,0.167838,-0.043560
256,32,0.316087,0.053229
256,33,0.336245,0.150018
256,34,0.389771,0.246807
256,35,0.455819,0.246807
256,36,0.506019,0.053229
256,37,0.552498,0.150018
256,38,0.597408,0.295995
256,39,0.687498,0.392784
256,40,0.845814,0.730752
256,41,0.873798,0.489573
256,42,0.858312,0.440385
256,43,0.798923,0.102417
256,44,0.754658,0.489573
256,45,0.783967,0.730752
256,46,0.794894,0.392784
256,47,0.792029,0.343596
256,48,0.757631,0.489573
256,49,0.583659,0.392784
256,50,0.416152,0.295995
256,51,0.262149,0.246807
256,52,0.195980,0.489573
256,53,0.139954,0.295995
256,54,0.135044,0.295995
256,55,0.148552,0.246807
256,56,0.267079,0.875143
256,57,0.282962,0.778354
256,58,0.334198,0.827541
256,59,0.411443,0.584775
256,60,0.464140,0.633963
256,61,0.511608,0.633963
256,62,0.550864,0.681564
256,63,0.657101,0.875143
257,0,0.967318,0.924330
257,1,1.010907,0.246807
257,2,0.945516,0.778354
257,3,0.871852,0.440385
257,4,0.821978,0.537174
257,5,0.840673,0.440385
257,6,0.822974,0.827541
257,7,0.769110,0.584775
257,8,0.702697,1.068721
257,9,0.596249,0.778354
257,10,0.509583,0.295995
257,11,0.436889,0.150018
257,12,0.390295,0.295995
257,13,0.342158,0.150018
257,14,0.297698,0.489573
257,15,0.288668,0.343596
257,16,0.367455,0.246807
257,17,0.331182,-0.043560
257,18,0.321123,-0.043560
257,19,0.359785,-0.091161
257,20,0.394387,-0.091161
257,21,0.459374,-0.043560
257,22,0.493133,0.102417
257,23,0.590227,-0.187950
257,24,0.734907,0.150018
257,25,0.786784,0.778354
257,26,0.761490,0.199206
257,27,0.701231,0.681564
257,28,0.654492,0.584775
257,29,0.691496,1.165510
257,30,0.663371,0.827541
257,31,0.603007,0.584775
257,32,0.554168,0.295995
257,33,0.390544,-0.043560
257,34,0.289842,0.440385
257,35,0.204794,0.102417
257,36,0.150340,0.053229
257,37,0.092635,-0.091161
257,38,0.049241,-0.187950
257,39,0.048436,0.778354
257,40,0.081920,0.681564
257,41,0.073873,0.584775
257,42,0.074500,1.165510
257,43,0.081127,0.681564
257,44,0.125841,0.537174
257,45,0.195197,0.584775
257,46,0.246732,0.489573
257,47,0.347929,0.827541
257,48,0.522303,1.068721
257,49,0.634631,0.730752
257,50,0.594673,0.537174
257,51,0.525525,0.537174
257,52,0.485389,0.246807
257,53,0.512638,0.778354
257,54,0.505944,0.633963
257,55,0.465275,0.778354
257,56,0.425541,0.489573
257,57,0.271580,0.537174
257,58,0.173731,0.102417
257,59,0.083964,0.102417
257,60,0.032009,-0.138762
257,61,-0.024198,-0.138762
257,62,-0.062497,0.584775
257,63,-0.047654,0.199206
258,0,0.181797,0.730752
258,1,0.145770,0.778354
258,2,0.117670,0.489573
258,3,0.104948,0.537174
258,4,0.108490,0.489573
258,5,0.140889,0.681564
258,6,0.204251,0.778354
258,7,0.294953,0.827541
258,8,0.448430,0.537174
258,9,0.546039,0.440385
258,10,0.543174,0.392784
258,11,0.522377,0.730752
258,12,0.515048,0.392784
258,13,0.566545,0.489573
258,14,0.579935,0.343596
258,15,0.538283,0.246807
258,16,0.462949,0.730752
258,17,0.333571,1.021119
258,18,0.239736,0.246807
258,19,0.163300,0.681564
258,20,0.124053,0.246807
258,21,0.096423,0.343596
258,22,0.079692,0.199206
258,23,0.085681,-0.091161
258,24,0.103500,-0.138762
258,25,0.086270,-0.235551
258,26,0.074383,-0.284739
258,27,0.075696,-0.332341
258,28,0.102307,-0.284739
258,29,0.148766,0.102417
258,30,0.209902,0.150018
258,31,0.306040,0.053229
258,32,0.454415,0.295995
258,33,0.572589,0.440385
258,34,0.585608,0.584775
258,35,0.559682,0.778354
258,36,0.541552,0.343596
258,37,0.580943,0.730752
258,38,0.595431,0.971932
258,39,0.551909,0.681564
258,40,0.471426,0.246807
258,41,0.337986,0.102417
258,42,0.240100,0.584775
258,43,0.151608,0.102417
258,44,0.105109,0.005628
258,45,0.070909,-0.235551
258,46,0.034562,-0.332341
258,47,0.022209,-0.381528
258,48,0.038330,-0.478317
258,49,0.022871,-0.429130
258,50,0.001955,-0.478317
258,51,-0.004865,-0.575107
258,52,0.013799,-0.381528
258,53,0.048872,-0.187950
258,54,0.108182,-0.091161
258,55,0.204297,0.199206
258,56,0.355022,0.730752
258,57,0.486629,0.537174
258,58,0.499940,1.116322
258,59,0.486707,0.584775
258,60,0.473196,0.489573
258,61,0.519853,0.633963
258,62,0.529563,0.924330
258,63,0.488356,0.971932
259,0,0.728201,-0.235551
259,1,0.501184,-0.091161
259,2,0.351496,-0.284739
259,3,0.213272,-0.235551
259,4,0.115224,-0.235551
259,5,0.044674,-0.091161
259,6,-0.008270,-0.187950
259,7,-0.032612,-0.284739
259,8,-0.031237,-0.187950
259,9,-0.055139,-0.284739
259,10,-0.060711,-0.284739
259,11,-0.035612,-0.478317
259,12,0.017017,-0.332341
259,13,0.105045,-0.187950
259,14,0.229138,-0.138762
259,15,0.381236,0.053229
259,16,0.557521,0.827541
259,17,0.660310,0.392784
259,18,0.679606,0.924330
259,19,0.650094,0.827541
259,20,0.634359,0.584775
259,21,0.703363,0.295995
259,22,0.720942,0.199206
259,23,0.695284,0.392784
259,24,0.602377,0.392784
259,25,0.436209,0.537174
259,26,0.318966,0.489573
259,27,0.198983,0.343596
259,28,0.124992,0.053229
259,29,0.067603,0.005628
259,30,0.014992,-0.138762
259,31,-0.015666,-0.091161
259,32,-0.012605,0.343596
259,33,-0.025536,0.584775
259,34,-0.025185,0.537174
259,35,-0.010390,0.681564
259,36,0.028608,0.440385
259,37,0.096901,0.392784
259,38,0.203731,0.440385
259,39,0.342021,0.827541
259,40,0.550147,0.584775
259,41,0.647229,0.537174
259,42,0.663102,0.343596
259,43,0.630318,0.584775
259,44,0.608978,0.295995
259,45,0.665749,0.924330
259,46,0.677228,0.246807
259,47,0.638712,0.730752
259,48,0.560652,0.392784
259,49,0.397157,0.392784
259,50,0.285097,0.440385
259,51,0.166276,0.537174
259,52,0.093259,0.584775
259,53,0.028455,0.537174
259,54,-0.011823,0.730752
259,55,-0.022988,0.102417
259,56,-0.013548,0.875143
259,57,-0.028659,0.924330
259,58,-0.041030,0.584775
259,59,-0.032839,0.489573
259,60,-0.002489,0.489573
259,61,0.065194,0.537174
259,62,0.162371,0.633963
259,63,0.301140,0.440385
260,0,0.614732,0.343596
260,1,0.667938,0.343596
260,2,0.666110,0.440385
260,3,0.648892,0.102417
260,4,0.636249,-0.043560
260,5,0.665018,0.053229
260,6,0.669251,0.150018
260,7,0.634190,0.392784
260,8,0.569525,0.295995
260,9,0.478374,0.246807
260,10,0.405473,0.295995
260,11,0.338854,-0.187950
260,12,0.286088,-0.235551
260,13,0.240077,-0.284739
260,14,0.196979,-0.381528
260,15,0.174687,-0.332341
260,16,0.211734,-0.478317
260,17,0.173555,-0.478317
260,18,0.133783,-0.478317
260,19,0.111354,-0.478317
260,20,0.123354,-0.429130
260,21,0.201946,-0.429130
260,22,0.284932,-0.381528
260,23,0.389673,-0.381528
260,24,0.540009,-0.284739
260,25,0.591209,-0.235551
260,26,0.599310,-0.235551
260,27,0.587465,-0.187950
260,28,0.576851,-0.235551
260,29,0.630742,-0.043560
260,30,0.639803,0.102417
260,31,0.594477,0.295995
260,32,0.504425,0.053229
260,33,0.399916,0.440385
260,34,0.316745,-0.043560
260,35,0.241536,-0.187950
260,36,0.195900,-0.187950
260,37,0.155125,-0.235551
260,38,0.124141,-0.332341
260,39,0.111224,-0.429130
260,40,0.146831,-0.525919
260,41,0.114303,-0.429130
260,42,0.077097,-0.478317
260,43,0.051353,-0.575107
260,44,0.063675,-0.670309
260,45,0.155507,-0.525919
260,46,0.263629,-0.478317
260,47,0.356440,-0.429130
260,48,0.508160,-0.429130
260,49,0.587217,-0.332341
260,50,0.610878,-0.187950
260,51,0.593503,-0.187950
260,52,0.586779,-0.235551
260,53,0.624000,-0.235551
260,54,0.637820,-0.138762
260,55,0.603199,-0.138762
260,56,0.511351,-0.138762
260,57,0.398179,-0.187950
260,58,0.298744,-0.187950
260,59,0.206806,-0.235551
260,60,0.139236,-0.284739
260,61,0.078387,-0.284739
260,62,0.027396,-0.332341
260,63,-0.002560,-0.429130
261,0,-0.523960,-0.478317
261,1,-0.504721,-0.575107
261,2,-0.493656,-0.575107
261,3,-0.495256,-0.575107
261,4,-0.479588,-0.622708
261,5,-0.441544,-0.525919
261,6,-0.394527,-0.525919
261,7,-0.337886,-0.478317
261,8,-0.274662,-0.381528
261,9,-0.226348,-0.332341
261,10,-0.185454,-0.332341
261,11,-0.167067,-0.284739
261,12,-0.155487,-0.284739
261,13,-0.097364,-0.284739
261,14,-0.037130,-0.235551
261,15,0.042842,-0.187950
261,16,-0.003357,-0.235551
261,17,-0.055440,-0.187950
261,18,-0.127285,-0.187950
261,19,-0.201641,-0.235551
261,20,-0.255555,-0.332341
261,21,-0.309859,-0.381528
261,22,-0.365904,-0.381528
261,23,-0.413752,-0.575107
261,24,-0.421037,-0.575107
261,25,-0.414774,-0.670309
261,26,-0.420839,-0.670309
261,27,-0.431344,-0.670309
261,28,-0.416103,-0.670309
261,29,-0.373198,-0.575107
261,30,-0.330049,-0.575107
261,31,-0.260742,-0.429130
261,32,-0.191377,-0.332341
261,33,-0.117633,-0.332341
261,34,-0.074966,-0.332341
261,35,-0.071692,-0.091161
261,36,-0.067844,-0.187950
261,37,-0.011474,0.005628
261,38,0.039513,0.053229
261,39,0.101721,0.150018
261,40,0.044478,0.102417
261,41,-0.017774,0.102417
261,42,-0.098731,-0.043560
261,43,-0.178166,-0.187950
261,44,-0.239623,-0.138762
261,45,-0.293708,-0.381528
261,46,-0.352390,-0.381528
261,47,-0.391067,-0.429130
261,48,-0.389763,-0.478317
261,49,-0.365642,-0.575107
261,50,-0.386328,-0.670309
261,51,-0.412930,-0.575107
261,52,-0.402560,-0.525919
261,53,-0.366081,-0.525919
261,54,-0.321518,-0.525919
261,55,-0.260790,-0.478317
261,56,-0.179145,-0.332341
261,57,-0.112987,-0.187950
261,58,-0.057664,-0.187950
261,59,-0.060268,-0.138762
261,60,-0.066426,-0.138762
261,61,0.003904,0.053229
261,62,0.059976,-0.043560
261,63,0.116285,-0.091161
262,0,-0.121054,0.053229
262,1,-0.138891,0.199206
262,2,-0.174716,0.295995
262,3,-0.217358,0.246807
262,4,-0.260058,0.246807
262,5,-0.321573,0.005628
262,6,-0.381806,-0.284739
262,7,-0.442528,-0.478317
262,8,-0.486376,-0.525919
262,9,-0.528265,-0.525919
262,10,-0.562174,-0.525919
262,11,-0.570690,-0.525919
262,12,-0.569797,-0.525919
262,13,-0.518346,-0.525919
262,14,-0.470659,-0.525919
262,15,-0.400383,-0.525919
262,16,-0.326507,-0.525919
262,17,-0.251213,-0.525919
262,18,-0.194132,-0.525919
262,19,-0.165327,-0.525919
262,20,-0.134783,-0.525919
262,21,-0.076801,-0.525919
262,22,-0.053284,-0.525919
262,23,-0.038182,-0.525919
262,24,-0.044896,-0.525919
262,25,-0.069158,-0.525919
262,26,-0.124318,-0.525919
262,27,-0.185699,-0.525919
262,28,-0.248883,-0.525919
262,29,-0.313067,-0.525919
262,30,-0.378216,-0.525919
262,31,-0.436595,-0.525919
262,32,-0.491114,-0.091161
262,33,-0.538013,-0.187950
262,34,-0.563296,-0.138762
262,35,-0.559839,-0.187950
262,36,-0.546998,-0.187950
262,37,-0.506614,-0.284739
262,38,-0.447489,-0.284739
262,39,-0.370428,-0.235551
262,40,-0.307957,-0.091161
262,41,-0.254395,-0.043560
262,42,-0.200103,0.199206
262,43,-0.156045,0.199206
262,44,-0.116549,0.199206
262,45,-0.038119,0.584775
262,46,-0.015961,0.633963
262,47,0.006302,0.489573
262,48,0.003614,0.246807
262,49,-0.034007,0.053229
262,50,-0.115869,0.199206
262,51,-0.195109,0.053229
262,52,-0.258937,0.102417
262,53,-0.320082,0.150018
262,54,-0.382190,-0.043560
262,55,-0.445764,-0.043560
262,56,-0.494143,-0.043560
262,57,-0.530418,-0.332341
262,58,-0.552560,-0.381528
262,59,-0.547601,-0.187950
262,60,-0.543475,0.053229
262,61,-0.502067,-0.091161
262,62,-0.450805,-0.091161
262,63,-0.381505,-0.091161
263,0,0.016136,0.102417
263,1,0.072804,0.150018
263,2,0.140699,0.102417
263,3,0.162816,0.102417
263,4,0.175796,0.102417
263,5,0.229675,0.053229
263,6,0.278953,0.005628
263,7,0.277041,0.246807
263,8,0.226268,0.343596
263,9,0.171072,0.199206
263,10,0.103320,0.440385
263,11,0.029673,-0.284739
263,12,-0.041849,-0.235551
263,13,-0.107279,-0.381528
263,14,-0.164150,-0.284739
263,15,-0.211795,-0.381528
263,16,-0.245237,-0.187950
263,17,-0.295632,-0.187950
263,18,-0.329028,-0.478317
263,19,-0.330855,-0.478317
263,20,-0.325586,-0.478317
263,21,-0.288640,-0.138762
263,22,-0.248102,0.005628
263,23,-0.184573,-0.043560
263,24,-0.105148,0.053229
263,25,-0.046586,0.150018
263,26,0.005306,0.343596
263,27,0.033759,0.150018
263,28,0.051098,0.150018
263,29,0.114188,0.246807
263,30,0.154666,0.392784
263,31,0.161224,0.440385
263,32,0.106902,0.440385
263,33,0.058860,0.537174
263,34,0.002412,0.246807
263,35,-0.064253,0.102417
263,36,-0.126319,0.102417
263,37,-0.187519,0.005628
263,38,-0.241166,-0.138762
263,39,-0.289322,-0.235551
263,40,-0.319891,-0.235551
263,41,-0.356218,-0.381528
263,42,-0.377651,-0.332341
263,43,-0.379645,-0.381528
263,44,-0.374999,-0.235551
263,45,-0.327846,-0.187950
263,46,-0.277775,-0.332341
263,47,-0.213852,-0.235551
263,48,-0.097862,0.102417
263,49,-0.052237,0.053229
263,50,0.007503,0.102417
263,51,0.021648,-0.043560
263,52,0.042557,0.005628
263,53,0.103931,0.053229
263,54,0.152487,0.053229
263,55,0.155535,0.440385
263,56,0.103605,0.343596
263,57,0.051631,0.102417
263,58,-0.003307,0.392784
263,59,-0.070501,-0.043560
263,60,-0.136076,0.150018
263,61,-0.198405,0.102417
263,62,-0.248293,-0.091161
263,63,-0.284261,-0.284739
264,0,-0.263463,-0.235551
264,1,-0.295361,-0.478317
264,2,-0.328120,-0.138762
264,3,-0.335272,-0.043560
264,4,-0.324289,0.246807
264,5,-0.286102,-0.138762
264,6,-0.241338,-0.187950
264,7,-0.173979,-0.332341
264,8,-0.063256,0.246807
264,9,-0.002460,0.150018
264,10,0.036261,0.440385
264,11,0.036479,0.537174
264,12,0.040158,0.199206
264,13,0.085457,0.343596
264,14,0.146038,0.584775
264,15,0.208753,0.537174
264,16,0.194841,0.489573
264,17,0.168223,0.295995
264,18,0.136199,0.489573
264,19,0.056846,0.150018
264,20,-0.005548,0.537174
264,21,-0.068478,0.392784
264,22,-0.147795,0.150018
264,23,-0.227603,-0.043560
264,24,-0.280095,-0.091161
264,25,-0.329284,-0.235551
264,26,-0.365708,-0.429130
264,27,-0.369022,-0.429130
264,28,-0.348192,-0.332341
264,29,-0.317595,-0.332341
264,30,-0.283107,-0.429130
264,31,-0.225035,-0.429130
264,32,-0.134849,-0.187950
264,33,-0.070128,0.102417
264,34,-0.023081,0.053229
264,35,-0.009672,0.392784
264,36,0.003273,-0.043560
264,37,0.048923,0.246807
264,38,0.095305,0.005628
264,39,0.135547,0.005628
264,40,0.124478,0.102417
264,41,0.100665,-0.043560
264,42,0.068668,-0.043560
264,43,-0.008395,-0.284739
264,44,-0.074150,-0.284739
264,45,-0.140249,-0.284739
264,46,-0.218012,-0.284739
264,47,-0.286795,-0.332341
264,48,-0.321330,-0.575107
264,49,-0.357582,-0.429130
264,50,-0.392286,-0.478317
264,51,-0.405095,-0.478317
264,52,-0.386898,-0.381528
264,53,-0.356306,-0.381528
264,54,-0.314865,-0.429130
264,55,-0.256547,-0.381528
264,56,-0.155198,0.102417
264,57,-0.078539,0.102417
264,58,-0.034834,-0.091161
264,59,-0.016995,0.199206
264,60,-0.010293,0.199206
264,61,0.032012,0.150018
264,62,0.089295,0.150018
264,63,0.139258,-0.091161
265,0,-0.039549,-0.138762
265,1,-0.054919,-0.138762
265,2,-0.101501,-0.138762
265,3,-0.176534,-0.381528
265,4,-0.214440,-0.381528
265,5,-0.246988,-0.235551
265,6,-0.282483,-0.235551
265,7,-0.330881,-0.381528
265,8,-0.369704,-0.429130
265,9,-0.409687,-0.525919
265,10,-0.430603,-0.525919
265,11,-0.425483,-0.478317
265,12,-0.409620,-0.478317
265,13,-0.367367,-0.332341
265,14,-0.323392,-0.429130
265,15,-0.260704,-0.525919
265,16,-0.109684,0.053229
265,17,-0.044637,-0.284739
265,18,-0.002735,-0.091161
265,19,0.035151,-0.043560
265,20,0.028877,-0.091161
265,21,0.075856,-0.043560
265,22,0.103760,-0.187950
265,23,0.112322,-0.138762
265,24,0.088039,-0.284739
265,25,0.055948,-0.381528
265,26,-0.001812,-0.670309
265,27,-0.107232,-0.575107
265,28,-0.161368,-0.525919
265,29,-0.206924,-0.429130
265,30,-0.262650,-0.332341
265,31,-0.311141,-0.478317
265,32,-0.341708,-0.719497
265,33,-0.389380,-0.719497
265,34,-0.412357,-0.719497
265,35,-0.401358,-0.719497
265,36,-0.381428,-0.575107
265,37,-0.344901,-0.525919
265,38,-0.297172,-0.525919
265,39,-0.234221,-0.575107
265,40,-0.100352,-0.381528
265,41,-0.041282,-0.138762
265,42,0.010017,-0.138762
265,43,0.032638,-0.091161
265,44,0.018994,-0.332341
265,45,0.076893,-0.381528
265,46,0.124898,-0.381528
265,47,0.174565,0.246807
265,48,0.163617,-0.043560
265,49,0.112356,-0.091161
265,50,0.054093,-0.138762
265,51,-0.075742,0.150018
265,52,-0.130641,-0.091161
265,53,-0.174236,-0.235551
265,54,-0.225587,-0.381528
265,55,-0.281892,-0.332341
265,56,-0.306814,-0.332341
265,57,-0.368084,-0.332341
265,58,-0.401663,-0.332341
265,59,-0.399398,-0.284739
265,60,-0.379088,-0.138762
265,61,-0.345143,-0.187950
265,62,-0.304172,-0.332341
265,63,-0.240480,-0.235551
266,0,-0.090212,-0.235551
266,1,-0.035837,0.005628
266,2,0.009167,-0.043560
266,3,0.008126,-0.091161
266,4,-0.002041,-0.187950
266,5,0.018750,-0.138762
266,6,0.056188,-0.138762
266,7,0.110059,-0.235551
266,8,0.078312,-0.235551
266,9,0.048638,-0.235551
266,10,0.004438,-0.235551
266,11,-0.108162,-0.235551
266,12,-0.168636,-0.091161
266,13,-0.222680,-0.187950
266,14,-0.283049,-0.284739
266,15,-0.333629,-0.332341
266,16,-0.366290,-0.332341
266,17,-0.402168,-0.332341
266,18,-0.421104,-0.429130
266,19,-0.398587,-0.429130
266,20,-0.361112,-0.284739
266,21,-0.310239,-0.284739
266,22,-0.317974,-0.235551
266,23,-0.267642,-0.284739
266,24,-0.131735,-0.429130
266,25,-0.081914,-0.284739
266,26,-0.028525,-0.138762
266,27,-0.024422,-0.284739
266,28,-0.024312,-0.478317
266,29,0.005773,-0.429130
266,30,0.046989,-0.381528
266,31,0.090760,-0.332341
266,32,0.053429,-0.332341
266,33,0.012506,-0.332341
266,34,-0.042836,-0.381528
266,35,-0.127520,-0.478317
266,36,-0.181114,-0.429130
266,37,-0.241416,-0.429130
266,38,-0.300347,-0.478317
266,39,-0.351501,-0.670309
266,40,-0.390493,-0.670309
266,41,-0.433119,-0.767098
266,42,-0.450597,-0.670309
266,43,-0.431366,-0.670309
266,44,-0.401005,-0.525919
266,45,-0.365964,-0.575107
266,46,-0.343808,-0.670309
266,47,-0.284366,-0.478317
266,48,-0.129611,-0.478317
266,49,-0.061507,-0.284739
266,50,-0.009990,-0.187950
266,51,0.000411,0.053229
266,52,0.000301,-0.091161
266,53,0.032034,-0.187950
266,54,0.085388,-0.187950
266,55,0.117978,-0.138762
266,56,0.067670,-0.187950
266,57,0.019211,-0.381528
266,58,-0.037775,-0.381528
266,59,-0.117324,-0.332341
266,60,-0.166005,-0.284739
266,61,-0.223757,-0.332341
266,62,-0.277554,-0.429130
266,63,-0.328349,-0.429130
267,0,-0.489508,-0.478317
267,1,-0.517278,-0.478317
267,2,-0.535647,-0.429130
267,3,-0.526220,-0.429130
267,4,-0.497774,-0.478317
267,5,-0.477826,-0.478317
267,6,-0.456827,-0.429130
267,7,-0.411219,-0.429130
267,8,-0.295804,-0.284739
267,9,-0.208508,-0.332341
267,10,-0.145753,-0.284739
267,11,-0.099094,-0.332341
267,12,-0.133552,-0.284739
267,13,-0.128163,-0.332341
267,14,-0.109124,-0.235551
267,15,-0.065041,-0.381528
267,16,-0.100938,-0.381528
267,17,-0.145474,-0.429130
267,18,-0.177594,-0.429130
267,19,-0.206704,-0.429130
267,20,-0.219889,-0.429130
267,21,-0.254636,-0.381528
267,22,-0.308617,-0.429130
267,23,-0.361772,-0.429130
267,24,-0.408639,-0.429130
267,25,-0.442987,-0.429130
267,26,-0.466561,-0.478317
267,27,-0.455829,-0.478317
267,28,-0.424185,-0.478317
267,29,-0.401314,-0.429130
267,30,-0.387087,-0.381528
267,31,-0.343506,-0.478317
267,32,-0.233285,-0.429130
267,33,-0.153966,-0.429130
267,34,-0.095848,-0.332341
267,35,-0.059736,-0.381528
267,36,-0.067405,-0.429130
267,37,-0.058336,-0.429130
267,38,-0.030356,-0.429130
267,39,-0.000992,-0.429130
267,40,-0.029831,-0.381528
267,41,-0.076118,-0.429130
267,42,-0.112344,-0.525919
267,43,-0.154234,-0.478317
267,44,-0.174903,-0.478317
267,45,-0.207244,-0.478317
267,46,-0.254775,-0.478317
267,47,-0.297687,-0.429130
267,48,-0.340310,-0.478317
267,49,-0.377502,-0.525919
267,50,-0.414561,-0.525919
267,51,-0.411984,-0.575107
267,52,-0.387651,-0.575107
267,53,-0.367076,-0.478317
267,54,-0.354307,-0.525919
267,55,-0.316671,-0.525919
267,56,-0.192959,-0.429130
267,57,-0.121537,-0.478317
267,58,-0.068207,-0.332341
267,59,-0.033837,-0.381528
267,60,-0.059389,-0.332341
267,61,-0.052807,-0.284739
267,62,-0.029387,-0.332341
267,63,0.002801,-0.381528
268,0,-0.377654,-0.332341
268,1,-0.411803,-0.381528
268,2,-0.438626,-0.381528
268,3,-0.460418,-0.187950
268,4,-0.465819,-0.235551
268,5,-0.473816,-0.284739
268,6,-0.492543,-0.332341
268,7,-0.514503,-0.381528
268,8,-0.535628,-0.478317
268,9,-0.547943,-0.575107
268,10,-0.555972,-0.525919
268,11,-0.557836,-0.575107
268,12,-0.546656,-0.525919
268,13,-0.511942,-0.575107
268,14,-0.510904,-0.575107
268,15,-0.494548,-0.525919
268,16,-0.433883,-0.429130
268,17,-0.385597,-0.429130
268,18,-0.324450,-0.429130
268,19,-0.306495,-0.478317
268,20,-0.310266,-0.429130
268,21,-0.297548,-0.429130
268,22,-0.280600,-0.332341
268,23,-0.268398,-0.478317
268,24,-0.285534,-0.478317
268,25,-0.332419,-0.429130
268,26,-0.364322,-0.429130
268,27,-0.384937,-0.429130
268,28,-0.393816,-0.381528
268,29,-0.408880,-0.429130
268,30,-0.440735,-0.478317
268,31,-0.460113,-0.575107
268,32,-0.480393,-0.525919
268,33,-0.494246,-0.525919
268,34,-0.502131,-0.525919
268,35,-0.495107,-0.525919
268,36,-0.476462,-0.575107
268,37,-0.444661,-0.525919
268,38,-0.436096,-0.525919
268,39,-0.414683,-0.478317
268,40,-0.365040,-0.381528
268,41,-0.315354,-0.429130
268,42,-0.258546,-0.429130
268,43,-0.244672,-0.478317
268,44,-0.254115,-0.429130
268,45,-0.241811,-0.575107
268,46,-0.225309,-0.525919
268,47,-0.201024,-0.478317
268,48,-0.223539,-0.478317
268,49,-0.271055,-0.429130
268,50,-0.303781,-0.429130
268,51,-0.332064,-0.429130
268,52,-0.342313,-0.429130
268,53,-0.359318,-0.429130
268,54,-0.391469,-0.478317
268,55,-0.417126,-0.525919
268,56,-0.443391,-0.575107
268,57,-0.467399,-0.719497
268,58,-0.476226,-0.719497
268,59,-0.470561,-0.670309
268,60,-0.451931,-0.670309
268,61,-0.430683,-0.670309
268,62,-0.420574,-0.622708
268,63,-0.398161,-0.622708
269,0,-0.571820,-0.525919
269,1,-0.524105,-0.478317
269,2,-0.487264,-0.575107
269,3,-0.473732,-0.575107
269,4,-0.477711,-0.575107
269,5,-0.472981,-0.478317
269,6,-0.459508,-0.525919
269,7,-0.454516,-0.478317
269,8,-0.452451,-0.478317
269,9,-0.461321,-0.332341
269,10,-0.463675,-0.332341
269,11,-0.452892,-0.332341
269,12,-0.437755,-0.284739
269,13,-0.464063,-0.381528
269,14,-0.499025,-0.478317
269,15,-0.540297,-0.525919
269,16,-0.576054,-0.575107
269,17,-0.602765,-0.575107
269,18,-0.616067,-0.622708
269,19,-0.612890,-0.575107
269,20,-0.603659,-0.622708
269,21,-0.580211,-0.575107
269,22,-0.572958,-0.575107
269,23,-0.549465,-0.575107
269,24,-0.477343,-0.478317
269,25,-0.434809,-0.381528
269,26,-0.403236,-0.429130
269,27,-0.380131,-0.381528
269,28,-0.400929,-0.235551
269,29,-0.398238,-0.284739
269,30,-0.383660,-0.284739
269,31,-0.378714,-0.284739
269,32,-0.389656,-0.332341
269,33,-0.410318,-0.284739
269,34,-0.417554,-0.332341
269,35,-0.408308,-0.332341
269,36,-0.397503,-0.332341
269,37,-0.425446,-0.332341
269,38,-0.463133,-0.381528
269,39,-0.506014,-0.429130
269,40,-0.547293,-0.525919
269,41,-0.578952,-0.525919
269,42,-0.592234,-0.575107
269,43,-0.588192,-0.622708
269,44,-0.577618,-0.575107
269,45,-0.564518,-0.525919
269,46,-0.557108,-0.478317
269,47,-0.539585,-0.429130
269,48,-0.471917,-0.429130
269,49,-0.425780,-0.381528
269,50,-0.409364,-0.478317
269,51,-0.398549,-0.332341
269,52,-0.404768,-0.381528
269,53,-0.404383,-0.332341
269,54,-0.405773,-0.381528
269,55,-0.409208,-0.332341
269,56,-0.416458,-0.381528
269,57,-0.442662,-0.381528
269,58,-0.453840,-0.381528
269,59,-0.457104,-0.332341
269,60,-0.458752,-0.284739
269,61,-0.472026,-0.284739
269,62,-0.499170,-0.381528
269,63,-0.528618,-0.429130
270,0,-0.852277,-0.862341
270,1,-0.852309,-0.869969
270,2,-0.854945,-0.831610
270,3,-0.852841,-0.877597
270,4,-0.861194,-0.915956
270,5,-0.874635,-0.892962
270,6,-0.871225,-0.900591
270,7,-0.852387,-0.900591
270,8,-0.817466,-0.839347
270,9,-0.783662,-0.839347
270,10,-0.745348,-0.808616
270,11,-0.704310,-0.793251
270,12,-0.659625,-0.770258
270,13,-0.620584,-0.593937
270,14,-0.604856,-0.540322
270,15,-0.602142,-0.647662
270,16,-0.602450,-0.663027
270,17,-0.619860,-0.601675
270,18,-0.640775,-0.670655
270,19,-0.649183,-0.624668
270,20,-0.661442,-0.686021
270,21,-0.689403,-0.686021
270,22,-0.702946,-0.739636
270,23,-0.700638,-0.854604
270,24,-0.699436,-0.869969
270,25,-0.706290,-0.954315
270,26,-0.715361,-0.931321
270,27,-0.720824,-0.984937
270,28,-0.732787,-1.023296
270,29,-0.744842,-1.015558
270,30,-0.744524,-1.053917
270,31,-0.727034,-1.069283
270,32,-0.689117,-1.053917
270,33,-0.650135,-1.030924
270,34,-0.605003,-0.862341
270,35,-0.559375,-0.892962
270,36,-0.512221,-0.862341
270,37,-0.473713,-0.709014
270,38,-0.452907,-0.647662
270,39,-0.448793,-0.639925
270,40,-0.451784,-0.632296
270,41,-0.469550,-0.570944
270,42,-0.488046,-0.647662
270,43,-0.497743,-0.709014
270,44,-0.511387,-0.739636
270,45,-0.538508,-0.800988
270,46,-0.557514,-0.808616
270,47,-0.561404,-0.800988
270,48,-0.564045,-0.823982
270,49,-0.573531,-0.839347
270,50,-0.588978,-0.823982
270,51,-0.594639,-0.908328
270,52,-0.607280,-0.839347
270,53,-0.630103,-0.770258
270,54,-0.637914,-0.693649
270,55,-0.625205,-0.732008
270,56,-0.594442,-0.678283
270,57,-0.559808,-0.593937
270,58,-0.513924,-0.609303
270,59,-0.466393,-0.616931
270,60,-0.422873,-0.501963
270,61,-0.383988,-0.409989
270,62,-0.371787,-0.371630
270,63,-0.382846,-0.494335
271,0,-0.523261,-0.417617
271,1,-0.526351,-0.463604
271,2,-0.535127,-0.586309
271,3,-0.546816,-0.601675
271,4,-0.565712,-0.724270
271,5,-0.587415,-0.770258
271,6,-0.598984,-0.800988
271,7,-0.609940,-0.800988
271,8,-0.613996,-0.823982
271,9,-0.617467,-0.770258
271,10,-0.627088,-0.793251
271,11,-0.635269,-0.655290
271,12,-0.643925,-0.624668
271,13,-0.642956,-0.670655
271,14,-0.640179,-0.678283
271,15,-0.634008,-0.670655
271,16,-0.612620,-0.563316
271,17,-0.582707,-0.494335
271,18,-0.549194,-0.471342
271,19,-0.518539,-0.509700
271,20,-0.485882,-0.463604
271,21,-0.447462,-0.302650
271,22,-0.422704,-0.256663
271,23,-0.426277,-0.379367
271,24,-0.438206,-0.440611
271,25,-0.451847,-0.532694
271,26,-0.474805,-0.570944
271,27,-0.500383,-0.578681
271,28,-0.529363,-0.593937
271,29,-0.558719,-0.570944
271,30,-0.578348,-0.632296
271,31,-0.593273,-0.670655
271,32,-0.603136,-0.701277
271,33,-0.611054,-0.747264
271,34,-0.623736,-0.770258
271,35,-0.637528,-0.777995
271,36,-0.653395,-0.770258
271,37,-0.661220,-0.770258
271,38,-0.660778,-0.762629
271,39,-0.658283,-0.701277
271,40,-0.640172,-0.686021
271,41,-0.614241,-0.724270
271,42,-0.585447,-0.709014
271,43,-0.554334,-0.693649
271,44,-0.520963,-0.616931
271,45,-0.480298,-0.448348
271,46,-0.456211,-0.379367
271,47,-0.463780,-0.478970
271,48,-0.476050,-0.402361
271,49,-0.487613,-0.471342
271,50,-0.511460,-0.494335
271,51,-0.533493,-0.547950
271,52,-0.559387,-0.578681
271,53,-0.591396,-0.655290
271,54,-0.613519,-0.785623
271,55,-0.629757,-0.755001
271,56,-0.636375,-0.777995
271,57,-0.641320,-0.739636
271,58,-0.653585,-0.762629
271,59,-0.666781,-0.724270
271,60,-0.683400,-0.816245
271,61,-0.694063,-0.808616
271,62,-0.698981,-0.984937
271,63,-0.700233,-0.877597
272,0,-0.853431,-1.038661
272,1,-0.808322,-1.015558
272,2,-0.757096,-1.023296
272,3,-0.710425,-0.931321
272,4,-0.653524,-0.839347
272,5,-0.584352,-0.785623
272,6,-0.531012,-0.800988
272,7,-0.532074,-0.716642
272,8,-0.531236,-0.732008
272,9,-0.548968,-0.709014
272,10,-0.589090,-0.724270
272,11,-0.626207,-0.808616
272,12,-0.663434,-0.862341
272,13,-0.706409,-0.984937
272,14,-0.739107,-1.053917
272,15,-0.762968,-1.138263
272,16,-0.774839,-1.222609
272,17,-0.793150,-1.168885
272,18,-0.812241,-1.245603
272,19,-0.827266,-1.299218
272,20,-0.842775,-1.038661
272,21,-0.858017,-1.092276
272,22,-0.867003,-1.245603
272,23,-0.854033,-1.214981
272,24,-0.823442,-1.245603
272,25,-0.788400,-1.168885
272,26,-0.749105,-1.145891
272,27,-0.706490,-0.969571
272,28,-0.656231,-0.877597
272,29,-0.593867,-0.693649
272,30,-0.551080,-0.632296
272,31,-0.561821,-0.709014
272,32,-0.569970,-0.632296
272,33,-0.590147,-0.639925
272,34,-0.629615,-0.869969
272,35,-0.670322,-0.900591
272,36,-0.704831,-0.900591
272,37,-0.746529,-0.900591
272,38,-0.777566,-0.923584
272,39,-0.806165,-0.946578
272,40,-0.824166,-1.000302
272,41,-0.843254,-1.000302
272,42,-0.864708,-1.000302
272,43,-0.877963,-1.000302
272,44,-0.892293,-1.000302
272,45,-0.908239,-1.000302
272,46,-0.920002,-1.000302
272,47,-0.911772,-1.000302
272,48,-0.881267,-1.000302
272,49,-0.847931,-1.000302
272,50,-0.809373,-1.000302
272,51,-0.768796,-1.000302
272,52,-0.719928,-1.000302
272,53,-0.661136,-1.000302
272,54,-0.625541,-1.000302
272,55,-0.626949,-1.000302
272,56,-0.634605,-1.000302
272,57,-0.649221,-1.000302
272,58,-0.683062,-1.000302
272,59,-0.716529,-1.000302
272,60,-0.749060,-1.000302
272,61,-0.789477,-1.000302
272,62,-0.816688,-1.000302
272,63,-0.844195,-1.000302
273,0,-1.006311,-0.823982
273,1,-1.009199,-0.808616
273,2,-1.013140,-0.839347
273,3,-1.014364,-0.839347
273,4,-1.019649,-0.823982
273,5,-1.025488,-0.869969
273,6,-1.025806,-0.877597
273,7,-1.019500,-0.854604
273,8,-1.012222,-0.755001
273,9,-0.999607,-0.739636
273,10,-0.984083,-0.709014
273,11,-0.963088,-0.647662
273,12,-0.939298,-0.686021
273,13,-0.910805,-0.364002
273,14,-0.900491,-0.310387
273,15,-0.907187,-0.425354
273,16,-0.912082,-0.302650
273,17,-0.922380,-0.425354
273,18,-0.933379,-0.570944
273,19,-0.938134,-0.632296
273,20,-0.944294,-0.616931
273,21,-0.953141,-0.609303
273,22,-0.967534,-0.663027
273,23,-0.976394,-0.663027
273,24,-0.985200,-0.678283
273,25,-0.989714,-0.762629
273,26,-0.995189,-0.755001
273,27,-0.990974,-0.800988
273,28,-0.990682,-0.808616
273,29,-0.993951,-0.785623
273,30,-0.999656,-0.755001
273,31,-0.992550,-0.793251
273,32,-0.985354,-0.785623
273,33,-0.967331,-0.770258
273,34,-0.939422,-0.762629
273,35,-0.906575,-0.709014
273,36,-0.871242,-0.639925
273,37,-0.832935,-0.501963
273,38,-0.814484,-0.310387
273,39,-0.822594,-0.402361
273,40,-0.832076,-0.394624
273,41,-0.843838,-0.540322
273,42,-0.862761,-0.532694
273,43,-0.876226,-0.517329
273,44,-0.892839,-0.517329
273,45,-0.910179,-0.555687
273,46,-0.933059,-0.616931
273,47,-0.948861,-0.586309
273,48,-0.958746,-0.609303
273,49,-0.962012,-0.616931
273,50,-0.969875,-0.663027
273,51,-0.971480,-0.593937
273,52,-0.975546,-0.655290
273,53,-0.980460,-0.724270
273,54,-0.982238,-0.709014
273,55,-0.973326,-0.670655
273,56,-0.958069,-0.663027
273,57,-0.934627,-0.670655
273,58,-0.905130,-0.747264
273,59,-0.870300,-0.693649
273,60,-0.827874,-0.670655
273,61,-0.782146,-0.563316
273,62,-0.758260,-0.632296
273,63,-0.767366,-0.747264
274,0,-0.727982,-0.762629
274,1,-0.733527,-0.739636
274,2,-0.747318,-0.862341
274,3,-0.758998,-0.908328
274,4,-0.767917,-0.938950
274,5,-0.782749,-1.007930
274,6,-0.797174,-1.030924
274,7,-0.805863,-1.023296
274,8,-0.809188,-1.038661
274,9,-0.812431,-1.099904
274,10,-0.819754,-1.069283
274,11,-0.822697,-1.145891
274,12,-0.830744,-1.145891
274,13,-0.836108,-1.161257
274,14,-0.840367,-1.199616
274,15,-0.830228,-1.253231
274,16,-0.808396,-1.253231
274,17,-0.791019,-1.253231
274,18,-0.769502,-1.184250
274,19,-0.742549,-1.130635
274,20,-0.698278,-1.122898
274,21,-0.641304,-0.823982
274,22,-0.611736,-0.823982
274,23,-0.617686,-0.923584
274,24,-0.623492,-0.846975
274,25,-0.642820,-0.816245
274,26,-0.673363,-0.969571
274,27,-0.698818,-0.961943
274,28,-0.722065,-0.915956
274,29,-0.749874,-0.885334
274,30,-0.779166,-1.000302
274,31,-0.793206,-1.053917
274,32,-0.807450,-1.069283
274,33,-0.818970,-1.153629
274,34,-0.830664,-1.168885
274,35,-0.838699,-1.222609
274,36,-0.851076,-1.253231
274,37,-0.864198,-1.283962
274,38,-0.869736,-1.245603
274,39,-0.865317,-1.283962
274,40,-0.848894,-1.268596
274,41,-0.834545,-1.207244
274,42,-0.812893,-1.230237
274,43,-0.779111,-1.168885
274,44,-0.732207,-1.138263
274,45,-0.673094,-0.839347
274,46,-0.644033,-0.900591
274,47,-0.649025,-0.946578
274,48,-0.649985,-0.908328
274,49,-0.672722,-0.892962
274,50,-0.711479,-0.923584
274,51,-0.741709,-0.961943
274,52,-0.762903,-0.984937
274,53,-0.791154,-1.053917
274,54,-0.819417,-1.092276
274,55,-0.834037,-1.099904
274,56,-0.842612,-1.092276
274,57,-0.849348,-1.069283
274,58,-0.859767,-1.007930
274,59,-0.863633,-0.977308
274,60,-0.878776,-1.030924
274,61,-0.895591,-1.015558
274,62,-0.907006,-0.977308
274,63,-0.903610,-0.969571
275,0,-0.934870,-0.961943
275,1,-0.910489,-0.931321
275,2,-0.882515,-0.755001
275,3,-0.846827,-0.701277
275,4,-0.796901,-0.716642
275,5,-0.721238,-0.555687
275,6,-0.679945,-0.455976
275,7,-0.686619,-0.471342
275,8,-0.696284,-0.440611
275,9,-0.715154,-0.524957
275,10,-0.752158,-0.624668
275,11,-0.782556,-0.670655
275,12,-0.808798,-0.632296
275,13,-0.836568,-0.701277
275,14,-0.863745,-0.693649
275,15,-0.881882,-0.709014
275,16,-0.895842,-0.724270
275,17,-0.909011,-0.747264
275,18,-0.920312,-0.762629
275,19,-0.929035,-0.777995
275,20,-0.939610,-0.808616
275,21,-0.954390,-0.823982
275,22,-0.968833,-0.839347
275,23,-0.968039,-0.854604
275,24,-0.954631,-0.739636
275,25,-0.937462,-0.808616
275,26,-0.912310,-0.777995
275,27,-0.870790,-0.785623
275,28,-0.816343,-0.846975
275,29,-0.732831,-0.800988
275,30,-0.698354,-0.678283
275,31,-0.714435,-0.701277
275,32,-0.723859,-0.593937
275,33,-0.742041,-0.647662
275,34,-0.776022,-0.647662
275,35,-0.807483,-0.670655
275,36,-0.831801,-0.670655
275,37,-0.862148,-0.632296
275,38,-0.891739,-0.655290
275,39,-0.912572,-0.678283
275,40,-0.929007,-0.716642
275,41,-0.943692,-0.724270
275,42,-0.958984,-0.808616
275,43,-0.971020,-0.762629
275,44,-0.984724,-0.762629
275,45,-1.001102,-0.839347
275,46,-1.016268,-0.816245
275,47,-1.016817,-0.808616
275,48,-0.999101,-0.747264
275,49,-0.974831,-0.854604
275,50,-0.944720,-0.877597
275,51,-0.901569,-0.869969
275,52,-0.842790,-0.762629
275,53,-0.750163,-0.655290
275,54,-0.704655,-0.686021
275,55,-0.713310,-0.693649
275,56,-0.719119,-0.686021
275,57,-0.733860,-0.686021
275,58,-0.770065,-0.785623
275,59,-0.805146,-0.846975
275,60,-0.834519,-0.885334
275,61,-0.865599,-0.900591
275,62,-0.891236,-0.946578
275,63,-0.911651,-1.015558
276,0,-1.028063,-1.015558
276,1,-1.044096,-1.099904
276,2,-1.054952,-1.099904
276,3,-1.059332,-1.130635
276,4,-1.067334,-1.145891
276,5,-1.077259,-1.153629
276,6,-1.081065,-1.199616
276,7,-1.079835,-1.207244
276,8,-1.054530,-1.191878
276,9,-1.027798,-1.115270
276,10,-0.984409,-1.015558
276,11,-0.930693,-0.954315
276,12,-0.856217,-0.931321
276,13,-0.728853,-0.670655
276,14,-0.679000,-0.647662
276,15,-0.691845,-0.701277
276,16,-0.681872,-0.670655
276,17,-0.710015,-0.632296
276,18,-0.746959,-0.724270
276,19,-0.779049,-0.839347
276,20,-0.801515,-0.839347
276,21,-0.831761,-0.892962
276,22,-0.863083,-0.946578
276,23,-0.887386,-0.984937
276,24,-0.906318,-0.954315
276,25,-0.930507,-0.915956
276,26,-0.945140,-0.946578
276,27,-0.952808,-0.816245
276,28,-0.960715,-0.793251
276,29,-0.972616,-0.831610
276,30,-0.987219,-0.777995
276,31,-0.990155,-0.839347
276,32,-0.965705,-1.038661
276,33,-0.944114,-1.107641
276,34,-0.905265,-1.015558
276,35,-0.857532,-0.977308
276,36,-0.788654,-0.793251
276,37,-0.697304,-0.869969
276,38,-0.650548,-0.900591
276,39,-0.645281,-0.900591
276,40,-0.650611,-0.877597
276,41,-0.676901,-0.854604
276,42,-0.713398,-0.839347
276,43,-0.749013,-0.954315
276,44,-0.776092,-1.007930
276,45,-0.808049,-1.030924
276,46,-0.845657,-0.961943
276,47,-0.872000,-0.954315
276,48,-0.892003,-0.969571
276,49,-0.912452,-1.007930
276,50,-0.932451,-1.069283
276,51,-0.945050,-1.130635
276,52,-0.949025,-1.145891
276,53,-0.960279,-1.214981
276,54,-0.970204,-1.253231
276,55,-0.970982,-1.253231
276,56,-0.946339,-1.207244
276,57,-0.923285,-1.184250
276,58,-0.881760,-1.099904
276,59,-0.829483,-1.092276
276,60,-0.766416,-1.023296
276,61,-0.665828,-0.831610
276,62,-0.611227,-0.915956
276,63,-0.613234,-0.900591
277,0,-0.852596,-0.862341
277,1,-0.868380,-0.900591
277,2,-0.908772,-0.862341
277,3,-0.946628,-0.961943
277,4,-0.970343,-1.000302
277,5,-0.998661,-1.030924
277,6,-1.027472,-0.984937
277,7,-1.039655,-1.007930
277,8,-1.044425,-1.038661
277,9,-1.055665,-1.076911
277,10,-1.071195,-1.069283
277,11,-1.084335,-1.076911
277,12,-1.097853,-1.061654
277,13,-1.092904,-1.046289
277,14,-1.104474,-1.092276
277,15,-1.112827,-1.115270
277,16,-1.097366,-1.069283
277,17,-1.061454,-1.015558
277,18,-0.992053,-1.015558
277,19,-0.947915,-0.954315
277,20,-0.879369,-0.900591
277,21,-0.749519,-0.755001
277,22,-0.723592,-0.670655
277,23,-0.730440,-0.709014
277,24,-0.724897,-0.701277
277,25,-0.742269,-0.762629
277,26,-0.787030,-0.732008
277,27,-0.827587,-0.701277
277,28,-0.856299,-0.663027
277,29,-0.886796,-0.693649
277,30,-0.920935,-0.701277
277,31,-0.938317,-0.785623
277,32,-0.956871,-0.816245
277,33,-0.976275,-0.739636
277,34,-0.993884,-0.785623
277,35,-1.005490,-0.984937
277,36,-1.025011,-1.053917
277,37,-1.038122,-1.107641
277,38,-1.044453,-0.762629
277,39,-1.051094,-0.755001
277,40,-1.043148,-0.800988
277,41,-1.016557,-0.686021
277,42,-0.966740,-0.724270
277,43,-0.907184,-0.701277
277,44,-0.841920,-0.709014
277,45,-0.737375,-0.747264
277,46,-0.711391,-0.739636
277,47,-0.719926,-0.747264
277,48,-0.710587,-0.931321
277,49,-0.737783,-0.785623
277,50,-0.795901,-0.755001
277,51,-0.849027,-0.724270
277,52,-0.887216,-0.716642
277,53,-0.923264,-0.709014
277,54,-0.955233,-0.724270
277,55,-0.973446,-0.877597
277,56,-0.983809,-0.938950
277,57,-1.001002,-0.931321
277,58,-1.015139,-0.931321
277,59,-1.024639,-0.938950
277,60,-1.041122,-0.946578
277,61,-1.052446,-1.015558
277,62,-1.059117,-0.885334
277,63,-1.062948,-1.038661
278,0,-1.031825,-0.831610
278,1,-1.010162,-0.793251
278,2,-0.971134,-0.724270
278,3,-0.918630,-0.770258
278,4,-0.854489,-0.800988
278,5,-0.754446,-0.777995
278,6,-0.717911,-0.747264
278,7,-0.740933,-0.739636
278,8,-0.747850,-0.747264
278,9,-0.753901,-0.808616
278,10,-0.782165,-0.816245
278,11,-0.813712,-0.839347
278,12,-0.838981,-0.755001
278,13,-0.864292,-0.716642
278,14,-0.897665,-0.816245
278,15,-0.930304,-0.755001
278,16,-0.955020,-0.747264
278,17,-0.977640,-0.846975
278,18,-0.995273,-0.739636
278,19,-1.007786,-0.755001
278,20,-1.020008,-0.739636
278,21,-1.032639,-0.762629
278,22,-1.042551,-0.785623
278,23,-1.057313,-0.800988
278,24,-1.051007,-0.808616
278,25,-1.031556,-0.862341
278,26,-0.990435,-0.800988
278,27,-0.934175,-0.793251
278,28,-0.861748,-0.831610
278,29,-0.745950,-0.755001
278,30,-0.716080,-0.785623
278,31,-0.735594,-0.755001
278,32,-0.743923,-0.785623
278,33,-0.757430,-0.755001
278,34,-0.793277,-0.762629
278,35,-0.830641,-0.823982
278,36,-0.861849,-0.831610
278,37,-0.893356,-0.900591
278,38,-0.924559,-0.946578
278,39,-0.952143,-0.992565
278,40,-0.973039,-1.038661
278,41,-0.992938,-1.069283
278,42,-1.007889,-1.069283
278,43,-1.019934,-1.099904
278,44,-1.031146,-1.092276
278,45,-1.042974,-1.153629
278,46,-1.052941,-1.176622
278,47,-1.064594,-1.176622
278,48,-1.056706,-1.145891
278,49,-1.036968,-1.122898
278,50,-0.999042,-1.115270
278,51,-0.943859,-1.107641
278,52,-0.868303,-1.115270
278,53,-0.752851,-1.115270
278,54,-0.708617,-1.107641
278,55,-0.726664,-1.115270
278,56,-0.736561,-1.130635
278,57,-0.754306,-1.107641
278,58,-0.792359,-1.115270
278,59,-0.830854,-1.130635
278,60,-0.862497,-1.107641
278,61,-0.890249,-1.145891
278,62,-0.920761,-1.107641
278,63,-0.943355,-1.145891
279,0,-1.154419,-1.130635
279,1,-1.172113,-1.168885
279,2,-1.189063,-1.138263
279,3,-1.196244,-1.153629
279,4,-1.199005,-1.138263
279,5,-1.210086,-1.092276
279,6,-1.214430,-1.115270
279,7,-1.211775,-1.107641
279,8,-1.193089,-1.260968
279,9,-1.170724,-1.069283
279,10,-1.138377,-1.007930
279,11,-1.102772,-1.038661
279,12,-1.057129,-1.230237
279,13,-0.962135,-1.023296
279,14,-0.947078,-1.107641
279,15,-0.949502,-1.038661
279,16,-0.949130,-1.092276
279,17,-0.956548,-1.214981
279,18,-0.969482,-1.184250
279,19,-0.995334,-1.168885
279,20,-1.020857,-1.038661
279,21,-1.042223,-1.138263
279,22,-1.052870,-1.621237
279,23,-1.058841,-1.766826
279,24,-1.066351,-1.866537
279,25,-1.078416,-1.866537
279,26,-1.089361,-1.613608
279,27,-1.091366,-1.644230
279,28,-1.096527,-1.598243
279,29,-1.104987,-1.590615
279,30,-1.113543,-1.582878
279,31,-1.115876,-1.521525
279,32,-1.098566,-1.552256
279,33,-1.073585,-1.513897
279,34,-1.033780,-1.513897
279,35,-0.988010,-1.490903
279,36,-0.935416,-1.406557
279,37,-0.831681,-1.368199
279,38,-0.814742,-1.345205
279,39,-0.813906,-1.375936
279,40,-0.811549,-1.383564
279,41,-0.824171,-1.398929
279,42,-0.839913,-1.383564
279,43,-0.864096,-1.460282
279,44,-0.888089,-1.506269
279,45,-0.906924,-1.590615
279,46,-0.921870,-1.621237
279,47,-0.929720,-1.544519
279,48,-0.931658,-1.567512
279,49,-0.940694,-1.567512
279,50,-0.952315,-1.506269
279,51,-0.956734,-1.552256
279,52,-0.956469,-1.513897
279,53,-0.960153,-1.513897
279,54,-0.956980,-1.559884
279,55,-0.951421,-1.552256
279,56,-0.931874,-1.544519
279,57,-0.913390,-1.544519
279,58,-0.879113,-1.559884
279,59,-0.838754,-1.521525
279,60,-0.793210,-1.483275
279,61,-0.708822,-1.452545
279,62,-0.684567,-1.506269
279,63,-0.683459,-1.490903
280,0,-1.518576,-1.452545
280,1,-1.508396,-1.444916
280,2,-1.506086,-1.452545
280,3,-1.499155,-1.460282
280,4,-1.494681,-1.444916
280,5,-1.502397,-1.452545
280,6,-1.513612,-1.429551
280,7,-1.517005,-1.406557
280,8,-1.523592,-1.452545
280,9,-1.526455,-1.460282
280,10,-1.519690,-1.398929
280,11,-1.511895,-1.460282
280,12,-1.512414,-1.536891
280,13,-1.502287,-1.559884
280,14,-1.501984,-1.529262
280,15,-1.504466,-1.582878
280,16,-1.502977,-1.498532
280,17,-1.478242,-1.421923
280,18,-1.443031,-1.452545
280,19,-1.407821,-1.337577
280,20,-1.367592,-1.253231
280,21,-1.307146,-1.276224
280,22,-1.295184,-1.230237
280,23,-1.287850,-1.299218
280,24,-1.280807,-1.276224
280,25,-1.280353,-1.253231
280,26,-1.295315,-1.299218
280,27,-1.308157,-1.337577
280,28,-1.325556,-1.352942
280,29,-1.343473,-1.306955
280,30,-1.370624,-1.329949
280,31,-1.382033,-1.314583
280,32,-1.392429,-1.337577
280,33,-1.402450,-1.322212
280,34,-1.405132,-1.352942
280,35,-1.399266,-1.337577
280,36,-1.407570,-1.375936
280,37,-1.408698,-1.360570
280,38,-1.403648,-1.375936
280,39,-1.391672,-1.414295
280,40,-1.390206,-1.391192
280,41,-1.374760,-1.398929
280,42,-1.340147,-1.391192
280,43,-1.305471,-1.398929
280,44,-1.261439,-1.368199
280,45,-1.204397,-1.337577
280,46,-1.188511,-1.352942
280,47,-1.190931,-1.352942
280,48,-1.185599,-1.322212
280,49,-1.183092,-1.314583
280,50,-1.206991,-1.322212
280,51,-1.232221,-1.306955
280,52,-1.247659,-1.291590
280,53,-1.265934,-1.214981
280,54,-1.298113,-1.207244
280,55,-1.319581,-1.207244
280,56,-1.332935,-1.214981
280,57,-1.351365,-1.253231
280,58,-1.352707,-1.253231
280,59,-1.339421,-1.230237
280,60,-1.358644,-1.245603
280,61,-1.367556,-1.268596
280,62,-1.374897,-1.283962
280,63,-1.376292,-1.291590
281,0,-1.290857,-1.299218
281,1,-1.283086,-1.276224
281,2,-1.270486,-1.291590
281,3,-1.252204,-1.245603
281,4,-1.234043,-1.245603
281,5,-1.205702,-1.069283
281,6,-1.189654,-1.130635
281,7,-1.184431,-1.130635
281,8,-1.181873,-1.130635
281,9,-1.181562,-1.138263
281,10,-1.184339,-1.069283
281,11,-1.181496,-1.107641
281,12,-1.175690,-1.176622
281,13,-1.172494,-1.191878
281,14,-1.180577,-1.199616
281,15,-1.185052,-1.191878
281,16,-1.197758,-1.283962
281,17,-1.209269,-1.283962
281,18,-1.216223,-1.253231
281,19,-1.221072,-1.314583
281,20,-1.230001,-1.329949
281,21,-1.242385,-1.283962
281,22,-1.255457,-1.383564
281,23,-1.264447,-1.375936
281,24,-1.259157,-1.337577
281,25,-1.252149,-1.345205
281,26,-1.239972,-1.322212
281,27,-1.219356,-1.245603
281,28,-1.201420,-1.260968
281,29,-1.169323,-1.115270
281,30,-1.159137,-1.076911
281,31,-1.154738,-1.145891
281,32,-1.156656,-1.099904
281,33,-1.160749,-1.069283
281,34,-1.165437,-1.115270
281,35,-1.165999,-1.191878
281,36,-1.161851,-1.184250
281,37,-1.161407,-1.184250
281,38,-1.166844,-1.222609
281,39,-1.168454,-1.222609
281,40,-1.181902,-1.230237
281,41,-1.192489,-1.283962
281,42,-1.195724,-1.222609
281,43,-1.198987,-1.214981
281,44,-1.209024,-1.283962
281,45,-1.221468,-1.291590
281,46,-1.235802,-1.322212
281,47,-1.246692,-1.222609
281,48,-1.238476,-1.222609
281,49,-1.228385,-1.283962
281,50,-1.216470,-1.207244
281,51,-1.198685,-1.184250
281,52,-1.175483,-1.084648
281,53,-1.143736,-1.015558
281,54,-1.133751,-0.992565
281,55,-1.135122,-0.938950
281,56,-1.143039,-0.938950
281,57,-1.153441,-1.007930
281,58,-1.161645,-1.053917
281,59,-1.169243,-1.030924
281,60,-1.171041,-1.069283
281,61,-1.174139,-1.107641
281,62,-1.180889,-1.107641
281,63,-1.184054,-1.107641
282,0,-1.121372,-1.115270
282,1,-1.139882,-1.130635
282,2,-1.151863,-1.130635
282,3,-1.165168,-1.145891
282,4,-1.185244,-1.161257
282,5,-1.199646,-1.153629
282,6,-1.211275,-1.207244
282,7,-1.215353,-1.161257
282,8,-1.209605,-1.115270
282,9,-1.196571,-1.099904
282,10,-1.171761,-1.130635
282,11,-1.135403,-1.107641
282,12,-1.094068,-1.092276
282,13,-0.997788,-1.046289
282,14,-0.979994,-1.030924
282,15,-0.981480,-0.977308
282,16,-0.979070,-0.977308
282,17,-0.987632,-1.015558
282,18,-1.006990,-1.038661
282,19,-1.032583,-1.069283
282,20,-1.057580,-1.053917
282,21,-1.076594,-1.092276
282,22,-1.091276,-1.053917
282,23,-1.097953,-1.053917
282,24,-1.115473,-1.076911
282,25,-1.131587,-1.092276
282,26,-1.137243,-1.046289
282,27,-1.143926,-1.168885
282,28,-1.159303,-1.030924
282,29,-1.169536,-1.107641
282,30,-1.179253,-1.145891
282,31,-1.178469,-1.115270
282,32,-1.176982,-1.046289
282,33,-1.165019,-1.107641
282,34,-1.133899,-1.030924
282,35,-1.089248,-1.115270
282,36,-1.046197,-1.015558
282,37,-0.954695,-0.800988
282,38,-0.935574,-0.777995
282,39,-0.939851,-0.800988
282,40,-0.943084,-0.839347
282,41,-0.953840,-0.946578
282,42,-0.974203,-1.092276
282,43,-0.996498,-1.176622
282,44,-1.017332,-1.245603
282,45,-1.033556,-1.291590
282,46,-1.052417,-1.329949
282,47,-1.060611,-1.360570
282,48,-1.075738,-1.406557
282,49,-1.092178,-1.421923
282,50,-1.105936,-1.460282
282,51,-1.118747,-1.460282
282,52,-1.133465,-1.483275
282,53,-1.149047,-1.506269
282,54,-1.162621,-1.490903
282,55,-1.168162,-1.498532
282,56,-1.165493,-1.460282
282,57,-1.151931,-1.429551
282,58,-1.118839,-1.406557
282,59,-1.072434,-1.337577
282,60,-1.037564,-1.314583
282,61,-0.948575,-1.145891
282,62,-0.934123,-1.153629
282,63,-0.940732,-1.161257
283,0,-1.150790,-1.153629
283,1,-1.168776,-1.053917
283,2,-1.198032,-1.107641
283,3,-1.226532,-1.138263
283,4,-1.249815,-1.161257
283,5,-1.260752,-1.184250
283,6,-1.270320,-1.168885
283,7,-1.274041,-1.161257
283,8,-1.288081,-1.122898
283,9,-1.295889,-1.061654
283,10,-1.302425,-1.038661
283,11,-1.314052,-1.015558
283,12,-1.324811,-1.000302
283,13,-1.324831,-1.030924
283,14,-1.331356,-1.000302
283,15,-1.331139,-0.969571
283,16,-1.315790,-1.000302
283,17,-1.291886,-1.069283
283,18,-1.259469,-1.099904
283,19,-1.221775,-1.046289
283,20,-1.179472,-1.053917
283,21,-1.111304,-1.053917
283,22,-1.084805,-0.992565
283,23,-1.078105,-0.931321
283,24,-1.077335,-0.862341
283,25,-1.091636,-0.862341
283,26,-1.113663,-0.938950
283,27,-1.135418,-0.969571
283,28,-1.153668,-1.015558
283,29,-1.161082,-1.023296
283,30,-1.176430,-0.984937
283,31,-1.179412,-1.007930
283,32,-1.198971,-0.984937
283,33,-1.208117,-1.053917
283,34,-1.214440,-0.969571
283,35,-1.225165,-1.015558
283,36,-1.237766,-1.306955
283,37,-1.243994,-1.299218
283,38,-1.249892,-1.329949
283,39,-1.249088,-1.360570
283,40,-1.235464,-1.337577
283,41,-1.216468,-1.360570
283,42,-1.185274,-1.337577
283,43,-1.152478,-1.375936
283,44,-1.116625,-1.337577
283,45,-1.058579,-1.368199
283,46,-1.030803,-1.322212
283,47,-1.027036,-1.352942
283,48,-1.024318,-1.329949
283,49,-1.032811,-1.391192
283,50,-1.053935,-1.414295
283,51,-1.079648,-1.414295
283,52,-1.096765,-1.421923
283,53,-1.111773,-1.391192
283,54,-1.128200,-1.437288
283,55,-1.137688,-1.483275
283,56,-1.154473,-1.452545
283,57,-1.166183,-1.475538
283,58,-1.174796,-1.490903
283,59,-1.186988,-1.674852
283,60,-1.205475,-1.690217
283,61,-1.215251,-1.590615
283,62,-1.223495,-1.567512
283,63,-1.229361,-1.567512
284,0,-1.541084,-1.559884
284,1,-1.528613,-1.567512
284,2,-1.510516,-1.552256
284,3,-1.479473,-1.544519
284,4,-1.437290,-1.552256
284,5,-1.382234,-1.521525
284,6,-1.355167,-1.498532
284,7,-1.351121,-1.483275
284,8,-1.347350,-1.490903
284,9,-1.346138,-1.460282
284,10,-1.354819,-1.406557
284,11,-1.370560,-1.475538
284,12,-1.384274,-1.513897
284,13,-1.383966,-1.498532
284,14,-1.389085,-1.483275
284,15,-1.397139,-1.444916
284,16,-1.413253,-1.483275
284,17,-1.415302,-1.529262
284,18,-1.413117,-1.513897
284,19,-1.425679,-1.567512
284,20,-1.444288,-1.521525
284,21,-1.456984,-1.536891
284,22,-1.465181,-1.475538
284,23,-1.457207,-1.506269
284,24,-1.440136,-1.506269
284,25,-1.424971,-1.529262
284,26,-1.404049,-1.529262
284,27,-1.371659,-1.529262
284,28,-1.330659,-1.452545
284,29,-1.272994,-1.421923
284,30,-1.253208,-1.398929
284,31,-1.253138,-1.414295
284,32,-1.250751,-1.398929
284,33,-1.252688,-1.329949
284,34,-1.264720,-1.352942
284,35,-1.280921,-1.329949
284,36,-1.297676,-1.322212
284,37,-1.307266,-1.414295
284,38,-1.313432,-1.452545
284,39,-1.319453,-1.406557
284,40,-1.337124,-1.452545
284,41,-1.342533,-1.452545
284,42,-1.339889,-1.467910
284,43,-1.351588,-1.467910
284,44,-1.368600,-1.437288
284,45,-1.379691,-1.383564
284,46,-1.393841,-1.398929
284,47,-1.393010,-1.383564
284,48,-1.376725,-1.398929
284,49,-1.360222,-1.398929
284,50,-1.343687,-1.375936
284,51,-1.319947,-1.329949
284,52,-1.281497,-1.222609
284,53,-1.226401,-1.138263
284,54,-1.205142,-1.076911
284,55,-1.205740,-1.099904
284,56,-1.206530,-1.076911
284,57,-1.213448,-1.115270
284,58,-1.227492,-1.176622
284,59,-1.251401,-1.207244
284,60,-1.275825,-1.260968
284,61,-1.284211,-1.276224
284,62,-1.288091,-1.268596
284,63,-1.293636,-1.260968
285,0,-1.297729,-1.283962
285,1,-1.304014,-1.268596
285,2,-1.305803,-1.276224
285,3,-1.315744,-1.291590
285,4,-1.322376,-1.306955
285,5,-1.326893,-1.329949
285,6,-1.331151,-1.398929
285,7,-1.328553,-1.329949
285,8,-1.317054,-1.337577
285,9,-1.311426,-1.375936
285,10,-1.305555,-1.306955
285,11,-1.281301,-1.115270
285,12,-1.242116,-1.184250
285,13,-1.193973,-1.115270
285,14,-1.175832,-1.061654
285,15,-1.168702,-1.053917
285,16,-1.163408,-1.030924
285,17,-1.171679,-1.092276
285,18,-1.184767,-1.168885
285,19,-1.204876,-1.176622
285,20,-1.221645,-1.176622
285,21,-1.229769,-1.145891
285,22,-1.238733,-1.130635
285,23,-1.246921,-1.299218
285,24,-1.257689,-1.337577
285,25,-1.266106,-1.260968
285,26,-1.267802,-1.230237
285,27,-1.275061,-1.253231
285,28,-1.281684,-1.283962
285,29,-1.288609,-1.253231
285,30,-1.296213,-1.184250
285,31,-1.289894,-1.291590
285,32,-1.277180,-1.383564
285,33,-1.267716,-1.429551
285,34,-1.254431,-1.360570
285,35,-1.225469,-1.322212
285,36,-1.183758,-1.276224
285,37,-1.133982,-1.199616
285,38,-1.112085,-1.207244
285,39,-1.101222,-1.191878
285,40,-1.095729,-1.230237
285,41,-1.103639,-1.230237
285,42,-1.113402,-1.291590
285,43,-1.133993,-1.329949
285,44,-1.149708,-1.253231
285,45,-1.155548,-1.483275
285,46,-1.162771,-1.536891
285,47,-1.167658,-1.575249
285,48,-1.177277,-1.582878
285,49,-1.182008,-1.529262
285,50,-1.185294,-1.529262
285,51,-1.195284,-1.460282
285,52,-1.199690,-1.483275
285,53,-1.204330,-1.483275
285,54,-1.205940,-1.552256
285,55,-1.200850,-1.529262
285,56,-1.191715,-1.490903
285,57,-1.186961,-1.590615
285,58,-1.171693,-1.513897
285,59,-1.142482,-1.345205
285,60,-1.106001,-1.383564
285,61,-1.064061,-1.322212
285,62,-1.043529,-1.337577
285,63,-1.037514,-1.314583
286,0,-1.306929,-1.299218
286,1,-1.317542,-1.452545
286,2,-1.334756,-1.352942
286,3,-1.348320,-1.375936
286,4,-1.358570,-1.429551
286,5,-1.370264,-1.452545
286,6,-1.381787,-1.467910
286,7,-1.390887,-1.483275
286,8,-1.402319,-1.498532
286,9,-1.403775,-1.552256
286,10,-1.396093,-1.460282
286,11,-1.402534,-1.498532
286,12,-1.412499,-1.513897
286,13,-1.416812,-1.529262
286,14,-1.417033,-1.521525
286,15,-1.413183,-1.513897
286,16,-1.404939,-1.475538
286,17,-1.403834,-1.513897
286,18,-1.382982,-1.498532
286,19,-1.345839,-1.398929
286,20,-1.312230,-1.375936
286,21,-1.272051,-1.314583
286,22,-1.249108,-1.245603
286,23,-1.232555,-1.222609
286,24,-1.226316,-1.245603
286,25,-1.235194,-1.237975
286,26,-1.249940,-1.268596
286,27,-1.264726,-1.299218
286,28,-1.280490,-1.314583
286,29,-1.295730,-1.314583
286,30,-1.313400,-1.322212
286,31,-1.319016,-1.314583
286,32,-1.329138,-1.322212
286,33,-1.329218,-1.345205
286,34,-1.323110,-1.322212
286,35,-1.330599,-1.322212
286,36,-1.339974,-1.329949
286,37,-1.345104,-1.352942
286,38,-1.344578,-1.360570
286,39,-1.341557,-1.337577
286,40,-1.334407,-1.306955
286,41,-1.336064,-1.253231
286,42,-1.315019,-1.237975
286,43,-1.284694,-1.245603
286,44,-1.256708,-1.222609
286,45,-1.217448,-1.291590
286,46,-1.193480,-1.253231
286,47,-1.177634,-1.245603
286,48,-1.167289,-1.245603
286,49,-1.172071,-1.314583
286,50,-1.188523,-1.329949
286,51,-1.202614,-1.329949
286,52,-1.208387,-1.337577
286,53,-1.217041,-1.314583
286,54,-1.223031,-1.345205
286,55,-1.225730,-1.391192
286,56,-1.234982,-1.421923
286,57,-1.240316,-1.414295
286,58,-1.236406,-1.452545
286,59,-1.243048,-1.513897
286,60,-1.251202,-1.628865
286,61,-1.253672,-1.751570
286,62,-1.250742,-1.743832
286,63,-1.249106,-1.674852
287,0,-1.631172,-1.743832
287,1,-1.626997,-1.667223
287,2,-1.607407,-1.521525
287,3,-1.567192,-1.483275
287,4,-1.524227,-1.529262
287,5,-1.482120,-1.322212
287,6,-1.455873,-1.398929
287,7,-1.447586,-1.406557
287,8,-1.450587,-1.421923
287,9,-1.455998,-1.398929
287,10,-1.461167,-1.444916
287,11,-1.476946,-1.444916
287,12,-1.492340,-1.421923
287,13,-1.502178,-1.460282
287,14,-1.508040,-1.460282
287,15,-1.514702,-1.513897
287,16,-1.529191,-1.498532
287,17,-1.536874,-1.544519
287,18,-1.532873,-1.513897
287,19,-1.541583,-1.559884
287,20,-1.559230,-1.575249
287,21,-1.570873,-1.544519
287,22,-1.571959,-1.529262
287,23,-1.560951,-1.559884
287,24,-1.549545,-1.559884
287,25,-1.548519,-1.452545
287,26,-1.528350,-1.414295
287,27,-1.486684,-1.322212
287,28,-1.443729,-1.283962
287,29,-1.400753,-1.214981
287,30,-1.379308,-1.107641
287,31,-1.369730,-1.191878
287,32,-1.368006,-1.168885
287,33,-1.376212,-1.130635
287,34,-1.381546,-1.222609
287,35,-1.397055,-1.222609
287,36,-1.411821,-1.299218
287,37,-1.420570,-1.230237
287,38,-1.420437,-1.260968
287,39,-1.424130,-1.314583
287,40,-1.439989,-1.375936
287,41,-1.446745,-1.375936
287,42,-1.441351,-1.437288
287,43,-1.450824,-1.391192
287,44,-1.466158,-1.406557
287,45,-1.470983,-1.490903
287,46,-1.472808,-1.437288
287,47,-1.463660,-1.529262
287,48,-1.449875,-1.375936
287,49,-1.444396,-1.329949
287,50,-1.429366,-1.345205
287,51,-1.395322,-1.337577
287,52,-1.352789,-1.306955
287,53,-1.312291,-1.184250
287,54,-1.288094,-1.214981
287,55,-1.275855,-1.322212
287,56,-1.276885,-1.345205
287,57,-1.290259,-1.268596
287,58,-1.301371,-1.237975
287,59,-1.323235,-1.268596
287,60,-1.347912,-1.268596
287,61,-1.360467,-1.345205
287,62,-1.361308,-1.322212
287,63,-1.368395,-1.337577
288,0,-1.355552,-1.322212
288,1,-1.364643,-1.322212
288,2,-1.369638,-1.337577
288,3,-1.377950,-1.322212
288,4,-1.392179,-1.283962
288,5,-1.405722,-1.230237
288,6,-1.411287,-1.283962
288,7,-1.410491,-1.322212
288,8,-1.398764,-1.237975
288,9,-1.381532,-1.122898
288,10,-1.353807,-1.099904
288,11,-1.314291,-1.053917
288,12,-1.279069,-1.092276
288,13,-1.228424,-0.961943
288,14,-1.211773,-0.946578
288,15,-1.213981,-1.023296
288,16,-1.217083,-1.069283
288,17,-1.221123,-1.099904
288,18,-1.234954,-1.176622
288,19,-1.253532,-1.176622
288,20,-1.270520,-1.222609
288,21,-1.283792,-1.268596
288,22,-1.295718,-1.253231
288,23,-1.310293,-1.291590
288,24,-1.326017,-1.337577
288,25,-1.336959,-1.414295
288,26,-1.342158,-1.552256
288,27,-1.353220,-1.628865
288,28,-1.369572,-1.674852
288,29,-1.383658,-1.690217
288,30,-1.394584,-1.713211
288,31,-1.395536,-1.713211
288,32,-1.389477,-1.728576
288,33,-1.380186,-1.667223
288,34,-1.355615,-1.605871
288,35,-1.317486,-1.552256
288,36,-1.281155,-1.575249
288,37,-1.226769,-1.444916
288,38,-1.207029,-1.452545
288,39,-1.207277,-1.498532
288,40,-1.213236,-1.506269
288,41,-1.218695,-1.475538
288,42,-1.234357,-1.483275
288,43,-1.254024,-1.552256
288,44,-1.273076,-1.598243
288,45,-1.286363,-1.628865
288,46,-1.299233,-1.628865
288,47,-1.314125,-1.659595
288,48,-1.330712,-1.644230
288,49,-1.342173,-1.682589
288,50,-1.350395,-1.674852
288,51,-1.361996,-1.720839
288,52,-1.374611,-1.674852
288,53,-1.389488,-1.674852
288,54,-1.398002,-1.720839
288,55,-1.397645,-1.713211
288,56,-1.389407,-1.720839
288,57,-1.376710,-1.682589
288,58,-1.349479,-1.644230
288,59,-1.309340,-1.667223
288,60,-1.275180,-1.644230
288,61,-1.228663,-1.621237
288,62,-1.204277,-1.628865
288,63,-1.199756,-1.605871
289,0,-1.583196,-1.644230
289,1,-1.579365,-1.621237
289,2,-1.582449,-1.613608
289,3,-1.592803,-1.567512
289,4,-1.600191,-1.567512
289,5,-1.601620,-1.628865
289,6,-1.598203,-1.866537
289,7,-1.600646,-1.820550
289,8,-1.608176,-1.866537
289,9,-1.609357,-1.927890
289,10,-1.611582,-1.866537
289,11,-1.614548,-1.866537
289,12,-1.616988,-1.950883
289,13,-1.609617,-1.927890
289,14,-1.603434,-1.866537
289,15,-1.600637,-1.866537
289,16,-1.589902,-1.743832
289,17,-1.568645,-1.713211
289,18,-1.538830,-1.728576
289,19,-1.500809,-1.697845
289,20,-1.470581,-1.667223
289,21,-1.398619,-1.667223
289,22,-1.387836,-1.667223
289,23,-1.383633,-1.697845
289,24,-1.379267,-1.751570
289,25,-1.381717,-1.697845
289,26,-1.391379,-1.659595
289,27,-1.411346,-1.705582
289,28,-1.427855,-1.598243
289,29,-1.433197,-1.575249
289,30,-1.437690,-1.536891
289,31,-1.446050,-1.590615
289,32,-1.461296,-1.544519
289,33,-1.467603,-1.552256
289,34,-1.470181,-1.490903
289,35,-1.476125,-1.536891
289,36,-1.488253,-1.529262
289,37,-1.489396,-1.613608
289,38,-1.485763,-1.575249
289,39,-1.483350,-1.421923
289,40,-1.473602,-1.421923
289,41,-1.452514,-1.391192
289,42,-1.419603,-1.406557
289,43,-1.381162,-1.437288
289,44,-1.351041,-1.552256
289,45,-1.291205,-1.567512
289,46,-1.279184,-1.552256
289,47,-1.281151,-1.605871
289,48,-1.281873,-1.544519
289,49,-1.290344,-1.628865
289,50,-1.314671,-1.567512
289,51,-1.343347,-1.513897
289,52,-1.362134,-1.582878
289,53,-1.374696,-1.582878
289,54,-1.384573,-1.598243
289,55,-1.399163,-1.590615
289,56,-1.415090,-1.567512
289,57,-1.433182,-1.598243
289,58,-1.448692,-1.475538
289,59,-1.473884,-1.513897
289,60,-1.503719,-1.490903
289,61,-1.520567,-1.529262
289,62,-1.529854,-1.429551
289,63,-1.536937,-1.521525
290,0,-1.513161,-1.452545
290,1,-1.504116,-1.414295
290,2,-1.478843,-1.483275
290,3,-1.447972,-1.398929
290,4,-1.425250,-1.444916
290,5,-1.388669,-1.467910
290,6,-1.366637,-1.506269
290,7,-1.371609,-1.460282
290,8,-1.384343,-1.483275
290,9,-1.396270,-1.414295
290,10,-1.413528,-1.467910
290,11,-1.433439,-1.490903
290,12,-1.446721,-1.460282
290,13,-1.459466,-1.452545
290,14,-1.468256,-1.490903
290,15,-1.481883,-1.513897
290,16,-1.488180,-1.582878
290,17,-1.488648,-1.529262
290,18,-1.484975,-1.567512
290,19,-1.487379,-1.536891
290,20,-1.495975,-1.575249
290,21,-1.504644,-1.605871
290,22,-1.509688,-1.590615
290,23,-1.501917,-1.605871
290,24,-1.485886,-1.605871
290,25,-1.472771,-1.567512
290,26,-1.443247,-1.452545
290,27,-1.404296,-1.299218
290,28,-1.375149,-1.452545
290,29,-1.328468,-1.260968
290,30,-1.304001,-1.207244
290,31,-1.310973,-1.306955
290,32,-1.321942,-1.314583
290,33,-1.335582,-1.368199
290,34,-1.354652,-1.391192
290,35,-1.377338,-1.452545
290,36,-1.393279,-1.444916
290,37,-1.409596,-1.483275
290,38,-1.418867,-1.460282
290,39,-1.434182,-1.467910
290,40,-1.444919,-1.460282
290,41,-1.451586,-1.490903
290,42,-1.452492,-1.529262
290,43,-1.458043,-1.552256
290,44,-1.467085,-1.475538
290,45,-1.473604,-1.506269
290,46,-1.479317,-1.475538
290,47,-1.475977,-1.467910
290,48,-1.462199,-1.452545
290,49,-1.450607,-1.467910
290,50,-1.426216,-1.490903
290,51,-1.394016,-1.337577
290,52,-1.365055,-1.490903
290,53,-1.322785,-1.375936
290,54,-1.301510,-1.191878
290,55,-1.306632,-1.237975
290,56,-1.324133,-1.276224
290,57,-1.345152,-1.245603
290,58,-1.370282,-1.329949
290,59,-1.399599,-1.291590
290,60,-1.424710,-1.322212
290,61,-1.448329,-1.276224
290,62,-1.459742,-1.306955
290,63,-1.480289,-1.352942
291,0,-1.343978,-1.391192
291,1,-1.353976,-1.383564
291,2,-1.365883,-1.375936
291,3,-1.372667,-1.337577
291,4,-1.382930,-1.383564
291,5,-1.396900,-1.498532
291,6,-1.402613,-1.567512
291,7,-1.406513,-1.391192
291,8,-1.403256,-1.444916
291,9,-1.392620,-1.360570
291,10,-1.362231,-1.460282
291,11,-1.314961,-1.406557
291,12,-1.300278,-1.460282
291,13,-1.259696,-1.360570
291,14,-1.242390,-1.306955
291,15,-1.248047,-1.291590
291,16,-1.257810,-1.276224
291,17,-1.270212,-1.245603
291,18,-1.290312,-1.322212
291,19,-1.312835,-1.368199
291,20,-1.333767,-1.368199
291,21,-1.359491,-1.337577
291,22,-1.384294,-1.368199
291,23,-1.404081,-1.360570
291,24,-1.421687,-1.375936
291,25,-1.435692,-1.414295
291,26,-1.449912,-1.421923
291,27,-1.461258,-1.444916
291,28,-1.474366,-1.391192
291,29,-1.485129,-1.368199
291,30,-1.492186,-1.375936
291,31,-1.493933,-1.329949
291,32,-1.491497,-1.283962
291,33,-1.483792,-1.398929
291,34,-1.457055,-1.437288
291,35,-1.420206,-1.360570
291,36,-1.398311,-1.452545
291,37,-1.358472,-1.352942
291,38,-1.339568,-1.260968
291,39,-1.345589,-1.360570
291,40,-1.353623,-1.352942
291,41,-1.358034,-1.230237
291,42,-1.372753,-1.283962
291,43,-1.386549,-1.260968
291,44,-1.403114,-1.276224
291,45,-1.423409,-1.352942
291,46,-1.444731,-1.329949
291,47,-1.460597,-1.322212
291,48,-1.474476,-1.368199
291,49,-1.484133,-1.329949
291,50,-1.495133,-1.329949
291,51,-1.505196,-1.322212
291,52,-1.510957,-1.360570
291,53,-1.519661,-1.337577
291,54,-1.521025,-1.429551
291,55,-1.515059,-1.383564
291,56,-1.503356,-1.391192
291,57,-1.484054,-1.352942
291,58,-1.453793,-1.283962
291,59,-1.418869,-1.222609
291,60,-1.404796,-1.306955
291,61,-1.371189,-1.007930
291,62,-1.354461,-0.938950
291,63,-1.353942,-1.046289
292,0,-1.096955,-1.007930
292,1,-1.118762,-1.115270
292,2,-1.144637,-1.168885
292,3,-1.166059,-1.283962
292,4,-1.188461,-1.291590
292,5,-1.211369,-1.337577
292,6,-1.231063,-1.345205
292,7,-1.254527,-1.345205
292,8,-1.276261,-1.337577
292,9,-1.291512,-1.322212
292,10,-1.307211,-1.299218
292,11,-1.319027,-1.322212
292,12,-1.335735,-1.329949
292,13,-1.353289,-1.352942
292,14,-1.360293,-1.337577
292,15,-1.360024,-1.306955
292,16,-1.346339,-1.283962
292,17,-1.328432,-1.291590
292,18,-1.293481,-1.199616
292,19,-1.255611,-1.015558
292,20,-1.235955,-1.053917
292,21,-1.179345,-0.854604
292,22,-1.156413,-0.808616
292,23,-1.168593,-1.007930
292,24,-1.185208,-1.015558
292,25,-1.197796,-1.061654
292,26,-1.221991,-1.145891
292,27,-1.243169,-1.184250
292,28,-1.261172,-1.184250
292,29,-1.274730,-1.214981
292,30,-1.287681,-1.306955
292,31,-1.302817,-1.268596
292,32,-1.320589,-1.276224
292,33,-1.333027,-1.314583
292,34,-1.345256,-1.214981
292,35,-1.352547,-1.322212
292,36,-1.362771,-1.299218
292,37,-1.375726,-1.245603
292,38,-1.381180,-1.276224
292,39,-1.380899,-1.322212
292,40,-1.369009,-1.314583
292,41,-1.350290,-1.168885
292,42,-1.314911,-1.153629
292,43,-1.263546,-1.053917
292,44,-1.254381,-1.038661
292,45,-1.198744,-1.007930
292,46,-1.170765,-0.969571
292,47,-1.187050,-1.161257
292,48,-1.200042,-1.191878
292,49,-1.207150,-1.145891
292,50,-1.228336,-1.245603
292,51,-1.247244,-1.222609
292,52,-1.264703,-1.245603
292,53,-1.281444,-1.360570
292,54,-1.300668,-1.467910
292,55,-1.323563,-1.467910
292,56,-1.344210,-1.475538
292,57,-1.356929,-1.467910
292,58,-1.367971,-1.391192
292,59,-1.377411,-1.429551
292,60,-1.388842,-1.414295
292,61,-1.401180,-1.544519
292,62,-1.405110,-1.529262
292,63,-1.405039,-1.582878
293,0,-1.525714,-1.529262
293,1,-1.490666,-1.605871
293,2,-1.428590,-1.544519
293,3,-1.338646,-1.375936
293,4,-1.325045,-1.552256
293,5,-1.247652,-1.444916
293,6,-1.203847,-1.406557
293,7,-1.259218,-1.483275
293,8,-1.283987,-1.467910
293,9,-1.302163,-1.360570
293,10,-1.329762,-1.322212
293,11,-1.356944,-1.360570
293,12,-1.380785,-1.322212
293,13,-1.403223,-1.345205
293,14,-1.423173,-1.360570
293,15,-1.437156,-1.406557
293,16,-1.448214,-1.375936
293,17,-1.455059,-1.444916
293,18,-1.455231,-1.368199
293,19,-1.455538,-1.291590
293,20,-1.459033,-1.283962
293,21,-1.470808,-1.322212
293,22,-1.477101,-1.329949
293,23,-1.473067,-1.345205
293,24,-1.462426,-1.283962
293,25,-1.440352,-1.337577
293,26,-1.387805,-1.299218
293,27,-1.313840,-1.222609
293,28,-1.293339,-1.268596
293,29,-1.225262,-1.099904
293,30,-1.184755,-1.053917
293,31,-1.221049,-1.184250
293,32,-1.238692,-1.214981
293,33,-1.254814,-1.207244
293,34,-1.277049,-1.299218
293,35,-1.301403,-1.352942
293,36,-1.323710,-1.368199
293,37,-1.348479,-1.337577
293,38,-1.370330,-1.345205
293,39,-1.389962,-1.383564
293,40,-1.407926,-1.398929
293,41,-1.414493,-1.322212
293,42,-1.414333,-1.337577
293,43,-1.416545,-1.398929
293,44,-1.422195,-1.421923
293,45,-1.431393,-1.398929
293,46,-1.436444,-1.444916
293,47,-1.434385,-1.414295
293,48,-1.421496,-1.383564
293,49,-1.404618,-1.352942
293,50,-1.364234,-1.421923
293,51,-1.301397,-1.337577
293,52,-1.286641,-1.283962
293,53,-1.227436,-1.276224
293,54,-1.197336,-1.268596
293,55,-1.221018,-1.268596
293,56,-1.239864,-1.268596
293,57,-1.257704,-1.222609
293,58,-1.280053,-1.237975
293,59,-1.304904,-1.245603
293,60,-1.328509,-1.306955
293,61,-1.350833,-1.398929
293,62,-1.366101,-1.437288
293,63,-1.382434,-1.460282
294,0,-1.438417,-1.506269
294,1,-1.440292,-1.513897
294,2,-1.438301,-1.544519
294,3,-1.440473,-1.582878
294,4,-1.445945,-1.582878
294,5,-1.455361,-1.628865
294,6,-1.459094,-1.659595
294,7,-1.452657,-1.613608
294,8,-1.434788,-1.628865
294,9,-1.411420,-1.628865
294,10,-1.376873,-1.605871
294,11,-1.336440,-1.598243
294,12,-1.308616,-1.559884
294,13,-1.248355,-1.529262
294,14,-1.230461,-1.559884
294,15,-1.248073,-1.552256
294,16,-1.254345,-1.536891
294,17,-1.263239,-1.490903
294,18,-1.283808,-1.506269
294,19,-1.309847,-1.506269
294,20,-1.340854,-1.460282
294,21,-1.373665,-1.421923
294,22,-1.398487,-1.452545
294,23,-1.410264,-1.421923
294,24,-1.425346,-1.414295
294,25,-1.432720,-1.398929
294,26,-1.434923,-1.391192
294,27,-1.437469,-1.360570
294,28,-1.443514,-1.345205
294,29,-1.451960,-1.299218
294,30,-1.457643,-1.306955
294,31,-1.452591,-1.283962
294,32,-1.435221,-1.375936
294,33,-1.409539,-1.306955
294,34,-1.369272,-1.368199
294,35,-1.323157,-1.322212
294,36,-1.301166,-1.337577
294,37,-1.217050,-1.276224
294,38,-1.193921,-1.306955
294,39,-1.235621,-1.207244
294,40,-1.246217,-1.161257
294,41,-1.253831,-1.184250
294,42,-1.276542,-1.260968
294,43,-1.299761,-1.283962
294,44,-1.324178,-1.245603
294,45,-1.348594,-1.230237
294,46,-1.367941,-1.184250
294,47,-1.376056,-1.191878
294,48,-1.385001,-1.153629
294,49,-1.390913,-1.145891
294,50,-1.394091,-1.153629
294,51,-1.396153,-1.153629
294,52,-1.401608,-1.138263
294,53,-1.414767,-1.099904
294,54,-1.421543,-1.115270
294,55,-1.414760,-1.122898
294,56,-1.396575,-1.030924
294,57,-1.367754,-1.092276
294,58,-1.321284,-0.992565
294,59,-1.262321,-0.992565
294,60,-1.244700,-1.153629
294,61,-1.155282,-1.130635
294,62,-1.128774,-1.092276
294,63,-1.179056,-1.084648
295,0,-1.115183,-1.076911
295,1,-1.119509,-1.007930
295,2,-1.139524,-1.153629
295,3,-1.149579,-1.145891
295,4,-1.158765,-1.107641
295,5,-1.173622,-1.176622
295,6,-1.181888,-1.230237
295,7,-1.185848,-1.076911
295,8,-1.190185,-1.092276
295,9,-1.188880,-1.053917
295,10,-1.188678,-1.130635
295,11,-1.199308,-1.314583
295,12,-1.201143,-1.368199
295,13,-1.203103,-1.513897
295,14,-1.210121,-1.498532
295,15,-1.213480,-1.429551
295,16,-1.207705,-1.391192
295,17,-1.189307,-1.513897
295,18,-1.159519,-1.506269
295,19,-1.131955,-1.429551
295,20,-1.128978,-1.575249
295,21,-1.079652,-1.590615
295,22,-1.078697,-1.460282
295,23,-1.092678,-1.575249
295,24,-1.095861,-1.506269
295,25,-1.106059,-1.437288
295,26,-1.134136,-1.352942
295,27,-1.157446,-1.414295
295,28,-1.167866,-1.406557
295,29,-1.178674,-1.398929
295,30,-1.190614,-1.398929
295,31,-1.196904,-1.383564
295,32,-1.204066,-1.406557
295,33,-1.200900,-1.406557
295,34,-1.205552,-1.406557
295,35,-1.218622,-1.406557
295,36,-1.226186,-1.406557
295,37,-1.236819,-1.406557
295,38,-1.247106,-1.406557
295,39,-1.246963,-1.406557
295,40,-1.234537,-1.406557
295,41,-1.210873,-1.406557
295,42,-1.172481,-1.406557
295,43,-1.129785,-1.406557
295,44,-1.127989,-1.406557
295,45,-1.067870,-1.406557
295,46,-1.040120,-1.406557
295,47,-1.067444,-1.406557
295,48,-1.078258,-1.406557
295,49,-1.088284,-1.406557
295,50,-1.120114,-1.406557
295,51,-1.146201,-1.406557
295,52,-1.159304,-1.406557
295,53,-1.177705,-1.406557
295,54,-1.189021,-1.406557
295,55,-1.196592,-1.406557
295,56,-1.206141,-1.299218
295,57,-1.203478,-1.375936
295,58,-1.206144,-1.322212
295,59,-1.213800,-1.398929
295,60,-1.219522,-1.414295
295,61,-1.220384,-1.429551
295,62,-1.224344,-1.429551
295,63,-1.222272,-1.475538
296,0,-1.474106,-1.513897
296,1,-1.462907,-1.490903
296,2,-1.445578,-1.498532
296,3,-1.429581,-1.383564
296,4,-1.421714,-1.444916
296,5,-1.397352,-1.406557
296,6,-1.380713,-1.329949
296,7,-1.379760,-1.437288
296,8,-1.375631,-1.414295
296,9,-1.371995,-1.437288
296,10,-1.375549,-1.460282
296,11,-1.380198,-1.490903
296,12,-1.384741,-1.513897
296,13,-1.389501,-1.529262
296,14,-1.395973,-1.552256
296,15,-1.399643,-1.552256
296,16,-1.402017,-1.552256
296,17,-1.404143,-1.483275
296,18,-1.408811,-1.452545
296,19,-1.414376,-1.444916
296,20,-1.419334,-1.444916
296,21,-1.428997,-1.444916
296,22,-1.434720,-1.360570
296,23,-1.430280,-1.337577
296,24,-1.422758,-1.352942
296,25,-1.414155,-1.337577
296,26,-1.401005,-1.314583
296,27,-1.385664,-1.245603
296,28,-1.378679,-1.214981
296,29,-1.354253,-1.268596
296,30,-1.342376,-1.222609
296,31,-1.343944,-1.115270
296,32,-1.339635,-1.191878
296,33,-1.337025,-1.145891
296,34,-1.341594,-1.314583
296,35,-1.347584,-1.383564
296,36,-1.354272,-1.414295
296,37,-1.361848,-1.444916
296,38,-1.366551,-1.391192
296,39,-1.369888,-1.483275
296,40,-1.375513,-1.490903
296,41,-1.379500,-1.575249
296,42,-1.383668,-1.667223
296,43,-1.390897,-1.628865
296,44,-1.395037,-1.789929
296,45,-1.399255,-1.667223
296,46,-1.403328,-1.628865
296,47,-1.399798,-1.659595
296,48,-1.393155,-1.774563
296,49,-1.385388,-1.866537
296,50,-1.376817,-1.690217
296,51,-1.365574,-1.866537
296,52,-1.360124,-1.866537
296,53,-1.341244,-1.935518
296,54,-1.332674,-1.866537
296,55,-1.335016,-2.004498
296,56,-1.334644,-1.996870
296,57,-1.332737,-2.073479
296,58,-1.336318,-2.088845
296,59,-1.342253,-2.096473
296,60,-1.348549,-2.111838
296,61,-1.354549,-2.111838
296,62,-1.359708,-2.119466
296,63,-1.366711,-2.127203
297,0,-2.073712,-2.088845
297,1,-2.056751,-2.157825
297,2,-2.037368,-2.165562
297,3,-2.017720,-2.142460
297,4,-1.996509,-2.157825
297,5,-1.990611,-2.134831
297,6,-1.976180,-2.150197
297,7,-1.951316,-2.134831
297,8,-1.935077,-2.119466
297,9,-1.919540,-2.111838
297,10,-1.889715,-2.111838
297,11,-1.845359,-2.104210
297,12,-1.824064,-2.081216
297,13,-1.785608,-2.096473
297,14,-1.758748,-2.088845
297,15,-1.753356,-2.088845
297,16,-1.736996,-2.096473
297,17,-1.735572,-2.096473
297,18,-1.749133,-2.142460
297,19,-1.754718,-2.104210
297,20,-1.747264,-2.096473
297,21,-1.765775,-2.035229
297,22,-1.767556,-2.019864
297,23,-1.725480,-1.981505
297,24,-1.698340,-1.866537
297,25,-1.681304,-1.866537
297,26,-1.693461,-1.866537
297,27,-1.708934,-1.866537
297,28,-1.712343,-1.866537
297,29,-1.716923,-1.866537
297,30,-1.721011,-1.866537
297,31,-1.709281,-1.866537
297,32,-1.719666,-1.866537
297,33,-1.725849,-1.797557
297,34,-1.708737,-1.759198
297,35,-1.667419,-1.782191
297,36,-1.662376,-1.690217
297,37,-1.639832,-1.628865
297,38,-1.618674,-1.475538
297,39,-1.612422,-1.552256
297,40,-1.606078,-1.582878
297,41,-1.615656,-1.544519
297,42,-1.647303,-1.544519
297,43,-1.669691,-1.498532
297,44,-1.680852,-1.490903
297,45,-1.694325,-1.575249
297,46,-1.717348,-1.552256
297,47,-1.715481,-1.575249
297,48,-1.712487,-1.567512
297,49,-1.706609,-1.575249
297,50,-1.715778,-1.613608
297,51,-1.726665,-1.559884
297,52,-1.728149,-1.674852
297,53,-1.728905,-1.636602
297,54,-1.734775,-1.782191
297,55,-1.729758,-1.759198
297,56,-1.722778,-1.766826
297,57,-1.715595,-1.812922
297,58,-1.675477,-1.736204
297,59,-1.625179,-1.674852
297,60,-1.626331,-1.743832
297,61,-1.605256,-1.720839
297,62,-1.593080,-1.728576
297,63,-1.587645,-1.736204
298,0,-1.702733,-1.728576
298,1,-1.698781,-1.920153
298,2,-1.711771,-1.958511
298,3,-1.719399,-1.866537
298,4,-1.723246,-1.866537
298,5,-1.726120,-1.866537
298,6,-1.722999,-1.866537
298,7,-1.717819,-1.774563
298,8,-1.719016,-1.743832
298,9,-1.712999,-1.713211
298,10,-1.709679,-1.667223
298,11,-1.706817,-1.605871
298,12,-1.711133,-1.590615
298,13,-1.708690,-1.513897
298,14,-1.706277,-1.475538
298,15,-1.702600,-1.866537
298,16,-1.698397,-1.774563
298,17,-1.688784,-1.797557
298,18,-1.668403,-1.866537
298,19,-1.642955,-1.866537
298,20,-1.635751,-1.866537
298,21,-1.602007,-1.866537
298,22,-1.580950,-1.866537
298,23,-1.574261,-1.866537
298,24,-1.573037,-1.782191
298,25,-1.576395,-1.866537
298,26,-1.596213,-1.866537
298,27,-1.610233,-1.705582
298,28,-1.618966,-1.782191
298,29,-1.621560,-1.805185
298,30,-1.627231,-1.935518
298,31,-1.628318,-1.866537
298,32,-1.633978,-1.866537
298,33,-1.630363,-1.797557
298,34,-1.626678,-1.759198
298,35,-1.622168,-1.690217
298,36,-1.629168,-1.766826
298,37,-1.634337,-1.797557
298,38,-1.632228,-1.797557
298,39,-1.626717,-1.866537
298,40,-1.623694,-1.667223
298,41,-1.612223,-1.797557
298,42,-1.583226,-1.797557
298,43,-1.551519,-1.690217
298,44,-1.540027,-1.751570
298,45,-1.498542,-1.797557
298,46,-1.476824,-1.774563
298,47,-1.477644,-1.866537
298,48,-1.483533,-1.866537
298,49,-1.492660,-1.866537
298,50,-1.522279,-1.866537
298,51,-1.544019,-1.950883
298,52,-1.553647,-1.958511
298,53,-1.560629,-1.866537
298,54,-1.570000,-1.866537
298,55,-1.573402,-1.920153
298,56,-1.573942,-1.866537
298,57,-1.572219,-1.759198
298,58,-1.571965,-1.613608
298,59,-1.577142,-1.590615
298,60,-1.597840,-1.575249
298,61,-1.608534,-1.575249
298,62,-1.612586,-1.552256
298,63,-1.609754,-1.536891
299,0,-1.556468,-1.475538
299,1,-1.539848,-1.567512
299,2,-1.526350,-1.582878
299,3,-1.514175,-1.567512
299,4,-1.511088,-1.628865
299,5,-1.495142,-1.521525
299,6,-1.479832,-1.460282
299,7,-1.479953,-1.513897
299,8,-1.482494,-1.475538
299,9,-1.484782,-1.406557
299,10,-1.496229,-1.406557
299,11,-1.500960,-1.460282
299,12,-1.511598,-1.352942
299,13,-1.515928,-1.452545
299,14,-1.517137,-1.383564
299,15,-1.515719,-1.521525
299,16,-1.512833,-1.628865
299,17,-1.511066,-1.644230
299,18,-1.508314,-1.644230
299,19,-1.512371,-1.636602
299,20,-1.527397,-1.636602
299,21,-1.532016,-1.582878
299,22,-1.535641,-1.590615
299,23,-1.533105,-1.590615
299,24,-1.536047,-1.674852
299,25,-1.542962,-1.690217
299,26,-1.546281,-1.552256
299,27,-1.543021,-1.444916
299,28,-1.546984,-1.552256
299,29,-1.534804,-1.582878
299,30,-1.533382,-1.598243
299,31,-1.540675,-1.552256
299,32,-1.550879,-1.567512
299,33,-1.563370,-1.621237
299,34,-1.579019,-1.529262
299,35,-1.586592,-1.567512
299,36,-1.593724,-1.498532
299,37,-1.597800,-1.536891
299,38,-1.597984,-1.513897
299,39,-1.593717,-1.475538
299,40,-1.585958,-1.521525
299,41,-1.573855,-1.521525
299,42,-1.563713,-1.575249
299,43,-1.566011,-1.467910
299,44,-1.582315,-1.513897
299,45,-1.583468,-1.498532
299,46,-1.591853,-1.483275
299,47,-1.596467,-1.582878
299,48,-1.595308,-1.444916
299,49,-1.591587,-1.429551
299,50,-1.593338,-1.375936
299,51,-1.592270,-1.299218
299,52,-1.589857,-1.421923
299,53,-1.576199,-1.421923
299,54,-1.562273,-1.375936
299,55,-1.560204,-1.552256
299,56,-1.555861,-1.414295
299,57,-1.555415,-1.498532
299,58,-1.559541,-1.498532
299,59,-1.562093,-1.559884
299,60,-1.572207,-1.559884
299,61,-1.575745,-1.590615
299,62,-1.570405,-1.667223
299,63,-1.558308,-1.628865
300,0,-1.606515,-1.575249
300,1,-1.593429,-1.575249
300,2,-1.584289,-1.582878
300,3,-1.584102,-1.529262
300,4,-1.589652,-1.590615
300,5,-1.588259,-1.590615
300,6,-1.581520,-1.590615
300,7,-1.577876,-1.605871
300,8,-1.569709,-1.575249
300,9,-1.569157,-1.621237
300,10,-1.555065,-1.590615
300,11,-1.516520,-1.352942
300,12,-1.535216,-1.414295
300,13,-1.523783,-1.452545
300,14,-1.531244,-1.337577
300,15,-1.541880,-1.452545
300,16,-1.546303,-1.337577
300,17,-1.569738,-1.429551
300,18,-1.602055,-1.467910
300,19,-1.613647,-1.490903
300,20,-1.618852,-1.529262
300,21,-1.626956,-1.628865
300,22,-1.651609,-1.628865
300,23,-1.656893,-1.567512
300,24,-1.648482,-1.605871
300,25,-1.644360,-1.682589
300,26,-1.643673,-1.644230
300,27,-1.648768,-1.621237
300,28,-1.654324,-1.682589
300,29,-1.657055,-1.621237
300,30,-1.666049,-1.628865
300,31,-1.672849,-1.697845
300,32,-1.665091,-1.690217
300,33,-1.659497,-1.651858
300,34,-1.649545,-1.674852
300,35,-1.637311,-1.644230
300,36,-1.632249,-1.636602
300,37,-1.614674,-1.644230
300,38,-1.612838,-1.590615
300,39,-1.618273,-1.590615
300,40,-1.616349,-1.613608
300,41,-1.626590,-1.590615
300,42,-1.637202,-1.613608
300,43,-1.644914,-1.628865
300,44,-1.648365,-1.582878
300,45,-1.652700,-1.621237
300,46,-1.676211,-1.590615
300,47,-1.680366,-1.590615
300,48,-1.670202,-1.644230
300,49,-1.661266,-1.544519
300,50,-1.661111,-1.582878
300,51,-1.668316,-1.521525
300,52,-1.672236,-1.529262
300,53,-1.674060,-1.552256
300,54,-1.675231,-1.521525
300,55,-1.672685,-1.559884
300,56,-1.665354,-1.506269
300,57,-1.659838,-1.552256
300,58,-1.652227,-1.375936
300,59,-1.621294,-1.276224
300,60,-1.637105,-1.260968
300,61,-1.622588,-1.237975
300,62,-1.617265,-1.138263
300,63,-1.623542,-1.130635
301,0,-1.188589,-1.092276
301,1,-1.198806,-0.977308
301,2,-1.208192,-1.161257
301,3,-1.216563,-1.145891
301,4,-1.235564,-1.245603
301,5,-1.254607,-1.237975
301,6,-1.260308,-1.214981
301,7,-1.260450,-1.237975
301,8,-1.263134,-1.222609
301,9,-1.281635,-1.207244
301,10,-1.294529,-1.214981
301,11,-1.299720,-1.222609
301,12,-1.314227,-1.230237
301,13,-1.330174,-1.237975
301,14,-1.341685,-1.360570
301,15,-1.356191,-1.429551
301,16,-1.361751,-1.391192
301,17,-1.372053,-1.444916
301,18,-1.367227,-1.337577
301,19,-1.366395,-1.199616
301,20,-1.374343,-1.253231
301,21,-1.380286,-1.191878
301,22,-1.385198,-1.092276
301,23,-1.396595,-1.214981
301,24,-1.396217,-1.214981
301,25,-1.400729,-1.176622
301,26,-1.413221,-1.184250
301,27,-1.432413,-1.145891
301,28,-1.449751,-1.207244
301,29,-1.452974,-1.276224
301,30,-1.458367,-1.184250
301,31,-1.466795,-1.253231
301,32,-1.473128,-1.191878
301,33,-1.477615,-1.122898
301,34,-1.482353,-1.092276
301,35,-1.493215,-1.053917
301,36,-1.503696,-1.069283
301,37,-1.505471,-1.038661
301,38,-1.501851,-1.245603
301,39,-1.511709,-1.260968
301,40,-1.518105,-1.314583
301,41,-1.521211,-1.329949
301,42,-1.504816,-1.460282
301,43,-1.493070,-1.268596
301,44,-1.503926,-1.360570
301,45,-1.511327,-1.559884
301,46,-1.509566,-1.605871
301,47,-1.513434,-1.490903
301,48,-1.514614,-1.421923
301,49,-1.516859,-1.475538
301,50,-1.517579,-1.475538
301,51,-1.524680,-1.375936
301,52,-1.533716,-1.352942
301,53,-1.541074,-1.345205
301,54,-1.539146,-1.276224
301,55,-1.536305,-1.483275
301,56,-1.533542,-1.552256
301,57,-1.531048,-1.490903
301,58,-1.529175,-1.467910
301,59,-1.527229,-1.329949
301,60,-1.527633,-1.245603
301,61,-1.525310,-1.207244
301,62,-1.522014,-1.145891
301,63,-1.524642,-1.214981
302,0,-1.253110,-1.268596
302,1,-1.267365,-1.168885
302,2,-1.268786,-1.107641
302,3,-1.259340,-1.092276
302,4,-1.269790,-1.191878
302,5,-1.278085,-1.291590
302,6,-1.271662,-1.329949
302,7,-1.274715,-1.237975
302,8,-1.268993,-1.161257
302,9,-1.276093,-1.230237
302,10,-1.285815,-1.314583
302,11,-1.293653,-1.337577
302,12,-1.298868,-1.299218
302,13,-1.306354,-1.253231
302,14,-1.309739,-1.314583
302,15,-1.314983,-1.322212
302,16,-1.319433,-1.368199
302,17,-1.325111,-1.352942
302,18,-1.317127,-1.368199
302,19,-1.316360,-1.391192
302,20,-1.322002,-1.421923
302,21,-1.327737,-1.398929
302,22,-1.325935,-1.444916
302,23,-1.329621,-1.398929
302,24,-1.332952,-1.398929
302,25,-1.343534,-1.398929
302,26,-1.339940,-1.414295
302,27,-1.328469,-1.398929
302,28,-1.333860,-1.452545
302,29,-1.328763,-1.398929
302,30,-1.315951,-1.375936
302,31,-1.317722,-1.406557
302,32,-1.313111,-1.375936
302,33,-1.318196,-1.368199
302,34,-1.326408,-1.352942
302,35,-1.335882,-1.452545
302,36,-1.342806,-1.460282
302,37,-1.355108,-1.444916
302,38,-1.356938,-1.383564
302,39,-1.356367,-1.360570
302,40,-1.361977,-1.322212
302,41,-1.375236,-1.368199
302,42,-1.371051,-1.322212
302,43,-1.368911,-1.329949
302,44,-1.382371,-1.306955
302,45,-1.396371,-1.283962
302,46,-1.397544,-1.283962
302,47,-1.396189,-1.222609
302,48,-1.396036,-1.214981
302,49,-1.405184,-1.345205
302,50,-1.403533,-1.299218
302,51,-1.388766,-1.276224
302,52,-1.383793,-1.184250
302,53,-1.379387,-1.145891
302,54,-1.367031,-1.214981
302,55,-1.368463,-1.184250
302,56,-1.361097,-1.153629
302,57,-1.360560,-1.107641
302,58,-1.365874,-1.207244
302,59,-1.365416,-1.207244
302,60,-1.363059,-1.199616
302,61,-1.362304,-1.214981
302,62,-1.361352,-1.222609
302,63,-1.362303,-1.184250
303,0,-1.215065,-1.245603
303,1,-1.210541,-1.168885
303,2,-1.201756,-1.199616
303,3,-1.196600,-1.222609
303,4,-1.205076,-1.268596
303,5,-1.213544,-1.199616
303,6,-1.218164,-1.222609
303,7,-1.224724,-1.276224
303,8,-1.228095,-1.299218
303,9,-1.237795,-1.306955
303,10,-1.233022,-1.352942
303,11,-1.212027,-1.375936
303,12,-1.206732,-1.329949
303,13,-1.203315,-1.329949
303,14,-1.197500,-1.322212
303,15,-1.188997,-1.352942
303,16,-1.180601,-1.322212
303,17,-1.190763,-1.337577
303,18,-1.206660,-1.299218
303,19,-1.216553,-1.283962
303,20,-1.222274,-1.245603
303,21,-1.230206,-1.237975
303,22,-1.234369,-1.214981
303,23,-1.234025,-1.253231
303,24,-1.234363,-1.276224
303,25,-1.233247,-1.237975
303,26,-1.230931,-1.245603
303,27,-1.229454,-1.283962
303,28,-1.234364,-1.329949
303,29,-1.238406,-1.345205
303,30,-1.243093,-1.368199
303,31,-1.248306,-1.414295
303,32,-1.251027,-1.375936
303,33,-1.257913,-1.337577
303,34,-1.251264,-1.375936
303,35,-1.234078,-1.368199
303,36,-1.230142,-1.398929
303,37,-1.229772,-1.314583
303,38,-1.222660,-1.444916
303,39,-1.215142,-1.414295
303,40,-1.215893,-1.467910
303,41,-1.231586,-1.628865
303,42,-1.244995,-1.582878
303,43,-1.251885,-1.590615
303,44,-1.258801,-1.513897
303,45,-1.264784,-1.352942
303,46,-1.268415,-1.345205
303,47,-1.266394,-1.291590
303,48,-1.262716,-1.230237
303,49,-1.251160,-1.237975
303,50,-1.241877,-1.260968
303,51,-1.232082,-1.375936
303,52,-1.232469,-1.352942
303,53,-1.236865,-1.322212
303,54,-1.241716,-1.483275
303,55,-1.248001,-1.467910
303,56,-1.249923,-1.475538
303,57,-1.252403,-1.322212
303,58,-1.241202,-1.268596
303,59,-1.216900,-1.237975
303,60,-1.214613,-1.199616
303,61,-1.212055,-1.314583
303,62,-1.205350,-1.314583
303,63,-1.193935,-1.268596
304,0,-1.267703,-1.283962
304,1,-1.281852,-1.245603
304,2,-1.293361,-1.268596
304,3,-1.299237,-1.291590
304,4,-1.312805,-1.283962
304,5,-1.324612,-1.329949
304,6,-1.324981,-1.352942
304,7,-1.321669,-1.322212
304,8,-1.317328,-1.314583
304,9,-1.318155,-1.345205
304,10,-1.320261,-1.383564
304,11,-1.323281,-1.513897
304,12,-1.333732,-1.383564
304,13,-1.339148,-1.613608
304,14,-1.343971,-1.682589
304,15,-1.347698,-1.644230
304,16,-1.345880,-1.460282
304,17,-1.345130,-1.582878
304,18,-1.330567,-1.575249
304,19,-1.308159,-1.590615
304,20,-1.304915,-1.575249
304,21,-1.306369,-1.536891
304,22,-1.304405,-1.521525
304,23,-1.302084,-1.605871
304,24,-1.307575,-1.552256
304,25,-1.323276,-1.605871
304,26,-1.341148,-1.644230
304,27,-1.348429,-1.644230
304,28,-1.358540,-1.644230
304,29,-1.366358,-1.667223
304,30,-1.368827,-1.651858
304,31,-1.368861,-1.644230
304,32,-1.373103,-1.690217
304,33,-1.379059,-1.705582
304,34,-1.380736,-1.728576
304,35,-1.383634,-1.766826
304,36,-1.392186,-1.766826
304,37,-1.395769,-1.743832
304,38,-1.398148,-1.782191
304,39,-1.404442,-1.820550
304,40,-1.409258,-1.866537
304,41,-1.409145,-1.866537
304,42,-1.389840,-1.866537
304,43,-1.369325,-1.866537
304,44,-1.371725,-1.866537
304,45,-1.376826,-1.866537
304,46,-1.380059,-1.866537
304,47,-1.384315,-1.973877
304,48,-1.392613,-2.012236
304,49,-1.403673,-1.989242
304,50,-1.416426,-1.958511
304,51,-1.417055,-1.866537
304,52,-1.425501,-1.958511
304,53,-1.434443,-2.042857
304,54,-1.436215,-2.096473
304,55,-1.433375,-2.042857
304,56,-1.432559,-2.004498
304,57,-1.435189,-2.073479
304,58,-1.434144,-2.088845
304,59,-1.432305,-2.119466
304,60,-1.439833,-2.065851
304,61,-1.444656,-2.042857
304,62,-1.451064,-2.134831
304,63,-1.451974,-2.134831
305,0,-2.109725,-2.104210
305,1,-2.104225,-2.119466
305,2,-2.095814,-2.127203
305,3,-2.078561,-2.173190
305,4,-2.065543,-2.165562
305,5,-2.067681,-2.196184
305,6,-2.066347,-2.134831
305,7,-2.065548,-2.203812
305,8,-2.065248,-2.180819
305,9,-2.067950,-2.127203
305,10,-2.064001,-2.203812
305,11,-2.055174,-2.196184
305,12,-2.042111,-2.188556
305,13,-2.026462,-2.050486
305,14,-2.025959,-2.042857
305,15,-2.025095,-2.012236
305,16,-2.014333,-2.042857
305,17,-2.007117,-2.035229
305,18,-2.009359,-2.073479
305,19,-2.004639,-2.073479
305,20,-1.997331,-2.073479
305,21,-2.004876,-2.042857
305,22,-2.016927,-1.958511
305,23,-2.004570,-2.004498
305,24,-1.984104,-1.989242
305,25,-1.962992,-1.981505
305,26,-1.952681,-1.866537
305,27,-1.939543,-2.012236
305,28,-1.925680,-1.927890
305,29,-1.915717,-1.866537
305,30,-1.912485,-1.866537
305,31,-1.910738,-1.866537
305,32,-1.916459,-1.866537
305,33,-1.922144,-1.866537
305,34,-1.916910,-1.866537
305,35,-1.903294,-1.812922
305,36,-1.896340,-1.774563
305,37,-1.892392,-1.866537
305,38,-1.890804,-1.866537
305,39,-1.880410,-1.866537
305,40,-1.873726,-1.866537
305,41,-1.876263,-1.866537
305,42,-1.885680,-1.866537
305,43,-1.883643,-1.935518
305,44,-1.881690,-1.935518
305,45,-1.894140,-1.943146
305,46,-1.925354,-2.004498
305,47,-1.936492,-2.088845
305,48,-1.929150,-2.134831
305,49,-1.917793,-2.272793
305,50,-1.919123,-2.234543
305,51,-1.917182,-2.219177
305,52,-1.911152,-2.226806
305,53,-1.916775,-2.203812
305,54,-1.929097,-2.157825
305,55,-1.942367,-2.081216
305,56,-1.946445,-2.096473
305,57,-1.952553,-1.996870
305,58,-1.941030,-1.989242
305,59,-1.928891,-1.866537
305,60,-1.931399,-1.866537
305,61,-1.931409,-1.866537
305,62,-1.938032,-1.866537
305,63,-1.925983,-1.866537
306,0,-1.888799,-1.866537
306,1,-1.882534,-1.950883
306,2,-1.880714,-1.950883
306,3,-1.879627,-1.966249
306,4,-1.879222,-1.958511
306,5,-1.875054,-2.012236
306,6,-1.868439,-1.966249
306,7,-1.863769,-1.966249
306,8,-1.861977,-1.996870
306,9,-1.854147,-2.012236
306,10,-1.843968,-2.027492
306,11,-1.834729,-1.966249
306,12,-1.821094,-1.996870
306,13,-1.811804,-1.866537
306,14,-1.816457,-1.973877
306,15,-1.829810,-1.973877
306,16,-1.832478,-1.866537
306,17,-1.835420,-1.797557
306,18,-1.836915,-1.751570
306,19,-1.834365,-1.789929
306,20,-1.829630,-1.866537
306,21,-1.833152,-1.866537
306,22,-1.835629,-1.866537
306,23,-1.831072,-1.866537
306,24,-1.822321,-1.866537
306,25,-1.817296,-1.805185
306,26,-1.819624,-1.805185
306,27,-1.824917,-1.743832
306,28,-1.831388,-1.766826
306,29,-1.833381,-1.751570
306,30,-1.842291,-1.705582
306,31,-1.844140,-1.782191
306,32,-1.843580,-1.782191
306,33,-1.840373,-1.720839
306,34,-1.833512,-1.789929
306,35,-1.826458,-1.782191
306,36,-1.825823,-1.812922
306,37,-1.830647,-1.743832
306,38,-1.839438,-1.705582
306,39,-1.844698,-1.682589
306,40,-1.849160,-1.690217
306,41,-1.860110,-1.651858
306,42,-1.869051,-1.674852
306,43,-1.871580,-1.705582
306,44,-1.873137,-1.697845
306,45,-1.879470,-1.690217
306,46,-1.893231,-1.682589
306,47,-1.897116,-1.659595
306,48,-1.892517,-1.667223
306,49,-1.889123,-1.720839
306,50,-1.898721,-1.690217
306,51,-1.910327,-1.751570
306,52,-1.912030,-1.728576
306,53,-1.912940,-1.759198
306,54,-1.917352,-1.751570
306,55,-1.920530,-1.759198
306,56,-1.920026,-1.766826
306,57,-1.918332,-1.682589
306,58,-1.904877,-1.636602
306,59,-1.893753,-1.605871
306,60,-1.885098,-1.536891
306,61,-1.882117,-1.529262
306,62,-1.887768,-1.414295
306,63,-1.886721,-1.498532
307,0,-1.477055,-1.490903
307,1,-1.481310,-1.567512
307,2,-1.484856,-1.605871
307,3,-1.485882,-1.628865
307,4,-1.489828,-1.567512
307,5,-1.488053,-1.590615
307,6,-1.482222,-1.567512
307,7,-1.478611,-1.536891
307,8,-1.483347,-1.674852
307,9,-1.488130,-1.674852
307,10,-1.495336,-1.674852
307,11,-1.496449,-1.674852
307,12,-1.497172,-1.674852
307,13,-1.502305,-1.674852
307,14,-1.506681,-1.674852
307,15,-1.512070,-1.674852
307,16,-1.514884,-1.674852
307,17,-1.517194,-1.674852
307,18,-1.506302,-1.674852
307,19,-1.498785,-1.674852
307,20,-1.498545,-1.674852
307,21,-1.495227,-1.674852
307,22,-1.496034,-1.674852
307,23,-1.498862,-1.674852
307,24,-1.491955,-1.674852
307,25,-1.495083,-1.674852
307,26,-1.498886,-1.674852
307,27,-1.498765,-1.674852
307,28,-1.501971,-1.674852
307,29,-1.501966,-1.674852
307,30,-1.501011,-1.674852
307,31,-1.497815,-1.674852
307,32,-1.502277,-1.567512
307,33,-1.507017,-1.536891
307,34,-1.512922,-1.536891
307,35,-1.520028,-1.513897
307,36,-1.526444,-1.552256
307,37,-1.534464,-1.567512
307,38,-1.536500,-1.598243
307,39,-1.540434,-1.644230
307,40,-1.548909,-1.605871
307,41,-1.557974,-1.521525
307,42,-1.551017,-1.452545
307,43,-1.542557,-1.352942
307,44,-1.542859,-1.398929
307,45,-1.540848,-1.398929
307,46,-1.542851,-1.184250
307,47,-1.548139,-1.437288
307,48,-1.541108,-1.452545
307,49,-1.540682,-1.475538
307,50,-1.545606,-1.452545
307,51,-1.547622,-1.475538
307,52,-1.547977,-1.506269
307,53,-1.545772,-1.467910
307,54,-1.537155,-1.398929
307,55,-1.529306,-1.437288
307,56,-1.530202,-1.452545
307,57,-1.531025,-1.391192
307,58,-1.529829,-1.360570
307,59,-1.528348,-1.406557
307,60,-1.525919,-1.421923
307,61,-1.529913,-1.444916
307,62,-1.530746,-1.437288
307,63,-1.530527,-1.460282
308,0,-1.442729,-1.444916
308,1,-1.445866,-1.383564
308,2,-1.434236,-1.498532
308,3,-1.414711,-1.421923
308,4,-1.407333,-1.475538
308,5,-1.394428,-1.490903
308,6,-1.376797,-1.506269
308,7,-1.372826,-1.444916
308,8,-1.365939,-1.506269
308,9,-1.365659,-1.483275
308,10,-1.371230,-1.613608
308,11,-1.367197,-1.644230
308,12,-1.360069,-1.659595
308,13,-1.350754,-1.598243
308,14,-1.341651,-1.590615
308,15,-1.337871,-1.644230
308,16,-1.334811,-1.644230
308,17,-1.333777,-1.774563
308,18,-1.330811,-1.789929
308,19,-1.329270,-1.789929
308,20,-1.330086,-1.720839
308,21,-1.337285,-1.782191
308,22,-1.345567,-1.866537
308,23,-1.348117,-1.866537
308,24,-1.343339,-1.866537
308,25,-1.337545,-1.782191
308,26,-1.320096,-1.713211
308,27,-1.298394,-1.644230
308,28,-1.287365,-1.728576
308,29,-1.272052,-1.651858
308,30,-1.254773,-1.490903
308,31,-1.249259,-1.490903
308,32,-1.238877,-1.467910
308,33,-1.234512,-1.513897
308,34,-1.235992,-1.598243
308,35,-1.238135,-1.605871
308,36,-1.239621,-1.682589
308,37,-1.237748,-1.728576
308,38,-1.232021,-1.628865
308,39,-1.233144,-1.782191
308,40,-1.237087,-1.659595
308,41,-1.238025,-1.667223
308,42,-1.233596,-1.621237
308,43,-1.231697,-1.644230
308,44,-1.235066,-1.628865
308,45,-1.241625,-1.605871
308,46,-1.250666,-1.682589
308,47,-1.252730,-1.697845
308,48,-1.248548,-1.659595
308,49,-1.242861,-1.575249
308,50,-1.230528,-1.552256
308,51,-1.210030,-1.452545
308,52,-1.200741,-1.544519
308,53,-1.195354,-1.498532
308,54,-1.181354,-1.383564
308,55,-1.173802,-1.444916
308,56,-1.167171,-1.414295
308,57,-1.168164,-1.414295
308,58,-1.169788,-1.513897
308,59,-1.168548,-1.552256
308,60,-1.168300,-1.598243
308,61,-1.161884,-1.490903
308,62,-1.158588,-1.421923
308,63,-1.162433,-1.475538
309,0,-1.428403,-1.398929
309,1,-1.438799,-1.452545
309,2,-1.445420,-1.521525
309,3,-1.436809,-1.421923
309,4,-1.390758,-1.529262
309,5,-1.405556,-1.475538
309,6,-1.418387,-1.552256
309,7,-1.436159,-1.536891
309,8,-1.429699,-1.475538
309,9,-1.429807,-1.490903
309,10,-1.412188,-1.552256
309,11,-1.390439,-1.444916
309,12,-1.376867,-1.552256
309,13,-1.361339,-1.506269
309,14,-1.341137,-1.375936
309,15,-1.329145,-1.429551
309,16,-1.318274,-1.421923
309,17,-1.321161,-1.299218
309,18,-1.328163,-1.398929
309,19,-1.329887,-1.398929
309,20,-1.318965,-1.437288
309,21,-1.315246,-1.406557
309,22,-1.319996,-1.398929
309,23,-1.331613,-1.452545
309,24,-1.346966,-1.437288
309,25,-1.361423,-1.406557
309,26,-1.372179,-1.452545
309,27,-1.372030,-1.483275
309,28,-1.355663,-1.398929
309,29,-1.375080,-1.429551
309,30,-1.398449,-1.429551
309,31,-1.412672,-1.697845
309,32,-1.399077,-1.736204
309,33,-1.397362,-1.743832
309,34,-1.384403,-1.705582
309,35,-1.375213,-1.682589
309,36,-1.366768,-1.674852
309,37,-1.365976,-1.598243
309,38,-1.349827,-1.375936
309,39,-1.336713,-1.452545
309,40,-1.336872,-1.575249
309,41,-1.346657,-1.575249
309,42,-1.349662,-1.582878
309,43,-1.359676,-1.621237
309,44,-1.356764,-1.628865
309,45,-1.342425,-1.590615
309,46,-1.338275,-1.582878
309,47,-1.339329,-1.621237
309,48,-1.349202,-1.667223
309,49,-1.363257,-1.644230
309,50,-1.383388,-1.651858
309,51,-1.371869,-1.598243
309,52,-1.368288,-1.621237
309,53,-1.383293,-1.613608
309,54,-1.396115,-1.598243
309,55,-1.409049,-1.582878
309,56,-1.403356,-1.552256
309,57,-1.402375,-1.475538
309,58,-1.383870,-1.414295
309,59,-1.332160,-1.375936
309,60,-1.331546,-1.429551
309,61,-1.324093,-1.398929
309,62,-1.309833,-1.368199
309,63,-1.307927,-1.329949
310,0,-1.417784,-1.360570
310,1,-1.418176,-1.314583
310,2,-1.424559,-1.322212
310,3,-1.425340,-1.306955
310,4,-1.433343,-1.306955
310,5,-1.426046,-1.360570
310,6,-1.407414,-1.360570
310,7,-1.400046,-1.475538
310,8,-1.393033,-1.659595
310,9,-1.395831,-1.636602
310,10,-1.392866,-1.414295
310,11,-1.386867,-1.406557
310,12,-1.369943,-1.460282
310,13,-1.376845,-1.475538
310,14,-1.392966,-1.460282
310,15,-1.396678,-1.521525
310,16,-1.373516,-1.536891
310,17,-1.366528,-1.628865
310,18,-1.361228,-1.590615
310,19,-1.354325,-1.552256
310,20,-1.345586,-1.536891
310,21,-1.329769,-1.552256
310,22,-1.305774,-1.437288
310,23,-1.313885,-1.475538
310,24,-1.327195,-1.490903
310,25,-1.324849,-1.444916
310,26,-1.333899,-1.498532
310,27,-1.343923,-1.559884
310,28,-1.349302,-1.567512
310,29,-1.335378,-1.552256
310,30,-1.299137,-1.559884
310,31,-1.292500,-1.582878
310,32,-1.278774,-1.559884
310,33,-1.287787,-1.582878
310,34,-1.281371,-1.544519
310,35,-1.273482,-1.552256
310,36,-1.272054,-1.498532
310,37,-1.277559,-1.506269
310,38,-1.291705,-1.506269
310,39,-1.296357,-1.506269
310,40,-1.288578,-1.498532
310,41,-1.281299,-1.475538
310,42,-1.265857,-1.460282
310,43,-1.244951,-1.360570
310,44,-1.245383,-1.245603
310,45,-1.223506,-1.268596
310,46,-1.204879,-1.237975
310,47,-1.209946,-1.237975
310,48,-1.219283,-1.237975
310,49,-1.219821,-1.237975
310,50,-1.237739,-1.253231
310,51,-1.237563,-1.283962
310,52,-1.240157,-1.230237
310,53,-1.234479,-1.245603
310,54,-1.223716,-1.276224
310,55,-1.220732,-1.237975
310,56,-1.211524,-1.230237
310,57,-1.223917,-1.222609
310,58,-1.220752,-1.191878
310,59,-1.210019,-1.245603
310,60,-1.216770,-1.352942
310,61,-1.231639,-1.360570
310,62,-1.260316,-1.529262
310,63,-1.269739,-1.559884
311,0,-1.517144,-1.490903
311,1,-1.513396,-1.613608
311,2,-1.502377,-1.659595
311,3,-1.485654,-1.621237
311,4,-1.471212,-1.536891
311,5,-1.447973,-1.536891
311,6,-1.418262,-1.437288
311,7,-1.415777,-1.513897
311,8,-1.419244,-1.460282
311,9,-1.435873,-1.414295
311,10,-1.456553,-1.406557
311,11,-1.469371,-1.460282
311,12,-1.470151,-1.452545
311,13,-1.460420,-1.444916
311,14,-1.451091,-1.529262
311,15,-1.445332,-1.720839
311,16,-1.438203,-1.590615
311,17,-1.446836,-1.529262
311,18,-1.456676,-1.398929
311,19,-1.465434,-1.437288
311,20,-1.464006,-1.444916
311,21,-1.476184,-1.467910
311,22,-1.499425,-1.575249
311,23,-1.507061,-1.529262
311,24,-1.495791,-1.421923
311,25,-1.478256,-1.498532
311,26,-1.460329,-1.559884
311,27,-1.436787,-1.498532
311,28,-1.418222,-1.544519
311,29,-1.393065,-1.567512
311,30,-1.360543,-1.490903
311,31,-1.357299,-1.529262
311,32,-1.354168,-1.529262
311,33,-1.360944,-1.598243
311,34,-1.375715,-1.651858
311,35,-1.390800,-1.529262
311,36,-1.394337,-1.659595
311,37,-1.392449,-1.567512
311,38,-1.390946,-1.467910
311,39,-1.398024,-1.521525
311,40,-1.403264,-1.529262
311,41,-1.414487,-1.529262
311,42,-1.420757,-1.567512
311,43,-1.432570,-1.567512
311,44,-1.437126,-1.552256
311,45,-1.451483,-1.552256
311,46,-1.478972,-1.575249
311,47,-1.499140,-1.590615
311,48,-1.499970,-1.690217
311,49,-1.493239,-1.674852
311,50,-1.487107,-1.751570
311,51,-1.470806,-1.690217
311,52,-1.458554,-1.720839
311,53,-1.442384,-1.659595
311,54,-1.422999,-1.513897
311,55,-1.420784,-1.582878
311,56,-1.423076,-1.590615
311,57,-1.434022,-1.628865
311,58,-1.450767,-1.590615
311,59,-1.460432,-1.529262
311,60,-1.462537,-1.483275
311,61,-1.453033,-1.452545
311,62,-1.443683,-1.452545
311,63,-1.442483,-1.414295
312,0,-1.443490,-1.398929
312,1,-1.448990,-1.398929
312,2,-1.449003,-1.421923
312,3,-1.451162,-1.506269
312,4,-1.460592,-1.452545
312,5,-1.472025,-1.490903
312,6,-1.480773,-1.475538
312,7,-1.488451,-1.506269
312,8,-1.487409,-1.475538
312,9,-1.487513,-1.421923
312,10,-1.480314,-1.329949
312,11,-1.461594,-1.245603
312,12,-1.454210,-1.322212
312,13,-1.435472,-1.322212
312,14,-1.412810,-1.237975
312,15,-1.409747,-1.191878
312,16,-1.407259,-1.176622
312,17,-1.413492,-1.207244
312,18,-1.424959,-1.145891
312,19,-1.431589,-1.207244
312,20,-1.432350,-1.245603
312,21,-1.433038,-1.199616
312,22,-1.436381,-1.207244
312,23,-1.441218,-1.161257
312,24,-1.445947,-1.168885
312,25,-1.452426,-1.161257
312,26,-1.456070,-1.260968
312,27,-1.460980,-1.168885
312,28,-1.470487,-1.184250
312,29,-1.480164,-1.260968
312,30,-1.492097,-1.253231
312,31,-1.505188,-1.329949
312,32,-1.509602,-1.222609
312,33,-1.512088,-1.161257
312,34,-1.506129,-1.130635
312,35,-1.492810,-1.107641
312,36,-1.490711,-1.130635
312,37,-1.476988,-1.030924
312,38,-1.454409,-1.061654
312,39,-1.456704,-1.053917
312,40,-1.462009,-1.053917
312,41,-1.470259,-1.053917
312,42,-1.478291,-1.168885
312,43,-1.484197,-1.092276
312,44,-1.485664,-1.069283
312,45,-1.481187,-1.069283
312,46,-1.481149,-1.084648
312,47,-1.484922,-1.138263
312,48,-1.486799,-1.061654
312,49,-1.486853,-1.222609
312,50,-1.488447,-1.452545
312,51,-1.489045,-1.460282
312,52,-1.494912,-1.513897
312,53,-1.506369,-1.475538
312,54,-1.517654,-1.490903
312,55,-1.526918,-1.513897
312,56,-1.521390,-1.552256
312,57,-1.514500,-1.552256
312,58,-1.501922,-1.552256
312,59,-1.482074,-1.559884
312,60,-1.480264,-1.559884
312,61,-1.465261,-1.529262
312,62,-1.440851,-1.529262
312,63,-1.440124,-1.521525
313,0,-1.522055,-1.467910
313,1,-1.522138,-1.513897
313,2,-1.520782,-1.582878
313,3,-1.517843,-1.590615
313,4,-1.516632,-1.536891
313,5,-1.515044,-1.513897
313,6,-1.506428,-1.490903
313,7,-1.505126,-1.506269
313,8,-1.504759,-1.536891
313,9,-1.503898,-1.490903
313,10,-1.504855,-1.506269
313,11,-1.506095,-1.467910
313,12,-1.504984,-1.490903
313,13,-1.503978,-1.506269
313,14,-1.508961,-1.452545
313,15,-1.515470,-1.414295
313,16,-1.512989,-1.529262
313,17,-1.510513,-1.483275
313,18,-1.504150,-1.498532
313,19,-1.494626,-1.383564
313,20,-1.488918,-1.306955
313,21,-1.474362,-1.276224
313,22,-1.456729,-1.245603
313,23,-1.452700,-1.245603
313,24,-1.458263,-1.260968
313,25,-1.469494,-1.299218
313,26,-1.479032,-1.276224
313,27,-1.483781,-1.306955
313,28,-1.489412,-1.329949
313,29,-1.492354,-1.322212
313,30,-1.493186,-1.329949
313,31,-1.496339,-1.306955
313,32,-1.498577,-1.368199
313,33,-1.497527,-1.429551
313,34,-1.499497,-1.414295
313,35,-1.506497,-1.322212
313,36,-1.510424,-1.391192
313,37,-1.515447,-1.406557
313,38,-1.522607,-1.498532
313,39,-1.532941,-1.644230
313,40,-1.531980,-1.621237
313,41,-1.525588,-1.667223
313,42,-1.515130,-1.628865
313,43,-1.500283,-1.544519
313,44,-1.491730,-1.552256
313,45,-1.473062,-1.498532
313,46,-1.454629,-1.398929
313,47,-1.451836,-1.406557
313,48,-1.458414,-1.414295
313,49,-1.471185,-1.513897
313,50,-1.484318,-1.567512
313,51,-1.493006,-1.582878
313,52,-1.501672,-1.582878
313,53,-1.508923,-1.590615
313,54,-1.509135,-1.598243
313,55,-1.513569,-1.605871
313,56,-1.517068,-1.636602
313,57,-1.517293,-1.628865
313,58,-1.517339,-1.621237
313,59,-1.522945,-1.590615
313,60,-1.531378,-1.529262
313,61,-1.539066,-1.452545
313,62,-1.548179,-1.621237
313,63,-1.564989,-1.414295
314,0,-1.432827,-1.398929
314,1,-1.434993,-1.337577
314,2,-1.429819,-1.314583
314,3,-1.412165,-1.322212
314,4,-1.404903,-1.360570
314,5,-1.381204,-1.375936
314,6,-1.347172,-1.567512
314,7,-1.340118,-1.605871
314,8,-1.342452,-1.536891
314,9,-1.350453,-1.697845
314,10,-1.371230,-1.644230
314,11,-1.385005,-1.575249
314,12,-1.391656,-1.582878
314,13,-1.385717,-1.621237
314,14,-1.385692,-1.644230
314,15,-1.392905,-1.720839
314,16,-1.396578,-1.644230
314,17,-1.402185,-1.613608
314,18,-1.404989,-1.544519
314,19,-1.406526,-1.460282
314,20,-1.411875,-1.513897
314,21,-1.424253,-1.544519
314,22,-1.441575,-1.529262
314,23,-1.448864,-1.605871
314,24,-1.449275,-1.605871
314,25,-1.440262,-1.697845
314,26,-1.428454,-1.805185
314,27,-1.403854,-1.782191
314,28,-1.393573,-1.605871
314,29,-1.367304,-1.636602
314,30,-1.334884,-1.544519
314,31,-1.327825,-1.544519
314,32,-1.330483,-1.552256
314,33,-1.339285,-1.536891
314,34,-1.353736,-1.536891
314,35,-1.367089,-1.483275
314,36,-1.372040,-1.506269
314,37,-1.367631,-1.467910
314,38,-1.363688,-1.490903
314,39,-1.368560,-1.460282
314,40,-1.374939,-1.452545
314,41,-1.377535,-1.421923
314,42,-1.379924,-1.490903
314,43,-1.380234,-1.467910
314,44,-1.384346,-1.513897
314,45,-1.391949,-1.483275
314,46,-1.405745,-1.559884
314,47,-1.415949,-1.598243
314,48,-1.409359,-1.575249
314,49,-1.394547,-1.575249
314,50,-1.377338,-1.651858
314,51,-1.346730,-1.789929
314,52,-1.329062,-1.866537
314,53,-1.304437,-1.866537
314,54,-1.274411,-1.866537
314,55,-1.265337,-1.797557
314,56,-1.270823,-1.866537
314,57,-1.280214,-1.866537
314,58,-1.296340,-1.866537
314,59,-1.309736,-1.866537
314,60,-1.316780,-1.866537
314,61,-1.314616,-1.659595
314,62,-1.310745,-1.628865
314,63,-1.320998,-1.613608
